date,premine_unlocks,circulating_supply_native
2021-07-31,"80,369,863.00","80,369,863.00"
2021-08-01,0.00,"80,369,863.00"
2021-08-02,0.00,"80,369,863.00"
2021-08-03,0.00,"80,369,863.00"
2021-08-04,0.00,"80,369,863.00"
2021-08-05,0.00,"80,369,863.00"
2021-08-06,0.00,"80,369,863.00"
2021-08-07,0.00,"80,369,863.00"
2021-08-08,0.00,"80,369,863.00"
2021-08-09,0.00,"80,369,863.00"
2021-08-10,0.00,"80,369,863.00"
2021-08-11,0.00,"80,369,863.00"
2021-08-12,0.00,"80,369,863.00"
2021-08-13,0.00,"80,369,863.00"
2021-08-14,0.00,"80,369,863.00"
2021-08-15,0.00,"80,369,863.00"
2021-08-16,0.00,"80,369,863.00"
2021-08-17,0.00,"80,369,863.00"
2021-08-18,0.00,"80,369,863.00"
2021-08-19,0.00,"80,369,863.00"
2021-08-20,0.00,"80,369,863.00"
2021-08-21,0.00,"80,369,863.00"
2021-08-22,0.00,"80,369,863.00"
2021-08-23,0.00,"80,369,863.00"
2021-08-24,0.00,"80,369,863.00"
2021-08-25,0.00,"80,369,863.00"
2021-08-26,0.00,"80,369,863.00"
2021-08-27,0.00,"80,369,863.00"
2021-08-28,0.00,"80,369,863.00"
2021-08-29,0.00,"80,369,863.00"
2021-08-30,0.00,"80,369,863.00"
2021-08-31,0.00,"80,369,863.00"
2021-09-01,0.00,"80,369,863.00"
2021-09-02,0.00,"80,369,863.00"
2021-09-03,0.00,"80,369,863.00"
2021-09-04,0.00,"80,369,863.00"
2021-09-05,0.00,"80,369,863.00"
2021-09-06,0.00,"80,369,863.00"
2021-09-07,0.00,"80,369,863.00"
2021-09-08,0.00,"80,369,863.00"
2021-09-09,0.00,"80,369,863.00"
2021-09-10,0.00,"80,369,863.00"
2021-09-11,0.00,"80,369,863.00"
2021-09-12,0.00,"80,369,863.00"
2021-09-13,0.00,"80,369,863.00"
2021-09-14,0.00,"80,369,863.00"
2021-09-15,0.00,"80,369,863.00"
2021-09-16,0.00,"80,369,863.00"
2021-09-17,0.00,"80,369,863.00"
2021-09-18,0.00,"80,369,863.00"
2021-09-19,0.00,"80,369,863.00"
2021-09-20,0.00,"80,369,863.00"
2021-09-21,0.00,"80,369,863.00"
2021-09-22,0.00,"80,369,863.00"
2021-09-23,0.00,"80,369,863.00"
2021-09-24,0.00,"80,369,863.00"
2021-09-25,0.00,"80,369,863.00"
2021-09-26,0.00,"80,369,863.00"
2021-09-27,0.00,"80,369,863.00"
2021-09-28,0.00,"80,369,863.00"
2021-09-29,0.00,"80,369,863.00"
2021-09-30,0.00,"80,369,863.00"
2021-10-01,0.00,"80,369,863.00"
2021-10-02,0.00,"80,369,863.00"
2021-10-03,0.00,"80,369,863.00"
2021-10-04,0.00,"80,369,863.00"
2021-10-05,0.00,"80,369,863.00"
2021-10-06,0.00,"80,369,863.00"
2021-10-07,"13,123,012.73","93,492,875.73"
2021-10-08,0.00,"93,492,875.73"
2021-10-09,0.00,"93,492,875.73"
2021-10-10,0.00,"93,492,875.73"
2021-10-11,0.00,"93,492,875.73"
2021-10-12,0.00,"93,492,875.73"
2021-10-13,0.00,"93,492,875.73"
2021-10-14,0.00,"93,492,875.73"
2021-10-15,0.00,"93,492,875.73"
2021-10-16,0.00,"93,492,875.73"
2021-10-17,0.00,"93,492,875.73"
2021-10-18,0.00,"93,492,875.73"
2021-10-19,0.00,"93,492,875.73"
2021-10-20,0.00,"93,492,875.73"
2021-10-21,0.00,"93,492,875.73"
2021-10-22,0.00,"93,492,875.73"
2021-10-23,0.00,"93,492,875.73"
2021-10-24,0.00,"93,492,875.73"
2021-10-25,0.00,"93,492,875.73"
2021-10-26,0.00,"93,492,875.73"
2021-10-27,0.00,"93,492,875.73"
2021-10-28,0.00,"93,492,875.73"
2021-10-29,"4,385,944.28","97,878,820.01"
2021-10-30,0.00,"97,878,820.01"
2021-10-31,0.00,"97,878,820.01"
2021-11-01,0.00,"97,878,820.01"
2021-11-02,0.00,"97,878,820.01"
2021-11-03,0.00,"97,878,820.01"
2021-11-04,0.00,"97,878,820.01"
2021-11-05,0.00,"97,878,820.01"
2021-11-06,0.00,"97,878,820.01"
2021-11-07,0.00,"97,878,820.01"
2021-11-08,0.00,"97,878,820.01"
2021-11-09,0.00,"97,878,820.01"
2021-11-10,0.00,"97,878,820.01"
2021-11-11,0.00,"97,878,820.01"
2021-11-12,0.00,"97,878,820.01"
2021-11-13,0.00,"97,878,820.01"
2021-11-14,0.00,"97,878,820.01"
2021-11-15,0.00,"97,878,820.01"
2021-11-16,0.00,"97,878,820.01"
2021-11-17,0.00,"97,878,820.01"
2021-11-18,0.00,"97,878,820.01"
2021-11-19,0.00,"97,878,820.01"
2021-11-20,0.00,"97,878,820.01"
2021-11-21,0.00,"97,878,820.01"
2021-11-22,0.00,"97,878,820.01"
2021-11-23,0.00,"97,878,820.01"
2021-11-24,0.00,"97,878,820.01"
2021-11-25,0.00,"97,878,820.01"
2021-11-26,0.00,"97,878,820.01"
2021-11-27,0.00,"97,878,820.01"
2021-11-28,0.00,"97,878,820.01"
2021-11-29,0.00,"97,878,820.01"
2021-11-30,0.00,"97,878,820.01"
2021-12-01,0.00,"97,878,820.01"
2021-12-02,0.00,"97,878,820.01"
2021-12-03,0.00,"97,878,820.01"
2021-12-04,0.00,"97,878,820.01"
2021-12-05,0.00,"97,878,820.01"
2021-12-06,0.00,"97,878,820.01"
2021-12-07,0.00,"97,878,820.01"
2021-12-08,0.00,"97,878,820.01"
2021-12-09,0.00,"97,878,820.01"
2021-12-10,0.00,"97,878,820.01"
2021-12-11,0.00,"97,878,820.01"
2021-12-12,0.00,"97,878,820.01"
2021-12-13,0.00,"97,878,820.01"
2021-12-14,0.00,"97,878,820.01"
2021-12-15,0.00,"97,878,820.01"
2021-12-16,0.00,"97,878,820.01"
2021-12-17,0.00,"97,878,820.01"
2021-12-18,0.00,"97,878,820.01"
2021-12-19,0.00,"97,878,820.01"
2021-12-20,0.00,"97,878,820.01"
2021-12-21,0.00,"97,878,820.01"
2021-12-22,0.00,"97,878,820.01"
2021-12-23,0.00,"97,878,820.01"
2021-12-24,0.00,"97,878,820.01"
2021-12-25,0.00,"97,878,820.01"
2021-12-26,0.00,"97,878,820.01"
2021-12-27,0.00,"97,878,820.01"
2021-12-28,0.00,"97,878,820.01"
2021-12-29,0.00,"97,878,820.01"
2021-12-30,0.00,"97,878,820.01"
2021-12-31,0.00,"97,878,820.01"
2022-01-01,0.00,"97,878,820.01"
2022-01-02,0.00,"97,878,820.01"
2022-01-03,0.00,"97,878,820.01"
2022-01-04,0.00,"97,878,820.01"
2022-01-05,0.00,"97,878,820.01"
2022-01-06,0.00,"97,878,820.01"
2022-01-07,0.00,"97,878,820.01"
2022-01-08,"14,407,319.92","112,286,139.93"
2022-01-09,0.00,"112,286,139.93"
2022-01-10,0.00,"112,286,139.93"
2022-01-11,0.00,"112,286,139.93"
2022-01-12,0.00,"112,286,139.93"
2022-01-13,0.00,"112,286,139.93"
2022-01-14,0.00,"112,286,139.93"
2022-01-15,0.00,"112,286,139.93"
2022-01-16,0.00,"112,286,139.93"
2022-01-17,0.00,"112,286,139.93"
2022-01-18,0.00,"112,286,139.93"
2022-01-19,0.00,"112,286,139.93"
2022-01-20,0.00,"112,286,139.93"
2022-01-21,0.00,"112,286,139.93"
2022-01-22,0.00,"112,286,139.93"
2022-01-23,0.00,"112,286,139.93"
2022-01-24,0.00,"112,286,139.93"
2022-01-25,0.00,"112,286,139.93"
2022-01-26,0.00,"112,286,139.93"
2022-01-27,0.00,"112,286,139.93"
2022-01-28,0.00,"112,286,139.93"
2022-01-29,0.00,"112,286,139.93"
2022-01-30,0.00,"112,286,139.93"
2022-01-31,0.00,"112,286,139.93"
2022-02-01,0.00,"112,286,139.93"
2022-02-02,0.00,"112,286,139.93"
2022-02-03,0.00,"112,286,139.93"
2022-02-04,0.00,"112,286,139.93"
2022-02-05,0.00,"112,286,139.93"
2022-02-06,0.00,"112,286,139.93"
2022-02-07,0.00,"112,286,139.93"
2022-02-08,0.00,"112,286,139.93"
2022-02-09,0.00,"112,286,139.93"
2022-02-10,0.00,"112,286,139.93"
2022-02-11,0.00,"112,286,139.93"
2022-02-12,0.00,"112,286,139.93"
2022-02-13,0.00,"112,286,139.93"
2022-02-14,0.00,"112,286,139.93"
2022-02-15,0.00,"112,286,139.93"
2022-02-16,0.00,"112,286,139.93"
2022-02-17,0.00,"112,286,139.93"
2022-02-18,0.00,"112,286,139.93"
2022-02-19,0.00,"112,286,139.93"
2022-02-20,0.00,"112,286,139.93"
2022-02-21,0.00,"112,286,139.93"
2022-02-22,"5,548,581.00","117,834,720.93"
2022-02-23,0.00,"117,834,720.93"
2022-02-24,0.00,"117,834,720.93"
2022-02-25,0.00,"117,834,720.93"
2022-02-26,0.00,"117,834,720.93"
2022-02-27,0.00,"117,834,720.93"
2022-02-28,0.00,"117,834,720.93"
2022-03-01,0.00,"117,834,720.93"
2022-03-02,0.00,"117,834,720.93"
2022-03-03,0.00,"117,834,720.93"
2022-03-04,0.00,"117,834,720.93"
2022-03-05,0.00,"117,834,720.93"
2022-03-06,0.00,"117,834,720.93"
2022-03-07,0.00,"117,834,720.93"
2022-03-08,0.00,"117,834,720.93"
2022-03-09,0.00,"117,834,720.93"
2022-03-10,0.00,"117,834,720.93"
2022-03-11,0.00,"117,834,720.93"
2022-03-12,0.00,"117,834,720.93"
2022-03-13,0.00,"117,834,720.93"
2022-03-14,0.00,"117,834,720.93"
2022-03-15,0.00,"117,834,720.93"
2022-03-16,0.00,"117,834,720.93"
2022-03-17,0.00,"117,834,720.93"
2022-03-18,0.00,"117,834,720.93"
2022-03-19,0.00,"117,834,720.93"
2022-03-20,0.00,"117,834,720.93"
2022-03-21,0.00,"117,834,720.93"
2022-03-22,0.00,"117,834,720.93"
2022-03-23,0.00,"117,834,720.93"
2022-03-24,"15,212,247.33","133,046,968.26"
2022-03-25,0.00,"133,046,968.26"
2022-03-26,0.00,"133,046,968.26"
2022-03-27,0.00,"133,046,968.26"
2022-03-28,0.00,"133,046,968.26"
2022-03-29,0.00,"133,046,968.26"
2022-03-30,0.00,"133,046,968.26"
2022-03-31,0.00,"133,046,968.26"
2022-04-01,0.00,"133,046,968.26"
2022-04-02,0.00,"133,046,968.26"
2022-04-03,0.00,"133,046,968.26"
2022-04-04,0.00,"133,046,968.26"
2022-04-05,0.00,"133,046,968.26"
2022-04-06,0.00,"133,046,968.26"
2022-04-07,0.00,"133,046,968.26"
2022-04-08,0.00,"133,046,968.26"
2022-04-09,0.00,"133,046,968.26"
2022-04-10,0.00,"133,046,968.26"
2022-04-11,0.00,"133,046,968.26"
2022-04-12,0.00,"133,046,968.26"
2022-04-13,0.00,"133,046,968.26"
2022-04-14,0.00,"133,046,968.26"
2022-04-15,0.00,"133,046,968.26"
2022-04-16,0.00,"133,046,968.26"
2022-04-17,0.00,"133,046,968.26"
2022-04-18,0.00,"133,046,968.26"
2022-04-19,0.00,"133,046,968.26"
2022-04-20,0.00,"133,046,968.26"
2022-04-21,0.00,"133,046,968.26"
2022-04-22,0.00,"133,046,968.26"
2022-04-23,0.00,"133,046,968.26"
2022-04-24,0.00,"133,046,968.26"
2022-04-25,0.00,"133,046,968.26"
2022-04-26,0.00,"133,046,968.26"
2022-04-27,0.00,"133,046,968.26"
2022-04-28,0.00,"133,046,968.26"
2022-04-29,0.00,"133,046,968.26"
2022-04-30,0.00,"133,046,968.26"
2022-05-01,0.00,"133,046,968.26"
2022-05-02,0.00,"133,046,968.26"
2022-05-03,0.00,"133,046,968.26"
2022-05-04,0.00,"133,046,968.26"
2022-05-05,0.00,"133,046,968.26"
2022-05-06,0.00,"133,046,968.26"
2022-05-07,0.00,"133,046,968.26"
2022-05-08,0.00,"133,046,968.26"
2022-05-09,0.00,"133,046,968.26"
2022-05-10,0.00,"133,046,968.26"
2022-05-11,0.00,"133,046,968.26"
2022-05-12,0.00,"133,046,968.26"
2022-05-13,0.00,"133,046,968.26"
2022-05-14,0.00,"133,046,968.26"
2022-05-15,0.00,"133,046,968.26"
2022-05-16,0.00,"133,046,968.26"
2022-05-17,0.00,"133,046,968.26"
2022-05-18,0.00,"133,046,968.26"
2022-05-19,0.00,"133,046,968.26"
2022-05-20,0.00,"133,046,968.26"
2022-05-21,0.00,"133,046,968.26"
2022-05-22,0.00,"133,046,968.26"
2022-05-23,0.00,"133,046,968.26"
2022-05-24,0.00,"133,046,968.26"
2022-05-25,0.00,"133,046,968.26"
2022-05-26,0.00,"133,046,968.26"
2022-05-27,0.00,"133,046,968.26"
2022-05-28,0.00,"133,046,968.26"
2022-05-29,0.00,"133,046,968.26"
2022-05-30,0.00,"133,046,968.26"
2022-05-31,0.00,"133,046,968.26"
2022-06-01,0.00,"133,046,968.26"
2022-06-02,0.00,"133,046,968.26"
2022-06-03,0.00,"133,046,968.26"
2022-06-04,0.00,"133,046,968.26"
2022-06-05,0.00,"133,046,968.26"
2022-06-06,0.00,"133,046,968.26"
2022-06-07,0.00,"133,046,968.26"
2022-06-08,0.00,"133,046,968.26"
2022-06-09,0.00,"133,046,968.26"
2022-06-10,0.00,"133,046,968.26"
2022-06-11,0.00,"133,046,968.26"
2022-06-12,0.00,"133,046,968.26"
2022-06-13,0.00,"133,046,968.26"
2022-06-14,0.00,"133,046,968.26"
2022-06-15,0.00,"133,046,968.26"
2022-06-16,"16,939,328.90","149,986,297.16"
2022-06-17,0.00,"149,986,297.16"
2022-06-18,0.00,"149,986,297.16"
2022-06-19,0.00,"149,986,297.16"
2022-06-20,0.00,"149,986,297.16"
2022-06-21,0.00,"149,986,297.16"
2022-06-22,0.00,"149,986,297.16"
2022-06-23,0.00,"149,986,297.16"
2022-06-24,0.00,"149,986,297.16"
2022-06-25,0.00,"149,986,297.16"
2022-06-26,0.00,"149,986,297.16"
2022-06-27,0.00,"149,986,297.16"
2022-06-28,0.00,"149,986,297.16"
2022-06-29,0.00,"149,986,297.16"
2022-06-30,0.00,"149,986,297.16"
2022-07-01,0.00,"149,986,297.16"
2022-07-02,0.00,"149,986,297.16"
2022-07-03,0.00,"149,986,297.16"
2022-07-04,0.00,"149,986,297.16"
2022-07-05,0.00,"149,986,297.16"
2022-07-06,0.00,"149,986,297.16"
2022-07-07,0.00,"149,986,297.16"
2022-07-08,0.00,"149,986,297.16"
2022-07-09,0.00,"149,986,297.16"
2022-07-10,0.00,"149,986,297.16"
2022-07-11,0.00,"149,986,297.16"
2022-07-12,0.00,"149,986,297.16"
2022-07-13,0.00,"149,986,297.16"
2022-07-14,0.00,"149,986,297.16"
2022-07-15,0.00,"149,986,297.16"
2022-07-16,0.00,"149,986,297.16"
2022-07-17,0.00,"149,986,297.16"
2022-07-18,0.00,"149,986,297.16"
2022-07-19,0.00,"149,986,297.16"
2022-07-20,0.00,"149,986,297.16"
2022-07-21,0.00,"149,986,297.16"
2022-07-22,0.00,"149,986,297.16"
2022-07-23,0.00,"149,986,297.16"
2022-07-24,0.00,"149,986,297.16"
2022-07-25,0.00,"149,986,297.16"
2022-07-26,0.00,"149,986,297.16"
2022-07-27,0.00,"149,986,297.16"
2022-07-28,0.00,"149,986,297.16"
2022-07-29,0.00,"149,986,297.16"
2022-07-30,0.00,"149,986,297.16"
2022-07-31,0.00,"149,986,297.16"
2022-08-01,0.00,"149,986,297.16"
2022-08-02,0.00,"149,986,297.16"
2022-08-03,0.00,"149,986,297.16"
2022-08-04,0.00,"149,986,297.16"
2022-08-05,0.00,"149,986,297.16"
2022-08-06,0.00,"149,986,297.16"
2022-08-07,0.00,"149,986,297.16"
2022-08-08,0.00,"149,986,297.16"
2022-08-09,0.00,"149,986,297.16"
2022-08-10,0.00,"149,986,297.16"
2022-08-11,0.00,"149,986,297.16"
2022-08-12,0.00,"149,986,297.16"
2022-08-13,0.00,"149,986,297.16"
2022-08-14,0.00,"149,986,297.16"
2022-08-15,0.00,"149,986,297.16"
2022-08-16,0.00,"149,986,297.16"
2022-08-17,0.00,"149,986,297.16"
2022-08-18,0.00,"149,986,297.16"
2022-08-19,0.00,"149,986,297.16"
2022-08-20,0.00,"149,986,297.16"
2022-08-21,0.00,"149,986,297.16"
2022-08-22,0.00,"149,986,297.16"
2022-08-23,0.00,"149,986,297.16"
2022-08-24,0.00,"149,986,297.16"
2022-08-25,0.00,"149,986,297.16"
2022-08-26,0.00,"149,986,297.16"
2022-08-27,0.00,"149,986,297.16"
2022-08-28,0.00,"149,986,297.16"
2022-08-29,0.00,"149,986,297.16"
2022-08-30,0.00,"149,986,297.16"
2022-08-31,0.00,"149,986,297.16"
2022-09-01,0.00,"149,986,297.16"
2022-09-02,0.00,"149,986,297.16"
2022-09-03,0.00,"149,986,297.16"
2022-09-04,0.00,"149,986,297.16"
2022-09-05,0.00,"149,986,297.16"
2022-09-06,0.00,"149,986,297.16"
2022-09-07,"16,840,995.25","166,827,292.41"
2022-09-08,0.00,"166,827,292.41"
2022-09-09,0.00,"166,827,292.41"
2022-09-10,0.00,"166,827,292.41"
2022-09-11,0.00,"166,827,292.41"
2022-09-12,0.00,"166,827,292.41"
2022-09-13,0.00,"166,827,292.41"
2022-09-14,0.00,"166,827,292.41"
2022-09-15,0.00,"166,827,292.41"
2022-09-16,0.00,"166,827,292.41"
2022-09-17,0.00,"166,827,292.41"
2022-09-18,0.00,"166,827,292.41"
2022-09-19,0.00,"166,827,292.41"
2022-09-20,0.00,"166,827,292.41"
2022-09-21,0.00,"166,827,292.41"
2022-09-22,0.00,"166,827,292.41"
2022-09-23,0.00,"166,827,292.41"
2022-09-24,0.00,"166,827,292.41"
2022-09-25,0.00,"166,827,292.41"
2022-09-26,0.00,"166,827,292.41"
2022-09-27,0.00,"166,827,292.41"
2022-09-28,0.00,"166,827,292.41"
2022-09-29,0.00,"166,827,292.41"
2022-09-30,0.00,"166,827,292.41"
2022-10-01,0.00,"166,827,292.41"
2022-10-02,0.00,"166,827,292.41"
2022-10-03,0.00,"166,827,292.41"
2022-10-04,0.00,"166,827,292.41"
2022-10-05,0.00,"166,827,292.41"
2022-10-06,0.00,"166,827,292.41"
2022-10-07,0.00,"166,827,292.41"
2022-10-08,0.00,"166,827,292.41"
2022-10-09,0.00,"166,827,292.41"
2022-10-10,0.00,"166,827,292.41"
2022-10-11,0.00,"166,827,292.41"
2022-10-12,0.00,"166,827,292.41"
2022-10-13,0.00,"166,827,292.41"
2022-10-14,"6,408,919.14","173,236,211.55"
2022-10-15,0.00,"173,236,211.55"
2022-10-16,0.00,"173,236,211.55"
2022-10-17,0.00,"173,236,211.55"
2022-10-18,0.00,"173,236,211.55"
2022-10-19,0.00,"173,236,211.55"
2022-10-20,0.00,"173,236,211.55"
2022-10-21,0.00,"173,236,211.55"
2022-10-22,0.00,"173,236,211.55"
2022-10-23,0.00,"173,236,211.55"
2022-10-24,0.00,"173,236,211.55"
2022-10-25,0.00,"173,236,211.55"
2022-10-26,0.00,"173,236,211.55"
2022-10-27,0.00,"173,236,211.55"
2022-10-28,0.00,"173,236,211.55"
2022-10-29,0.00,"173,236,211.55"
2022-10-30,0.00,"173,236,211.55"
2022-10-31,0.00,"173,236,211.55"
2022-11-01,0.00,"173,236,211.55"
2022-11-02,0.00,"173,236,211.55"
2022-11-03,0.00,"173,236,211.55"
2022-11-04,0.00,"173,236,211.55"
2022-11-05,0.00,"173,236,211.55"
2022-11-06,0.00,"173,236,211.55"
2022-11-07,0.00,"173,236,211.55"
2022-11-08,0.00,"173,236,211.55"
2022-11-09,0.00,"173,236,211.55"
2022-11-10,0.00,"173,236,211.55"
2022-11-11,0.00,"173,236,211.55"
2022-11-12,0.00,"173,236,211.55"
2022-11-13,0.00,"173,236,211.55"
2022-11-14,0.00,"173,236,211.55"
2022-11-15,0.00,"173,236,211.55"
2022-11-16,0.00,"173,236,211.55"
2022-11-17,0.00,"173,236,211.55"
2022-11-18,0.00,"173,236,211.55"
2022-11-19,0.00,"173,236,211.55"
2022-11-20,0.00,"173,236,211.55"
2022-11-21,0.00,"173,236,211.55"
2022-11-22,0.00,"173,236,211.55"
2022-11-23,0.00,"173,236,211.55"
2022-11-24,0.00,"173,236,211.55"
2022-11-25,0.00,"173,236,211.55"
2022-11-26,0.00,"173,236,211.55"
2022-11-27,0.00,"173,236,211.55"
2022-11-28,0.00,"173,236,211.55"
2022-11-29,0.00,"173,236,211.55"
2022-11-30,0.00,"173,236,211.55"
2022-12-01,0.00,"173,236,211.55"
2022-12-02,0.00,"173,236,211.55"
2022-12-03,0.00,"173,236,211.55"
2022-12-04,0.00,"173,236,211.55"
2022-12-05,0.00,"173,236,211.55"
2022-12-06,0.00,"173,236,211.55"
2022-12-07,0.00,"173,236,211.55"
2022-12-08,0.00,"173,236,211.55"
2022-12-09,0.00,"173,236,211.55"
2022-12-10,0.00,"173,236,211.55"
2022-12-11,0.00,"173,236,211.55"
2022-12-12,0.00,"173,236,211.55"
2022-12-13,"19,668,265.26","192,904,476.81"
2022-12-14,0.00,"192,904,476.81"
2022-12-15,0.00,"192,904,476.81"
2022-12-16,0.00,"192,904,476.81"
2022-12-17,0.00,"192,904,476.81"
2022-12-18,0.00,"192,904,476.81"
2022-12-19,0.00,"192,904,476.81"
2022-12-20,0.00,"192,904,476.81"
2022-12-21,"1,854,820.80","194,759,297.61"
2022-12-22,0.00,"194,759,297.61"
2022-12-23,0.00,"194,759,297.61"
2022-12-24,0.00,"194,759,297.61"
2022-12-25,0.00,"194,759,297.61"
2022-12-26,0.00,"194,759,297.61"
2022-12-27,0.00,"194,759,297.61"
2022-12-28,0.00,"194,759,297.61"
2022-12-29,0.00,"194,759,297.61"
2022-12-30,0.00,"194,759,297.61"
2022-12-31,0.00,"194,759,297.61"
2023-01-01,0.00,"194,759,297.61"
2023-01-02,0.00,"194,759,297.61"
2023-01-03,0.00,"194,759,297.61"
2023-01-04,0.00,"194,759,297.61"
2023-01-05,0.00,"194,759,297.61"
2023-01-06,0.00,"194,759,297.61"
2023-01-07,0.00,"194,759,297.61"
2023-01-08,0.00,"194,759,297.61"
2023-01-09,0.00,"194,759,297.61"
2023-01-10,0.00,"194,759,297.61"
2023-01-11,0.00,"194,759,297.61"
2023-01-12,0.00,"194,759,297.61"
2023-01-13,0.00,"194,759,297.61"
2023-01-14,0.00,"194,759,297.61"
2023-01-15,0.00,"194,759,297.61"
2023-01-16,0.00,"194,759,297.61"
2023-01-17,0.00,"194,759,297.61"
2023-01-18,0.00,"194,759,297.61"
2023-01-19,0.00,"194,759,297.61"
2023-01-20,0.00,"194,759,297.61"
2023-01-21,0.00,"194,759,297.61"
2023-01-22,0.00,"194,759,297.61"
2023-01-23,0.00,"194,759,297.61"
2023-01-24,0.00,"194,759,297.61"
2023-01-25,0.00,"194,759,297.61"
2023-01-26,0.00,"194,759,297.61"
2023-01-27,0.00,"194,759,297.61"
2023-01-28,0.00,"194,759,297.61"
2023-01-29,0.00,"194,759,297.61"
2023-01-30,0.00,"194,759,297.61"
2023-01-31,0.00,"194,759,297.61"
2023-02-01,0.00,"194,759,297.61"
2023-02-02,0.00,"194,759,297.61"
2023-02-03,0.00,"194,759,297.61"
2023-02-04,0.00,"194,759,297.61"
2023-02-05,0.00,"194,759,297.61"
2023-02-06,0.00,"194,759,297.61"
2023-02-07,0.00,"194,759,297.61"
2023-02-08,0.00,"194,759,297.61"
2023-02-09,0.00,"194,759,297.61"
2023-02-10,0.00,"194,759,297.61"
2023-02-11,0.00,"194,759,297.61"
2023-02-12,0.00,"194,759,297.61"
2023-02-13,0.00,"194,759,297.61"
2023-02-14,0.00,"194,759,297.61"
2023-02-15,0.00,"194,759,297.61"
2023-02-16,0.00,"194,759,297.61"
2023-02-17,"14,933,480.12","209,692,777.73"
2023-02-18,0.00,"209,692,777.73"
2023-02-19,0.00,"209,692,777.73"
2023-02-20,0.00,"209,692,777.73"
2023-02-21,0.00,"209,692,777.73"
2023-02-22,0.00,"209,692,777.73"
2023-02-23,0.00,"209,692,777.73"
2023-02-24,0.00,"209,692,777.73"
2023-02-25,0.00,"209,692,777.73"
2023-02-26,0.00,"209,692,777.73"
2023-02-27,0.00,"209,692,777.73"
2023-02-28,0.00,"209,692,777.73"
2023-03-01,0.00,"209,692,777.73"
2023-03-02,0.00,"209,692,777.73"
2023-03-03,0.00,"209,692,777.73"
2023-03-04,0.00,"209,692,777.73"
2023-03-05,0.00,"209,692,777.73"
2023-03-06,0.00,"209,692,777.73"
2023-03-07,0.00,"209,692,777.73"
2023-03-08,0.00,"209,692,777.73"
2023-03-09,0.00,"209,692,777.73"
2023-03-10,0.00,"209,692,777.73"
2023-03-11,0.00,"209,692,777.73"
2023-03-12,0.00,"209,692,777.73"
2023-03-13,0.00,"209,692,777.73"
2023-03-14,0.00,"209,692,777.73"
2023-03-15,0.00,"209,692,777.73"
2023-03-16,0.00,"209,692,777.73"
2023-03-17,0.00,"209,692,777.73"
2023-03-18,0.00,"209,692,777.73"
2023-03-19,0.00,"209,692,777.73"
2023-03-20,0.00,"209,692,777.73"
2023-03-21,0.00,"209,692,777.73"
2023-03-22,0.00,"209,692,777.73"
2023-03-23,"6,813,186.02","216,505,963.75"
2023-03-24,0.00,"216,505,963.75"
2023-03-25,0.00,"216,505,963.75"
2023-03-26,0.00,"216,505,963.75"
2023-03-27,0.00,"216,505,963.75"
2023-03-28,0.00,"216,505,963.75"
2023-03-29,0.00,"216,505,963.75"
2023-03-30,0.00,"216,505,963.75"
2023-03-31,0.00,"216,505,963.75"
2023-04-01,0.00,"216,505,963.75"
2023-04-02,0.00,"216,505,963.75"
2023-04-03,0.00,"216,505,963.75"
2023-04-04,0.00,"216,505,963.75"
2023-04-05,0.00,"216,505,963.75"
2023-04-06,0.00,"216,505,963.75"
2023-04-07,0.00,"216,505,963.75"
2023-04-08,0.00,"216,505,963.75"
2023-04-09,0.00,"216,505,963.75"
2023-04-10,0.00,"216,505,963.75"
2023-04-11,0.00,"216,505,963.75"
2023-04-12,0.00,"216,505,963.75"
2023-04-13,0.00,"216,505,963.75"
2023-04-14,0.00,"216,505,963.75"
2023-04-15,0.00,"216,505,963.75"
2023-04-16,0.00,"216,505,963.75"
2023-04-17,0.00,"216,505,963.75"
2023-04-18,0.00,"216,505,963.75"
2023-04-19,0.00,"216,505,963.75"
2023-04-20,0.00,"216,505,963.75"
2023-04-21,0.00,"216,505,963.75"
2023-04-22,0.00,"216,505,963.75"
2023-04-23,0.00,"216,505,963.75"
2023-04-24,0.00,"216,505,963.75"
2023-04-25,0.00,"216,505,963.75"
2023-04-26,0.00,"216,505,963.75"
2023-04-27,0.00,"216,505,963.75"
2023-04-28,0.00,"216,505,963.75"
2023-04-29,0.00,"216,505,963.75"
2023-04-30,0.00,"216,505,963.75"
2023-05-01,0.00,"216,505,963.75"
2023-05-02,0.00,"216,505,963.75"
2023-05-03,0.00,"216,505,963.75"
2023-05-04,0.00,"216,505,963.75"
2023-05-05,0.00,"216,505,963.75"
2023-05-06,0.00,"216,505,963.75"
2023-05-07,0.00,"216,505,963.75"
2023-05-08,0.00,"216,505,963.75"
2023-05-09,0.00,"216,505,963.75"
2023-05-10,0.00,"216,505,963.75"
2023-05-11,0.00,"216,505,963.75"
2023-05-12,0.00,"216,505,963.75"
2023-05-13,0.00,"216,505,963.75"
2023-05-14,0.00,"216,505,963.75"
2023-05-15,0.00,"216,505,963.75"
2023-05-16,0.00,"216,505,963.75"
2023-05-17,0.00,"216,505,963.75"
2023-05-18,0.00,"216,505,963.75"
2023-05-19,0.00,"216,505,963.75"
2023-05-20,0.00,"216,505,963.75"
2023-05-21,0.00,"216,505,963.75"
2023-05-22,0.00,"216,505,963.75"
2023-05-23,0.00,"216,505,963.75"
2023-05-24,0.00,"216,505,963.75"
2023-05-25,0.00,"216,505,963.75"
2023-05-26,0.00,"216,505,963.75"
2023-05-27,0.00,"216,505,963.75"
2023-05-28,0.00,"216,505,963.75"
2023-05-29,0.00,"216,505,963.75"
2023-05-30,0.00,"216,505,963.75"
2023-05-31,0.00,"216,505,963.75"
2023-06-01,0.00,"216,505,963.75"
2023-06-02,0.00,"216,505,963.75"
2023-06-03,0.00,"216,505,963.75"
2023-06-04,0.00,"216,505,963.75"
2023-06-05,0.00,"216,505,963.75"
2023-06-06,0.00,"216,505,963.75"
2023-06-07,0.00,"216,505,963.75"
2023-06-08,0.00,"216,505,963.75"
2023-06-09,0.00,"216,505,963.75"
2023-06-10,0.00,"216,505,963.75"
2023-06-11,0.00,"216,505,963.75"
2023-06-12,0.00,"216,505,963.75"
2023-06-13,0.00,"216,505,963.75"
2023-06-14,0.00,"216,505,963.75"
2023-06-15,"20,261,833.42","236,767,797.17"
2023-06-16,0.00,"236,767,797.17"
2023-06-17,0.00,"236,767,797.17"
2023-06-18,0.00,"236,767,797.17"
2023-06-19,0.00,"236,767,797.17"
2023-06-20,0.00,"236,767,797.17"
2023-06-21,0.00,"236,767,797.17"
2023-06-22,0.00,"236,767,797.17"
2023-06-23,0.00,"236,767,797.17"
2023-06-24,0.00,"236,767,797.17"
2023-06-25,0.00,"236,767,797.17"
2023-06-26,0.00,"236,767,797.17"
2023-06-27,0.00,"236,767,797.17"
2023-06-28,0.00,"236,767,797.17"
2023-06-29,0.00,"236,767,797.17"
2023-06-30,0.00,"236,767,797.17"
2023-07-01,0.00,"236,767,797.17"
2023-07-02,0.00,"236,767,797.17"
2023-07-03,0.00,"236,767,797.17"
2023-07-04,0.00,"236,767,797.17"
2023-07-05,0.00,"236,767,797.17"
2023-07-06,"4,293,627.18","241,061,424.35"
2023-07-07,0.00,"241,061,424.35"
2023-07-08,0.00,"241,061,424.35"
2023-07-09,0.00,"241,061,424.35"
2023-07-10,0.00,"241,061,424.35"
2023-07-11,"718,776.62","241,780,200.97"
2023-07-12,0.00,"241,780,200.97"
2023-07-13,0.00,"241,780,200.97"
2023-07-14,0.00,"241,780,200.97"
2023-07-15,0.00,"241,780,200.97"
2023-07-16,0.00,"241,780,200.97"
2023-07-17,0.00,"241,780,200.97"
2023-07-18,0.00,"241,780,200.97"
2023-07-19,0.00,"241,780,200.97"
2023-07-20,0.00,"241,780,200.97"
2023-07-21,0.00,"241,780,200.97"
2023-07-22,0.00,"241,780,200.97"
2023-07-23,0.00,"241,780,200.97"
2023-07-24,0.00,"241,780,200.97"
2023-07-25,0.00,"241,780,200.97"
2023-07-26,0.00,"241,780,200.97"
2023-07-27,0.00,"241,780,200.97"
2023-07-28,0.00,"241,780,200.97"
2023-07-29,0.00,"241,780,200.97"
2023-07-30,0.00,"241,780,200.97"
2023-07-31,0.00,"241,780,200.97"
2023-08-01,0.00,"241,780,200.97"
2023-08-02,0.00,"241,780,200.97"
2023-08-03,0.00,"241,780,200.97"
2023-08-04,0.00,"241,780,200.97"
2023-08-05,0.00,"241,780,200.97"
2023-08-06,0.00,"241,780,200.97"
2023-08-07,0.00,"241,780,200.97"
2023-08-08,0.00,"241,780,200.97"
2023-08-09,0.00,"241,780,200.97"
2023-08-10,0.00,"241,780,200.97"
2023-08-11,0.00,"241,780,200.97"
2023-08-12,0.00,"241,780,200.97"
2023-08-13,0.00,"241,780,200.97"
2023-08-14,0.00,"241,780,200.97"
2023-08-15,0.00,"241,780,200.97"
2023-08-16,0.00,"241,780,200.97"
2023-08-17,0.00,"241,780,200.97"
2023-08-18,0.00,"241,780,200.97"
2023-08-19,0.00,"241,780,200.97"
2023-08-20,0.00,"241,780,200.97"
2023-08-21,0.00,"241,780,200.97"
2023-08-22,0.00,"241,780,200.97"
2023-08-23,0.00,"241,780,200.97"
2023-08-24,0.00,"241,780,200.97"
2023-08-25,0.00,"241,780,200.97"
2023-08-26,0.00,"241,780,200.97"
2023-08-27,0.00,"241,780,200.97"
2023-08-28,0.00,"241,780,200.97"
2023-08-29,0.00,"241,780,200.97"
2023-08-30,0.00,"241,780,200.97"
2023-08-31,0.00,"241,780,200.97"
2023-09-01,0.00,"241,780,200.97"
2023-09-02,0.00,"241,780,200.97"
2023-09-03,0.00,"241,780,200.97"
2023-09-04,0.00,"241,780,200.97"
2023-09-05,0.00,"241,780,200.97"
2023-09-06,0.00,"241,780,200.97"
2023-09-07,0.00,"241,780,200.97"
2023-09-08,0.00,"241,780,200.97"
2023-09-09,0.00,"241,780,200.97"
2023-09-10,0.00,"241,780,200.97"
2023-09-11,0.00,"241,780,200.97"
2023-09-12,0.00,"241,780,200.97"
2023-09-13,0.00,"241,780,200.97"
2023-09-14,0.00,"241,780,200.97"
2023-09-15,0.00,"241,780,200.97"
2023-09-16,0.00,"241,780,200.97"
2023-09-17,"14,740,109.43","256,520,310.40"
2023-09-18,0.00,"256,520,310.40"
2023-09-19,0.00,"256,520,310.40"
2023-09-20,0.00,"256,520,310.40"
2023-09-21,0.00,"256,520,310.40"
2023-09-22,0.00,"256,520,310.40"
2023-09-23,0.00,"256,520,310.40"
2023-09-24,0.00,"256,520,310.40"
2023-09-25,0.00,"256,520,310.40"
2023-09-26,"4,083,620.44","260,603,930.84"
2023-09-27,0.00,"260,603,930.84"
2023-09-28,0.00,"260,603,930.84"
2023-09-29,0.00,"260,603,930.84"
2023-09-30,0.00,"260,603,930.84"
2023-10-01,0.00,"260,603,930.84"
2023-10-02,0.00,"260,603,930.84"
2023-10-03,0.00,"260,603,930.84"
2023-10-04,0.00,"260,603,930.84"
2023-10-05,0.00,"260,603,930.84"
2023-10-06,0.00,"260,603,930.84"
2023-10-07,0.00,"260,603,930.84"
2023-10-08,0.00,"260,603,930.84"
2023-10-09,0.00,"260,603,930.84"
2023-10-10,0.00,"260,603,930.84"
2023-10-11,0.00,"260,603,930.84"
2023-10-12,0.00,"260,603,930.84"
2023-10-13,0.00,"260,603,930.84"
2023-10-14,0.00,"260,603,930.84"
2023-10-15,0.00,"260,603,930.84"
2023-10-16,0.00,"260,603,930.84"
2023-10-17,0.00,"260,603,930.84"
2023-10-18,0.00,"260,603,930.84"
2023-10-19,0.00,"260,603,930.84"
2023-10-20,0.00,"260,603,930.84"
2023-10-21,0.00,"260,603,930.84"
2023-10-22,0.00,"260,603,930.84"
2023-10-23,0.00,"260,603,930.84"
2023-10-24,0.00,"260,603,930.84"
2023-10-25,0.00,"260,603,930.84"
2023-10-26,0.00,"260,603,930.84"
2023-10-27,0.00,"260,603,930.84"
2023-10-28,0.00,"260,603,930.84"
2023-10-29,0.00,"260,603,930.84"
2023-10-30,0.00,"260,603,930.84"
2023-10-31,0.00,"260,603,930.84"
2023-11-01,0.00,"260,603,930.84"
2023-11-02,0.00,"260,603,930.84"
2023-11-03,"8,650,748.20","269,254,679.04"
2023-11-04,0.00,"269,254,679.04"
2023-11-05,0.00,"269,254,679.04"
2023-11-06,0.00,"269,254,679.04"
2023-11-07,0.00,"269,254,679.04"
2023-11-08,0.00,"269,254,679.04"
2023-11-09,0.00,"269,254,679.04"
2023-11-10,0.00,"269,254,679.04"
2023-11-11,0.00,"269,254,679.04"
2023-11-12,0.00,"269,254,679.04"
2023-11-13,0.00,"269,254,679.04"
2023-11-14,"296,329.26","269,551,008.30"
2023-11-15,0.00,"269,551,008.30"
2023-11-16,0.00,"269,551,008.30"
2023-11-17,0.00,"269,551,008.30"
2023-11-18,0.00,"269,551,008.30"
2023-11-19,0.00,"269,551,008.30"
2023-11-20,"-76,882,619.85","192,668,388.45"
2023-11-21,0.00,"192,668,388.45"
2023-11-22,0.00,"192,668,388.45"
2023-11-23,0.00,"192,668,388.45"
2023-11-24,0.00,"192,668,388.45"
2023-11-25,0.00,"192,668,388.45"
2023-11-26,0.00,"192,668,388.45"
2023-11-27,0.00,"192,668,388.45"
2023-11-28,0.00,"192,668,388.45"
2023-11-29,0.00,"192,668,388.45"
2023-11-30,"1,963,983.42","194,632,371.87"
2023-12-01,"150,000,000.00","344,632,371.87"
2023-12-02,"427,681.46","345,060,053.33"
2023-12-03,0.00,"345,060,053.33"
2023-12-04,0.00,"345,060,053.33"
2023-12-05,0.00,"345,060,053.33"
2023-12-06,0.00,"345,060,053.33"
2023-12-07,0.00,"345,060,053.33"
2023-12-08,"1,277,477.65","346,337,530.98"
2023-12-09,0.00,"346,337,530.98"
2023-12-10,0.00,"346,337,530.98"
2023-12-11,0.00,"346,337,530.98"
2023-12-12,0.00,"346,337,530.98"
2023-12-13,0.00,"346,337,530.98"
2023-12-14,0.00,"346,337,530.98"
2023-12-15,0.00,"346,337,530.98"
2023-12-16,0.00,"346,337,530.98"
2023-12-17,0.00,"346,337,530.98"
2023-12-18,0.00,"346,337,530.98"
2023-12-19,0.00,"346,337,530.98"
2023-12-20,"2,319,466.22","348,656,997.20"
2023-12-21,0.00,"348,656,997.20"
2023-12-22,0.00,"348,656,997.20"
2023-12-23,0.00,"348,656,997.20"
2023-12-24,0.00,"348,656,997.20"
2023-12-25,0.00,"348,656,997.20"
2023-12-26,0.00,"348,656,997.20"
2023-12-27,0.00,"348,656,997.20"
2023-12-28,0.00,"348,656,997.20"
2023-12-29,0.00,"348,656,997.20"
2023-12-30,0.00,"348,656,997.20"
2023-12-31,0.00,"348,656,997.20"
2024-01-01,"33,333,333.33","381,990,330.53"
2024-01-02,0.00,"381,990,330.53"
2024-01-03,0.00,"381,990,330.53"
2024-01-04,0.00,"381,990,330.53"
2024-01-05,0.00,"381,990,330.53"
2024-01-06,0.00,"381,990,330.53"
2024-01-07,0.00,"381,990,330.53"
2024-01-08,0.00,"381,990,330.53"
2024-01-09,0.00,"381,990,330.53"
2024-01-10,0.00,"381,990,330.53"
2024-01-11,"4,511,966.27","386,502,296.80"
2024-01-12,0.00,"386,502,296.80"
2024-01-13,"505,081.34","387,007,378.14"
2024-01-14,0.00,"387,007,378.14"
2024-01-15,0.00,"387,007,378.14"
2024-01-16,0.00,"387,007,378.14"
2024-01-17,0.00,"387,007,378.14"
2024-01-18,0.00,"387,007,378.14"
2024-01-19,0.00,"387,007,378.14"
2024-01-20,"1,400,957.60","388,408,335.74"
2024-01-21,0.00,"388,408,335.74"
2024-01-22,0.00,"388,408,335.74"
2024-01-23,0.00,"388,408,335.74"
2024-01-24,0.00,"388,408,335.74"
2024-01-25,0.00,"388,408,335.74"
2024-01-26,0.00,"388,408,335.74"
2024-01-27,0.00,"388,408,335.74"
2024-01-28,0.00,"388,408,335.74"
2024-01-29,0.00,"388,408,335.74"
2024-01-30,0.00,"388,408,335.74"
2024-01-31,0.00,"388,408,335.74"
2024-02-01,"33,333,333.33","421,741,669.08"
2024-02-02,0.00,"421,741,669.08"
2024-02-03,0.00,"421,741,669.08"
2024-02-04,0.00,"421,741,669.08"
2024-02-05,0.00,"421,741,669.08"
2024-02-06,0.00,"421,741,669.08"
2024-02-07,0.00,"421,741,669.08"
2024-02-08,0.00,"421,741,669.08"
2024-02-09,0.00,"421,741,669.08"
2024-02-10,0.00,"421,741,669.08"
2024-02-11,0.00,"421,741,669.08"
2024-02-12,0.00,"421,741,669.08"
2024-02-13,0.00,"421,741,669.08"
2024-02-14,0.00,"421,741,669.08"
2024-02-15,0.00,"421,741,669.08"
2024-02-16,0.00,"421,741,669.08"
2024-02-17,0.00,"421,741,669.08"
2024-02-18,0.00,"421,741,669.08"
2024-02-19,0.00,"421,741,669.08"
2024-02-20,0.00,"421,741,669.08"
2024-02-21,0.00,"421,741,669.08"
2024-02-22,0.00,"421,741,669.08"
2024-02-23,0.00,"421,741,669.08"
2024-02-24,0.00,"421,741,669.08"
2024-02-25,0.00,"421,741,669.08"
2024-02-26,0.00,"421,741,669.08"
2024-02-27,0.00,"421,741,669.08"
2024-02-28,0.00,"421,741,669.08"
2024-02-29,0.00,"421,741,669.08"
2024-03-01,"33,333,333.33","455,075,002.41"
2024-03-02,0.00,"455,075,002.41"
2024-03-03,0.00,"455,075,002.41"
2024-03-04,0.00,"455,075,002.41"
2024-03-05,0.00,"455,075,002.41"
2024-03-06,0.00,"455,075,002.41"
2024-03-07,0.00,"455,075,002.41"
2024-03-08,0.00,"455,075,002.41"
2024-03-09,0.00,"455,075,002.41"
2024-03-10,0.00,"455,075,002.41"
2024-03-11,0.00,"455,075,002.41"
2024-03-12,0.00,"455,075,002.41"
2024-03-13,0.00,"455,075,002.41"
2024-03-14,0.00,"455,075,002.41"
2024-03-15,0.00,"455,075,002.41"
2024-03-16,0.00,"455,075,002.41"
2024-03-17,0.00,"455,075,002.41"
2024-03-18,0.00,"455,075,002.41"
2024-03-19,0.00,"455,075,002.41"
2024-03-20,0.00,"455,075,002.41"
2024-03-21,0.00,"455,075,002.41"
2024-03-22,0.00,"455,075,002.41"
2024-03-23,0.00,"455,075,002.41"
2024-03-24,0.00,"455,075,002.41"
2024-03-25,0.00,"455,075,002.41"
2024-03-26,0.00,"455,075,002.41"
2024-03-27,0.00,"455,075,002.41"
2024-03-28,0.00,"455,075,002.41"
2024-03-29,0.00,"455,075,002.41"
2024-03-30,0.00,"455,075,002.41"
2024-03-31,0.00,"455,075,002.41"
2024-04-01,"33,333,333.33","488,408,335.74"
2024-04-02,0.00,"488,408,335.74"
2024-04-03,0.00,"488,408,335.74"
2024-04-04,"15,118,758.78","503,527,094.52"
2024-04-05,0.00,"503,527,094.52"
2024-04-06,0.00,"503,527,094.52"
2024-04-07,0.00,"503,527,094.52"
2024-04-08,0.00,"503,527,094.52"
2024-04-09,0.00,"503,527,094.52"
2024-04-10,0.00,"503,527,094.52"
2024-04-11,0.00,"503,527,094.52"
2024-04-12,0.00,"503,527,094.52"
2024-04-13,0.00,"503,527,094.52"
2024-04-14,0.00,"503,527,094.52"
2024-04-15,"2,144,789.33","505,671,883.85"
2024-04-16,0.00,"505,671,883.85"
2024-04-17,0.00,"505,671,883.85"
2024-04-18,0.00,"505,671,883.85"
2024-04-19,0.00,"505,671,883.85"
2024-04-20,0.00,"505,671,883.85"
2024-04-21,0.00,"505,671,883.85"
2024-04-22,0.00,"505,671,883.85"
2024-04-23,0.00,"505,671,883.85"
2024-04-24,0.00,"505,671,883.85"
2024-04-25,0.00,"505,671,883.85"
2024-04-26,0.00,"505,671,883.85"
2024-04-27,0.00,"505,671,883.85"
2024-04-28,0.00,"505,671,883.85"
2024-04-29,0.00,"505,671,883.85"
2024-04-30,0.00,"505,671,883.85"
2024-05-01,"33,333,333.33","539,005,217.19"
2024-05-02,0.00,"539,005,217.19"
2024-05-03,0.00,"539,005,217.19"
2024-05-04,0.00,"539,005,217.19"
2024-05-05,0.00,"539,005,217.19"
2024-05-06,0.00,"539,005,217.19"
2024-05-07,0.00,"539,005,217.19"
2024-05-08,0.00,"539,005,217.19"
2024-05-09,0.00,"539,005,217.19"
2024-05-10,0.00,"539,005,217.19"
2024-05-11,0.00,"539,005,217.19"
2024-05-12,0.00,"539,005,217.19"
2024-05-13,0.00,"539,005,217.19"
2024-05-14,0.00,"539,005,217.19"
2024-05-15,0.00,"539,005,217.19"
2024-05-16,"16,122,301.40","555,127,518.59"
2024-05-17,0.00,"555,127,518.59"
2024-05-18,0.00,"555,127,518.59"
2024-05-19,0.00,"555,127,518.59"
2024-05-20,0.00,"555,127,518.59"
2024-05-21,0.00,"555,127,518.59"
2024-05-22,0.00,"555,127,518.59"
2024-05-23,0.00,"555,127,518.59"
2024-05-24,0.00,"555,127,518.59"
2024-05-25,0.00,"555,127,518.59"
2024-05-26,0.00,"555,127,518.59"
2024-05-27,0.00,"555,127,518.59"
2024-05-28,0.00,"555,127,518.59"
2024-05-29,0.00,"555,127,518.59"
2024-05-30,0.00,"555,127,518.59"
2024-05-31,0.00,"555,127,518.59"
2024-06-01,"33,333,333.33","588,460,851.92"
2024-06-02,0.00,"588,460,851.92"
2024-06-03,0.00,"588,460,851.92"
2024-06-04,0.00,"588,460,851.92"
2024-06-05,0.00,"588,460,851.92"
2024-06-06,0.00,"588,460,851.92"
2024-06-07,0.00,"588,460,851.92"
2024-06-08,0.00,"588,460,851.92"
2024-06-09,0.00,"588,460,851.92"
2024-06-10,0.00,"588,460,851.92"
2024-06-11,0.00,"588,460,851.92"
2024-06-12,0.00,"588,460,851.92"
2024-06-13,0.00,"588,460,851.92"
2024-06-14,0.00,"588,460,851.92"
2024-06-15,0.00,"588,460,851.92"
2024-06-16,0.00,"588,460,851.92"
2024-06-17,0.00,"588,460,851.92"
2024-06-18,0.00,"588,460,851.92"
2024-06-19,0.00,"588,460,851.92"
2024-06-20,0.00,"588,460,851.92"
2024-06-21,0.00,"588,460,851.92"
2024-06-22,0.00,"588,460,851.92"
2024-06-23,0.00,"588,460,851.92"
2024-06-24,0.00,"588,460,851.92"
2024-06-25,0.00,"588,460,851.92"
2024-06-26,0.00,"588,460,851.92"
2024-06-27,0.00,"588,460,851.92"
2024-06-28,0.00,"588,460,851.92"
2024-06-29,0.00,"588,460,851.92"
2024-06-30,0.00,"588,460,851.92"
2024-07-01,"8,333,333.33","596,794,185.25"
2024-07-02,0.00,"596,794,185.25"
2024-07-03,0.00,"596,794,185.25"
2024-07-04,0.00,"596,794,185.25"
2024-07-05,0.00,"596,794,185.25"
2024-07-06,0.00,"596,794,185.25"
2024-07-07,0.00,"596,794,185.25"
2024-07-08,0.00,"596,794,185.25"
2024-07-09,0.00,"596,794,185.25"
2024-07-10,0.00,"596,794,185.25"
2024-07-11,0.00,"596,794,185.25"
2024-07-12,0.00,"596,794,185.25"
2024-07-13,"14,857,563.93","611,651,749.18"
2024-07-14,0.00,"611,651,749.18"
2024-07-15,0.00,"611,651,749.18"
2024-07-16,0.00,"611,651,749.18"
2024-07-17,0.00,"611,651,749.18"
2024-07-18,0.00,"611,651,749.18"
2024-07-19,0.00,"611,651,749.18"
2024-07-20,0.00,"611,651,749.18"
2024-07-21,0.00,"611,651,749.18"
2024-07-22,0.00,"611,651,749.18"
2024-07-23,0.00,"611,651,749.18"
2024-07-24,0.00,"611,651,749.18"
2024-07-25,0.00,"611,651,749.18"
2024-07-26,0.00,"611,651,749.18"
2024-07-27,0.00,"611,651,749.18"
2024-07-28,0.00,"611,651,749.18"
2024-07-29,0.00,"611,651,749.18"
2024-07-30,0.00,"611,651,749.18"
2024-07-31,0.00,"611,651,749.18"
2024-08-01,"8,333,333.33","619,985,082.52"
2024-08-02,0.00,"619,985,082.52"
2024-08-03,0.00,"619,985,082.52"
2024-08-04,0.00,"619,985,082.52"
2024-08-05,0.00,"619,985,082.52"
2024-08-06,0.00,"619,985,082.52"
2024-08-07,0.00,"619,985,082.52"
2024-08-08,0.00,"619,985,082.52"
2024-08-09,0.00,"619,985,082.52"
2024-08-10,0.00,"619,985,082.52"
2024-08-11,0.00,"619,985,082.52"
2024-08-12,0.00,"619,985,082.52"
2024-08-13,0.00,"619,985,082.52"
2024-08-14,0.00,"619,985,082.52"
2024-08-15,0.00,"619,985,082.52"
2024-08-16,0.00,"619,985,082.52"
2024-08-17,0.00,"619,985,082.52"
2024-08-18,0.00,"619,985,082.52"
2024-08-19,0.00,"619,985,082.52"
2024-08-20,0.00,"619,985,082.52"
2024-08-21,0.00,"619,985,082.52"
2024-08-22,0.00,"619,985,082.52"
2024-08-23,0.00,"619,985,082.52"
2024-08-24,0.00,"619,985,082.52"
2024-08-25,0.00,"619,985,082.52"
2024-08-26,0.00,"619,985,082.52"
2024-08-27,0.00,"619,985,082.52"
2024-08-28,0.00,"619,985,082.52"
2024-08-29,0.00,"619,985,082.52"
2024-08-30,0.00,"619,985,082.52"
2024-08-31,0.00,"619,985,082.52"
2024-09-01,"8,333,333.33","628,318,415.85"
2024-09-02,0.00,"628,318,415.85"
2024-09-03,0.00,"628,318,415.85"
2024-09-04,0.00,"628,318,415.85"
2024-09-05,0.00,"628,318,415.85"
2024-09-06,0.00,"628,318,415.85"
2024-09-07,0.00,"628,318,415.85"
2024-09-08,0.00,"628,318,415.85"
2024-09-09,0.00,"628,318,415.85"
2024-09-10,0.00,"628,318,415.85"
2024-09-11,0.00,"628,318,415.85"
2024-09-12,0.00,"628,318,415.85"
2024-09-13,0.00,"628,318,415.85"
2024-09-14,0.00,"628,318,415.85"
2024-09-15,0.00,"628,318,415.85"
2024-09-16,0.00,"628,318,415.85"
2024-09-17,0.00,"628,318,415.85"
2024-09-18,0.00,"628,318,415.85"
2024-09-19,0.00,"628,318,415.85"
2024-09-20,0.00,"628,318,415.85"
2024-09-21,0.00,"628,318,415.85"
2024-09-22,0.00,"628,318,415.85"
2024-09-23,0.00,"628,318,415.85"
2024-09-24,0.00,"628,318,415.85"
2024-09-25,0.00,"628,318,415.85"
2024-09-26,0.00,"628,318,415.85"
2024-09-27,0.00,"628,318,415.85"
2024-09-28,0.00,"628,318,415.85"
2024-09-29,0.00,"628,318,415.85"
2024-09-30,0.00,"628,318,415.85"
2024-10-01,"8,333,333.33","636,651,749.18"
2024-10-02,0.00,"636,651,749.18"
2024-10-03,0.00,"636,651,749.18"
2024-10-04,0.00,"636,651,749.18"
2024-10-05,0.00,"636,651,749.18"
2024-10-06,0.00,"636,651,749.18"
2024-10-07,0.00,"636,651,749.18"
2024-10-08,0.00,"636,651,749.18"
2024-10-09,0.00,"636,651,749.18"
2024-10-10,0.00,"636,651,749.18"
2024-10-11,0.00,"636,651,749.18"
2024-10-12,0.00,"636,651,749.18"
2024-10-13,0.00,"636,651,749.18"
2024-10-14,0.00,"636,651,749.18"
2024-10-15,0.00,"636,651,749.18"
2024-10-16,0.00,"636,651,749.18"
2024-10-17,0.00,"636,651,749.18"
2024-10-18,0.00,"636,651,749.18"
2024-10-19,0.00,"636,651,749.18"
2024-10-20,0.00,"636,651,749.18"
2024-10-21,"5,493,260.92","642,145,010.10"
2024-10-22,0.00,"642,145,010.10"
2024-10-23,0.00,"642,145,010.10"
2024-10-24,0.00,"642,145,010.10"
2024-10-25,0.00,"642,145,010.10"
2024-10-26,0.00,"642,145,010.10"
2024-10-27,0.00,"642,145,010.10"
2024-10-28,0.00,"642,145,010.10"
2024-10-29,0.00,"642,145,010.10"
2024-10-30,0.00,"642,145,010.10"
2024-10-31,0.00,"642,145,010.10"
2024-11-01,"8,333,333.33","650,478,343.44"
2024-11-02,0.00,"650,478,343.44"
2024-11-03,"22,905,164.71","673,383,508.15"
2024-11-04,0.00,"673,383,508.15"
2024-11-05,0.00,"673,383,508.15"
2024-11-06,"624,569.00","674,008,077.15"
2024-11-07,0.00,"674,008,077.15"
2024-11-08,0.00,"674,008,077.15"
2024-11-09,0.00,"674,008,077.15"
2024-11-10,0.00,"674,008,077.15"
2024-11-11,0.00,"674,008,077.15"
2024-11-12,0.00,"674,008,077.15"
2024-11-13,0.00,"674,008,077.15"
2024-11-14,0.00,"674,008,077.15"
2024-11-15,0.00,"674,008,077.15"
2024-11-16,0.00,"674,008,077.15"
2024-11-17,0.00,"674,008,077.15"
2024-11-18,0.00,"674,008,077.15"
2024-11-19,0.00,"674,008,077.15"
2024-11-20,0.00,"674,008,077.15"
2024-11-21,0.00,"674,008,077.15"
2024-11-22,0.00,"674,008,077.15"
2024-11-23,0.00,"674,008,077.15"
2024-11-24,0.00,"674,008,077.15"
2024-11-25,"3,740,975.70","677,749,052.85"
2024-11-26,0.00,"677,749,052.85"
2024-11-27,0.00,"677,749,052.85"
2024-11-28,"628,505.06","678,377,557.91"
2024-11-29,0.00,"678,377,557.91"
2024-11-30,"503,000.85","678,880,558.76"
2024-12-01,"8,333,333.33","687,213,892.09"
2024-12-02,0.00,"687,213,892.09"
2024-12-03,0.00,"687,213,892.09"
2024-12-04,0.00,"687,213,892.09"
2024-12-05,0.00,"687,213,892.09"
2024-12-06,0.00,"687,213,892.09"
2024-12-07,0.00,"687,213,892.09"
2024-12-08,0.00,"687,213,892.09"
2024-12-09,0.00,"687,213,892.09"
2024-12-10,0.00,"687,213,892.09"
2024-12-11,0.00,"687,213,892.09"
2024-12-12,0.00,"687,213,892.09"
2024-12-13,"2,495,605.08","689,709,497.17"
2024-12-14,0.00,"689,709,497.17"
2024-12-15,0.00,"689,709,497.17"
2024-12-16,"696,627.08","690,406,124.25"
2024-12-17,0.00,"690,406,124.25"
2024-12-18,0.00,"690,406,124.25"
2024-12-19,0.00,"690,406,124.25"
2024-12-20,0.00,"690,406,124.25"
2024-12-21,0.00,"690,406,124.25"
2024-12-22,0.00,"690,406,124.25"
2024-12-23,0.00,"690,406,124.25"
2024-12-24,0.00,"690,406,124.25"
2024-12-25,0.00,"690,406,124.25"
2024-12-26,0.00,"690,406,124.25"
2024-12-27,0.00,"690,406,124.25"
2024-12-28,0.00,"690,406,124.25"
2024-12-29,0.00,"690,406,124.25"
2024-12-30,0.00,"690,406,124.25"
2024-12-31,0.00,"690,406,124.25"
2025-01-01,"8,333,333.33","698,739,457.58"
2025-01-02,"3,421,423.54","702,160,881.12"
2025-01-03,0.00,"702,160,881.12"
2025-01-04,0.00,"702,160,881.12"
2025-01-05,0.00,"702,160,881.12"
2025-01-06,0.00,"702,160,881.12"
2025-01-07,0.00,"702,160,881.12"
2025-01-08,0.00,"702,160,881.12"
2025-01-09,0.00,"702,160,881.12"
2025-01-10,0.00,"702,160,881.12"
2025-01-11,0.00,"702,160,881.12"
2025-01-12,0.00,"702,160,881.12"
2025-01-13,"2,324,498.76","704,485,379.88"
2025-01-14,0.00,"704,485,379.88"
2025-01-15,0.00,"704,485,379.88"
2025-01-16,0.00,"704,485,379.88"
2025-01-17,0.00,"704,485,379.88"
2025-01-18,0.00,"704,485,379.88"
2025-01-19,0.00,"704,485,379.88"
2025-01-20,0.00,"704,485,379.88"
2025-01-21,0.00,"704,485,379.88"
2025-01-22,0.00,"704,485,379.88"
2025-01-23,0.00,"704,485,379.88"
2025-01-24,0.00,"704,485,379.88"
2025-01-25,0.00,"704,485,379.88"
2025-01-26,0.00,"704,485,379.88"
2025-01-27,0.00,"704,485,379.88"
2025-01-28,0.00,"704,485,379.88"
2025-01-29,0.00,"704,485,379.88"
2025-01-30,0.00,"704,485,379.88"
2025-01-31,0.00,"704,485,379.88"
2025-02-01,"8,333,333.33","712,818,713.22"
2025-02-02,0.00,"712,818,713.22"
2025-02-03,0.00,"712,818,713.22"
2025-02-04,0.00,"712,818,713.22"
2025-02-05,0.00,"712,818,713.22"
2025-02-06,0.00,"712,818,713.22"
2025-02-07,0.00,"712,818,713.22"
2025-02-08,0.00,"712,818,713.22"
2025-02-09,0.00,"712,818,713.22"
2025-02-10,0.00,"712,818,713.22"
2025-02-11,0.00,"712,818,713.22"
2025-02-12,0.00,"712,818,713.22"
2025-02-13,0.00,"712,818,713.22"
2025-02-14,0.00,"712,818,713.22"
2025-02-15,0.00,"712,818,713.22"
2025-02-16,0.00,"712,818,713.22"
2025-02-17,0.00,"712,818,713.22"
2025-02-18,0.00,"712,818,713.22"
2025-02-19,0.00,"712,818,713.22"
2025-02-20,0.00,"712,818,713.22"
2025-02-21,0.00,"712,818,713.22"
2025-02-22,0.00,"712,818,713.22"
2025-02-23,0.00,"712,818,713.22"
2025-02-24,0.00,"712,818,713.22"
2025-02-25,0.00,"712,818,713.22"
2025-02-26,0.00,"712,818,713.22"
2025-02-27,0.00,"712,818,713.22"
2025-02-28,0.00,"712,818,713.22"
2025-03-01,"8,333,333.33","721,152,046.55"
2025-03-02,0.00,"721,152,046.55"
2025-03-03,0.00,"721,152,046.55"
2025-03-04,0.00,"721,152,046.55"
2025-03-05,0.00,"721,152,046.55"
2025-03-06,0.00,"721,152,046.55"
2025-03-07,0.00,"721,152,046.55"
2025-03-08,0.00,"721,152,046.55"
2025-03-09,0.00,"721,152,046.55"
2025-03-10,0.00,"721,152,046.55"
2025-03-11,0.00,"721,152,046.55"
2025-03-12,0.00,"721,152,046.55"
2025-03-13,0.00,"721,152,046.55"
2025-03-14,0.00,"721,152,046.55"
2025-03-15,0.00,"721,152,046.55"
2025-03-16,0.00,"721,152,046.55"
2025-03-17,0.00,"721,152,046.55"
2025-03-18,0.00,"721,152,046.55"
2025-03-19,0.00,"721,152,046.55"
2025-03-20,0.00,"721,152,046.55"
2025-03-21,0.00,"721,152,046.55"
2025-03-22,"13,731,296.26","734,883,342.81"
2025-03-23,0.00,"734,883,342.81"
2025-03-24,0.00,"734,883,342.81"
2025-03-25,0.00,"734,883,342.81"
2025-03-26,0.00,"734,883,342.81"
2025-03-27,0.00,"734,883,342.81"
2025-03-28,0.00,"734,883,342.81"
2025-03-29,0.00,"734,883,342.81"
2025-03-30,0.00,"734,883,342.81"
2025-03-31,0.00,"734,883,342.81"
2025-04-01,"8,333,333.33","743,216,676.14"
2025-04-02,0.00,"743,216,676.14"
2025-04-03,0.00,"743,216,676.14"
2025-04-04,0.00,"743,216,676.14"
2025-04-05,0.00,"743,216,676.14"
2025-04-06,0.00,"743,216,676.14"
2025-04-07,0.00,"743,216,676.14"
2025-04-08,0.00,"743,216,676.14"
2025-04-09,0.00,"743,216,676.14"
2025-04-10,0.00,"743,216,676.14"
2025-04-11,0.00,"743,216,676.14"
2025-04-12,0.00,"743,216,676.14"
2025-04-13,0.00,"743,216,676.14"
2025-04-14,0.00,"743,216,676.14"
2025-04-15,0.00,"743,216,676.14"
2025-04-16,0.00,"743,216,676.14"
2025-04-17,0.00,"743,216,676.14"
2025-04-18,0.00,"743,216,676.14"
2025-04-19,0.00,"743,216,676.14"
2025-04-20,0.00,"743,216,676.14"
2025-04-21,0.00,"743,216,676.14"
2025-04-22,0.00,"743,216,676.14"
2025-04-23,0.00,"743,216,676.14"
2025-04-24,0.00,"743,216,676.14"
2025-04-25,0.00,"743,216,676.14"
2025-04-26,0.00,"743,216,676.14"
2025-04-27,0.00,"743,216,676.14"
2025-04-28,0.00,"743,216,676.14"
2025-04-29,0.00,"743,216,676.14"
2025-04-30,0.00,"743,216,676.14"
2025-05-01,"8,749,343.52","751,966,019.67"
2025-05-02,"416,010.19","752,382,029.86"
2025-05-03,"416,010.19","752,798,040.05"
2025-05-04,"416,010.19","753,214,050.24"
2025-05-05,"416,010.19","753,630,060.43"
2025-05-06,"416,010.19","754,046,070.62"
2025-05-07,"416,010.19","754,462,080.81"
2025-05-08,"416,010.19","754,878,091.00"
2025-05-09,"416,010.19","755,294,101.19"
2025-05-10,"416,010.19","755,710,111.38"
2025-05-11,"416,010.19","756,126,121.58"
2025-05-12,"416,010.19","756,542,131.77"
2025-05-13,"416,010.19","756,958,141.96"
2025-05-14,"416,010.19","757,374,152.15"
2025-05-15,"416,010.19","757,790,162.34"
2025-05-16,"416,010.19","758,206,172.53"
2025-05-17,"416,010.19","758,622,182.72"
2025-05-18,"416,010.19","759,038,192.91"
2025-05-19,"416,010.19","759,454,203.10"
2025-05-20,"416,010.19","759,870,213.29"
2025-05-21,"416,010.19","760,286,223.48"
2025-05-22,"416,010.19","760,702,233.67"
2025-05-23,"416,010.19","761,118,243.86"
2025-05-24,"416,010.19","761,534,254.06"
2025-05-25,"416,010.19","761,950,264.25"
2025-05-26,"416,010.19","762,366,274.44"
2025-05-27,"416,010.19","762,782,284.63"
2025-05-28,"416,010.19","763,198,294.82"
2025-05-29,"416,010.19","763,614,305.01"
2025-05-30,"416,010.19","764,030,315.20"
2025-05-31,"416,010.19","764,446,325.39"
2025-06-01,"8,749,343.52","773,195,668.92"
2025-06-02,"416,010.19","773,611,679.11"
2025-06-03,"416,010.19","774,027,689.30"
2025-06-04,"416,010.19","774,443,699.49"
2025-06-05,"416,010.19","774,859,709.68"
2025-06-06,"416,010.19","775,275,719.87"
2025-06-07,"416,010.19","775,691,730.06"
2025-06-08,"416,010.19","776,107,740.25"
2025-06-09,"416,010.19","776,523,750.44"
2025-06-10,"416,010.19","776,939,760.63"
2025-06-11,"416,010.19","777,355,770.82"
2025-06-12,"416,010.19","777,771,781.01"
2025-06-13,"416,010.19","778,187,791.20"
2025-06-14,"416,010.19","778,603,801.40"
2025-06-15,"416,010.19","779,019,811.59"
2025-06-16,"416,010.19","779,435,821.78"
2025-06-17,"416,010.19","779,851,831.97"
2025-06-18,"416,010.19","780,267,842.16"
2025-06-19,"416,010.19","780,683,852.35"
2025-06-20,"416,010.19","781,099,862.54"
2025-06-21,"416,010.19","781,515,872.73"
2025-06-22,"416,010.19","781,931,882.92"
2025-06-23,"416,010.19","782,347,893.11"
2025-06-24,"416,010.19","782,763,903.30"
2025-06-25,"416,010.19","783,179,913.49"
2025-06-26,"416,010.19","783,595,923.68"
2025-06-27,"416,010.19","784,011,933.88"
2025-06-28,"416,010.19","784,427,944.07"
2025-06-29,"416,010.19","784,843,954.26"
2025-06-30,"416,010.19","785,259,964.45"
2025-07-01,"4,582,676.86","789,842,641.31"
2025-07-02,"416,010.19","790,258,651.50"
2025-07-03,"416,010.19","790,674,661.69"
2025-07-04,"416,010.19","791,090,671.88"
2025-07-05,"416,010.19","791,506,682.07"
2025-07-06,"416,010.19","791,922,692.26"
2025-07-07,"416,010.19","792,338,702.45"
2025-07-08,"416,010.19","792,754,712.64"
2025-07-09,"416,010.19","793,170,722.83"
2025-07-10,"416,010.19","793,586,733.02"
2025-07-11,"416,010.19","794,002,743.21"
2025-07-12,"416,010.19","794,418,753.40"
2025-07-13,"416,010.19","794,834,763.59"
2025-07-14,"416,010.19","795,250,773.79"
2025-07-15,"416,010.19","795,666,783.98"
2025-07-16,"416,010.19","796,082,794.17"
2025-07-17,"416,010.19","796,498,804.36"
2025-07-18,"416,010.19","796,914,814.55"
2025-07-19,"416,010.19","797,330,824.74"
2025-07-20,"416,010.19","797,746,834.93"
2025-07-21,"416,010.19","798,162,845.12"
2025-07-22,"416,010.19","798,578,855.31"
2025-07-23,"416,010.19","798,994,865.50"
2025-07-24,"416,010.19","799,410,875.69"
2025-07-25,"416,010.19","799,826,885.88"
2025-07-26,"416,010.19","800,242,896.08"
2025-07-27,"416,010.19","800,658,906.27"
2025-07-28,"416,010.19","801,074,916.46"
2025-07-29,"416,010.19","801,490,926.65"
2025-07-30,"416,010.19","801,906,936.84"
2025-07-31,"416,010.19","802,322,947.03"
2025-08-01,"4,582,676.86","806,905,623.89"
2025-08-02,"416,010.19","807,321,634.08"
2025-08-03,"416,010.19","807,737,644.27"
2025-08-04,"416,010.19","808,153,654.46"
2025-08-05,"416,010.19","808,569,664.65"
2025-08-06,"416,010.19","808,985,674.84"
2025-08-07,"416,010.19","809,401,685.03"
2025-08-08,"416,010.19","809,817,695.22"
2025-08-09,"416,010.19","810,233,705.41"
2025-08-10,"416,010.19","810,649,715.60"
2025-08-11,"416,010.19","811,065,725.79"
2025-08-12,"416,010.19","811,481,735.99"
2025-08-13,"416,010.19","811,897,746.18"
2025-08-14,"416,010.19","812,313,756.37"
2025-08-15,"416,010.19","812,729,766.56"
2025-08-16,"416,010.19","813,145,776.75"
2025-08-17,"416,010.19","813,561,786.94"
2025-08-18,"416,010.19","813,977,797.13"
2025-08-19,"416,010.19","814,393,807.32"
2025-08-20,"416,010.19","814,809,817.51"
2025-08-21,"416,010.19","815,225,827.70"
2025-08-22,"416,010.19","815,641,837.89"
2025-08-23,"416,010.19","816,057,848.08"
2025-08-24,"416,010.19","816,473,858.27"
2025-08-25,"416,010.19","816,889,868.47"
2025-08-26,"416,010.19","817,305,878.66"
2025-08-27,"416,010.19","817,721,888.85"
2025-08-28,"416,010.19","818,137,899.04"
2025-08-29,"416,010.19","818,553,909.23"
2025-08-30,"416,010.19","818,969,919.42"
2025-08-31,"416,010.19","819,385,929.61"
2025-09-01,"4,582,676.86","823,968,606.47"
2025-09-02,"416,010.19","824,384,616.66"
2025-09-03,"416,010.19","824,800,626.85"
2025-09-04,"416,010.19","825,216,637.04"
2025-09-05,"416,010.19","825,632,647.23"
2025-09-06,"416,010.19","826,048,657.42"
2025-09-07,"416,010.19","826,464,667.61"
2025-09-08,"416,010.19","826,880,677.80"
2025-09-09,"416,010.19","827,296,687.99"
2025-09-10,"416,010.19","827,712,698.18"
2025-09-11,"416,010.19","828,128,708.38"
2025-09-12,"416,010.19","828,544,718.57"
2025-09-13,"416,010.19","828,960,728.76"
2025-09-14,"416,010.19","829,376,738.95"
2025-09-15,"416,010.19","829,792,749.14"
2025-09-16,"416,010.19","830,208,759.33"
2025-09-17,"416,010.19","830,624,769.52"
2025-09-18,"416,010.19","831,040,779.71"
2025-09-19,"416,010.19","831,456,789.90"
2025-09-20,"416,010.19","831,872,800.09"
2025-09-21,"416,010.19","832,288,810.28"
2025-09-22,"416,010.19","832,704,820.47"
2025-09-23,"416,010.19","833,120,830.67"
2025-09-24,"416,010.19","833,536,840.86"
2025-09-25,"416,010.19","833,952,851.05"
2025-09-26,"416,010.19","834,368,861.24"
2025-09-27,"416,010.19","834,784,871.43"
2025-09-28,"416,010.19","835,200,881.62"
2025-09-29,"416,010.19","835,616,891.81"
2025-09-30,"416,010.19","836,032,902.00"
2025-10-01,"4,582,676.86","840,615,578.86"
2025-10-02,"416,010.19","841,031,589.05"
2025-10-03,"416,010.19","841,447,599.24"
2025-10-04,"416,010.19","841,863,609.43"
2025-10-05,"416,010.19","842,279,619.62"
2025-10-06,"416,010.19","842,695,629.81"
2025-10-07,"416,010.19","843,111,640.00"
2025-10-08,"416,010.19","843,527,650.19"
2025-10-09,"416,010.19","843,943,660.38"
2025-10-10,"416,010.19","844,359,670.58"
2025-10-11,"416,010.19","844,775,680.77"
2025-10-12,"416,010.19","845,191,690.96"
2025-10-13,"416,010.19","845,607,701.15"
2025-10-14,"416,010.19","846,023,711.34"
2025-10-15,"416,010.19","846,439,721.53"
2025-10-16,"416,010.19","846,855,731.72"
2025-10-17,"416,010.19","847,271,741.91"
2025-10-18,"416,010.19","847,687,752.10"
2025-10-19,"416,010.19","848,103,762.29"
2025-10-20,"416,010.19","848,519,772.48"
2025-10-21,"416,010.19","848,935,782.67"
2025-10-22,"416,010.19","849,351,792.86"
2025-10-23,"416,010.19","849,767,803.06"
2025-10-24,"416,010.19","850,183,813.25"
2025-10-25,"416,010.19","850,599,823.44"
2025-10-26,"416,010.19","851,015,833.63"
2025-10-27,"416,010.19","851,431,843.82"
2025-10-28,"416,010.19","851,847,854.01"
2025-10-29,"416,010.19","852,263,864.20"
2025-10-30,"416,010.19","852,679,874.39"
2025-10-31,"416,010.19","853,095,884.58"
2025-11-01,"4,582,676.86","857,678,561.44"
2025-11-02,"416,010.19","858,094,571.63"
2025-11-03,"416,010.19","858,510,581.82"
2025-11-04,"416,010.19","858,926,592.01"
2025-11-05,"416,010.19","859,342,602.20"
2025-11-06,"416,010.19","859,758,612.39"
2025-11-07,"416,010.19","860,174,622.58"
2025-11-08,"416,010.19","860,590,632.77"
2025-11-09,"416,010.19","861,006,642.97"
2025-11-10,"416,010.19","861,422,653.16"
2025-11-11,"416,010.19","861,838,663.35"
2025-11-12,"416,010.19","862,254,673.54"
2025-11-13,"416,010.19","862,670,683.73"
2025-11-14,"416,010.19","863,086,693.92"
2025-11-15,"416,010.19","863,502,704.11"
2025-11-16,"416,010.19","863,918,714.30"
2025-11-17,"416,010.19","864,334,724.49"
2025-11-18,"416,010.19","864,750,734.68"
2025-11-19,"416,010.19","865,166,744.87"
2025-11-20,"416,010.19","865,582,755.06"
2025-11-21,"416,010.19","865,998,765.25"
2025-11-22,"416,010.19","866,414,775.45"
2025-11-23,"416,010.19","866,830,785.64"
2025-11-24,"416,010.19","867,246,795.83"
2025-11-25,"416,010.19","867,662,806.02"
2025-11-26,"416,010.19","868,078,816.21"
2025-11-27,"416,010.19","868,494,826.40"
2025-11-28,"416,010.19","868,910,836.59"
2025-11-29,"416,010.19","869,326,846.78"
2025-11-30,"416,010.19","869,742,856.97"
2025-12-01,"4,582,676.86","874,325,533.83"
2025-12-02,"416,010.19","874,741,544.02"
2025-12-03,"416,010.19","875,157,554.21"
2025-12-04,"416,010.19","875,573,564.40"
2025-12-05,"416,010.19","875,989,574.59"
2025-12-06,"416,010.19","876,405,584.78"
2025-12-07,"416,010.19","876,821,594.97"
2025-12-08,"416,010.19","877,237,605.16"
2025-12-09,"416,010.19","877,653,615.36"
2025-12-10,"416,010.19","878,069,625.55"
2025-12-11,"416,010.19","878,485,635.74"
2025-12-12,"416,010.19","878,901,645.93"
2025-12-13,"416,010.19","879,317,656.12"
2025-12-14,"416,010.19","879,733,666.31"
2025-12-15,"416,010.19","880,149,676.50"
2025-12-16,"416,010.19","880,565,686.69"
2025-12-17,"416,010.19","880,981,696.88"
2025-12-18,"416,010.19","881,397,707.07"
2025-12-19,"416,010.19","881,813,717.26"
2025-12-20,"416,010.19","882,229,727.45"
2025-12-21,"416,010.19","882,645,737.65"
2025-12-22,"416,010.19","883,061,747.84"
2025-12-23,"416,010.19","883,477,758.03"
2025-12-24,"416,010.19","883,893,768.22"
2025-12-25,"416,010.19","884,309,778.41"
2025-12-26,"416,010.19","884,725,788.60"
2025-12-27,"416,010.19","885,141,798.79"
2025-12-28,"416,010.19","885,557,808.98"
2025-12-29,"416,010.19","885,973,819.17"
2025-12-30,"416,010.19","886,389,829.36"
2025-12-31,"416,010.19","886,805,839.55"
2026-01-01,"4,582,676.86","891,388,516.41"
2026-01-02,"416,010.19","891,804,526.60"
2026-01-03,"416,010.19","892,220,536.79"
2026-01-04,"416,010.19","892,636,546.98"
2026-01-05,"416,010.19","893,052,557.17"
2026-01-06,"416,010.19","893,468,567.36"
2026-01-07,"416,010.19","893,884,577.56"
2026-01-08,"416,010.19","894,300,587.75"
2026-01-09,"416,010.19","894,716,597.94"
2026-01-10,"416,010.19","895,132,608.13"
2026-01-11,"416,010.19","895,548,618.32"
2026-01-12,"416,010.19","895,964,628.51"
2026-01-13,"416,010.19","896,380,638.70"
2026-01-14,"416,010.19","896,796,648.89"
2026-01-15,"416,010.19","897,212,659.08"
2026-01-16,"416,010.19","897,628,669.27"
2026-01-17,"416,010.19","898,044,679.46"
2026-01-18,"416,010.19","898,460,689.65"
2026-01-19,"416,010.19","898,876,699.84"
2026-01-20,"416,010.19","899,292,710.04"
2026-01-21,"416,010.19","899,708,720.23"
2026-01-22,"416,010.19","900,124,730.42"
2026-01-23,"416,010.19","900,540,740.61"
2026-01-24,"416,010.19","900,956,750.80"
2026-01-25,"416,010.19","901,372,760.99"
2026-01-26,"416,010.19","901,788,771.18"
2026-01-27,"416,010.19","902,204,781.37"
2026-01-28,"416,010.19","902,620,791.56"
2026-01-29,"416,010.19","903,036,801.75"
2026-01-30,"416,010.19","903,452,811.94"
2026-01-31,"416,010.19","903,868,822.13"
2026-02-01,"4,582,676.86","908,451,498.99"
2026-02-02,"416,010.19","908,867,509.18"
2026-02-03,"416,010.19","909,283,519.37"
2026-02-04,"416,010.19","909,699,529.56"
2026-02-05,"416,010.19","910,115,539.75"
2026-02-06,"416,010.19","910,531,549.95"
2026-02-07,"416,010.19","910,947,560.14"
2026-02-08,"416,010.19","911,363,570.33"
2026-02-09,"416,010.19","911,779,580.52"
2026-02-10,"416,010.19","912,195,590.71"
2026-02-11,"416,010.19","912,611,600.90"
2026-02-12,"416,010.19","913,027,611.09"
2026-02-13,"416,010.19","913,443,621.28"
2026-02-14,"416,010.19","913,859,631.47"
2026-02-15,"416,010.19","914,275,641.66"
2026-02-16,"416,010.19","914,691,651.85"
2026-02-17,"416,010.19","915,107,662.04"
2026-02-18,"416,010.19","915,523,672.23"
2026-02-19,"416,010.19","915,939,682.43"
2026-02-20,"416,010.19","916,355,692.62"
2026-02-21,"416,010.19","916,771,702.81"
2026-02-22,"416,010.19","917,187,713.00"
2026-02-23,"416,010.19","917,603,723.19"
2026-02-24,"416,010.19","918,019,733.38"
2026-02-25,"416,010.19","918,435,743.57"
2026-02-26,"416,010.19","918,851,753.76"
2026-02-27,"416,010.19","919,267,763.95"
2026-02-28,"416,010.19","919,683,774.14"
2026-03-01,"4,582,676.86","924,266,451.00"
2026-03-02,"416,010.19","924,682,461.19"
2026-03-03,"416,010.19","925,098,471.38"
2026-03-04,"416,010.19","925,514,481.57"
2026-03-05,"416,010.19","925,930,491.76"
2026-03-06,"416,010.19","926,346,501.95"
2026-03-07,"416,010.19","926,762,512.15"
2026-03-08,"416,010.19","927,178,522.34"
2026-03-09,"416,010.19","927,594,532.53"
2026-03-10,"416,010.19","928,010,542.72"
2026-03-11,"416,010.19","928,426,552.91"
2026-03-12,"416,010.19","928,842,563.10"
2026-03-13,"416,010.19","929,258,573.29"
2026-03-14,"416,010.19","929,674,583.48"
2026-03-15,"416,010.19","930,090,593.67"
2026-03-16,"416,010.19","930,506,603.86"
2026-03-17,"416,010.19","930,922,614.05"
2026-03-18,"416,010.19","931,338,624.24"
2026-03-19,"416,010.19","931,754,634.43"
2026-03-20,"416,010.19","932,170,644.63"
2026-03-21,"416,010.19","932,586,654.82"
2026-03-22,"416,010.19","933,002,665.01"
2026-03-23,"416,010.19","933,418,675.20"
2026-03-24,"416,010.19","933,834,685.39"
2026-03-25,"416,010.19","934,250,695.58"
2026-03-26,"416,010.19","934,666,705.77"
2026-03-27,"416,010.19","935,082,715.96"
2026-03-28,"416,010.19","935,498,726.15"
2026-03-29,"416,010.19","935,914,736.34"
2026-03-30,"416,010.19","936,330,746.53"
2026-03-31,"416,010.19","936,746,756.72"
2026-04-01,"4,582,676.86","941,329,433.58"
2026-04-02,"416,010.19","941,745,443.77"
2026-04-03,"416,010.19","942,161,453.96"
2026-04-04,"416,010.19","942,577,464.15"
2026-04-05,"416,010.19","942,993,474.34"
2026-04-06,"416,010.19","943,409,484.54"
2026-04-07,"416,010.19","943,825,494.73"
2026-04-08,"416,010.19","944,241,504.92"
2026-04-09,"416,010.19","944,657,515.11"
2026-04-10,"416,010.19","945,073,525.30"
2026-04-11,"416,010.19","945,489,535.49"
2026-04-12,"416,010.19","945,905,545.68"
2026-04-13,"416,010.19","946,321,555.87"
2026-04-14,"416,010.19","946,737,566.06"
2026-04-15,"416,010.19","947,153,576.25"
2026-04-16,"416,010.19","947,569,586.44"
2026-04-17,"416,010.19","947,985,596.63"
2026-04-18,"416,010.19","948,401,606.82"
2026-04-19,"416,010.19","948,817,617.02"
2026-04-20,"416,010.19","949,233,627.21"
2026-04-21,"416,010.19","949,649,637.40"
2026-04-22,"416,010.19","950,065,647.59"
2026-04-23,"416,010.19","950,481,657.78"
2026-04-24,"416,010.19","950,897,667.97"
2026-04-25,"416,010.19","951,313,678.16"
2026-04-26,"416,010.19","951,729,688.35"
2026-04-27,"416,010.19","952,145,698.54"
2026-04-28,"416,010.19","952,561,708.73"
2026-04-29,"416,010.19","952,977,718.92"
2026-04-30,"416,010.19","953,393,729.11"
2026-05-01,"4,582,676.86","957,976,405.97"
2026-05-02,"416,010.19","958,392,416.16"
2026-05-03,"416,010.19","958,808,426.35"
2026-05-04,"416,010.19","959,224,436.54"
2026-05-05,"416,010.19","959,640,446.73"
2026-05-06,"416,010.19","960,056,456.93"
2026-05-07,"416,010.19","960,472,467.12"
2026-05-08,"416,010.19","960,888,477.31"
2026-05-09,"416,010.19","961,304,487.50"
2026-05-10,"416,010.19","961,720,497.69"
2026-05-11,"416,010.19","962,136,507.88"
2026-05-12,"416,010.19","962,552,518.07"
2026-05-13,"416,010.19","962,968,528.26"
2026-05-14,"416,010.19","963,384,538.45"
2026-05-15,"416,010.19","963,800,548.64"
2026-05-16,"416,010.19","964,216,558.83"
2026-05-17,"416,010.19","964,632,569.02"
2026-05-18,"416,010.19","965,048,579.22"
2026-05-19,"416,010.19","965,464,589.41"
2026-05-20,"416,010.19","965,880,599.60"
2026-05-21,"416,010.19","966,296,609.79"
2026-05-22,"416,010.19","966,712,619.98"
2026-05-23,"416,010.19","967,128,630.17"
2026-05-24,"416,010.19","967,544,640.36"
2026-05-25,"416,010.19","967,960,650.55"
2026-05-26,"416,010.19","968,376,660.74"
2026-05-27,"416,010.19","968,792,670.93"
2026-05-28,"416,010.19","969,208,681.12"
2026-05-29,"416,010.19","969,624,691.31"
2026-05-30,"416,010.19","970,040,701.50"
2026-05-31,"416,010.19","970,456,711.70"
2026-06-01,"4,582,676.86","975,039,388.55"
2026-06-02,"416,010.19","975,455,398.74"
2026-06-03,"416,010.19","975,871,408.93"
2026-06-04,"416,010.19","976,287,419.13"
2026-06-05,"416,010.19","976,703,429.32"
2026-06-06,"416,010.19","977,119,439.51"
2026-06-07,"416,010.19","977,535,449.70"
2026-06-08,"416,010.19","977,951,459.89"
2026-06-09,"416,010.19","978,367,470.08"
2026-06-10,"416,010.19","978,783,480.27"
2026-06-11,"416,010.19","979,199,490.46"
2026-06-12,"416,010.19","979,615,500.65"
2026-06-13,"416,010.19","980,031,510.84"
2026-06-14,"416,010.19","980,447,521.03"
2026-06-15,"416,010.19","980,863,531.22"
2026-06-16,"416,010.19","981,279,541.41"
2026-06-17,"416,010.19","981,695,551.61"
2026-06-18,"416,010.19","982,111,561.80"
2026-06-19,"416,010.19","982,527,571.99"
2026-06-20,"416,010.19","982,943,582.18"
2026-06-21,"416,010.19","983,359,592.37"
2026-06-22,"416,010.19","983,775,602.56"
2026-06-23,"416,010.19","984,191,612.75"
2026-06-24,"416,010.19","984,607,622.94"
2026-06-25,"416,010.19","985,023,633.13"
2026-06-26,"416,010.19","985,439,643.32"
2026-06-27,"416,010.19","985,855,653.51"
2026-06-28,"416,010.19","986,271,663.70"
2026-06-29,"416,010.19","986,687,673.89"
2026-06-30,"416,010.19","987,103,684.09"
2026-07-01,"416,010.19","987,519,694.28"
2026-07-02,"416,010.19","987,935,704.47"
2026-07-03,"416,010.19","988,351,714.66"
2026-07-04,"416,010.19","988,767,724.85"
2026-07-05,"416,010.19","989,183,735.04"
2026-07-06,"416,010.19","989,599,745.23"
2026-07-07,"416,010.19","990,015,755.42"
2026-07-08,"416,010.19","990,431,765.61"
2026-07-09,"416,010.19","990,847,775.80"
2026-07-10,"416,010.19","991,263,785.99"
2026-07-11,"416,010.19","991,679,796.18"
2026-07-12,"416,010.19","992,095,806.38"
2026-07-13,"416,010.19","992,511,816.57"
2026-07-14,"416,010.19","992,927,826.76"
2026-07-15,"416,010.19","993,343,836.95"
2026-07-16,"416,010.19","993,759,847.14"
2026-07-17,"416,010.19","994,175,857.33"
2026-07-18,"416,010.19","994,591,867.52"
2026-07-19,"416,010.19","995,007,877.71"
2026-07-20,"416,010.19","995,423,887.90"
2026-07-21,"416,010.19","995,839,898.09"
2026-07-22,"416,010.19","996,255,908.28"
2026-07-23,"416,010.19","996,671,918.47"
2026-07-24,"416,010.19","997,087,928.66"
2026-07-25,"416,010.19","997,503,938.86"
2026-07-26,"416,010.19","997,919,949.05"
2026-07-27,"416,010.19","998,335,959.24"
2026-07-28,"416,010.19","998,751,969.43"
2026-07-29,"416,010.19","999,167,979.62"
2026-07-30,"416,010.19","999,583,989.81"
2026-07-31,"416,010.19","1,000,000,000.00"