date,cumulative,gross_emissions,net_supply_change,airdrop,protocol_development,strategic_partnerships,ecosystem_trading_rewards,seed_funding
2027-04-17,809305317.24,0,361110.90,0,0,122222.48,238888.42,0
2027-04-16,808944206.35,0,361110.90,0,0,122222.48,238888.42,0
2027-04-15,808583095.45,0,361110.90,0,0,122222.48,238888.42,0
2027-04-14,808221984.55,0,818149.29,0,457038.39,122222.49,238888.42,0
2027-04-13,807403835.25,0,818149.30,0,457038.39,122222.49,238888.42,0
2027-04-12,806585685.96,0,818149.30,0,457038.39,122222.49,238888.42,0
2027-04-11,805767536.66,0,818149.30,0,457038.39,122222.49,238888.42,0
2027-04-10,804949387.36,0,818149.30,0,457038.39,122222.49,238888.42,0
2027-04-09,804131238.05,0,818149.30,0,457038.39,122222.49,238888.42,0
2027-04-08,803313088.75,0,818149.31,0,457038.39,122222.49,238888.42,0
2027-04-07,802494939.44,0,818149.31,0,457038.39,122222.49,238888.43,0
2027-04-06,801676790.14,0,818149.31,0,457038.39,122222.49,238888.43,0
2027-04-05,800858640.83,0,818149.31,0,457038.39,122222.49,238888.43,0
2027-04-04,800040491.51,0,818149.31,0,457038.39,122222.50,238888.43,0
2027-04-03,799222342.20,0,818149.32,0,457038.39,122222.50,238888.43,0
2027-04-02,798404192.88,0,818149.32,0,457038.39,122222.50,238888.43,0
2027-04-01,797586043.57,0,818149.32,0,457038.39,122222.50,238888.43,0
2027-03-31,796767894.24,0,818149.32,0,457038.39,122222.50,238888.43,0
2027-03-30,795949744.92,0,818149.32,0,457038.39,122222.50,238888.43,0
2027-03-29,795131595.60,0,818149.33,0,457038.39,122222.50,238888.43,0
2027-03-28,794313446.27,0,818149.33,0,457038.39,122222.50,238888.44,0
2027-03-27,793495296.94,0,818149.33,0,457038.39,122222.50,238888.44,0
2027-03-26,792677147.61,0,818149.33,0,457038.39,122222.50,238888.44,0
2027-03-25,791858998.28,0,818149.33,0,457038.39,122222.51,238888.44,0
2027-03-24,791040848.95,0,818149.34,0,457038.39,122222.51,238888.44,0
2027-03-23,790222699.61,0,818149.34,0,457038.39,122222.51,238888.44,0
2027-03-22,789404550.27,0,818149.34,0,457038.39,122222.51,238888.44,0
2027-03-21,788586400.93,0,818149.34,0,457038.39,122222.51,238888.44,0
2027-03-20,787768251.59,0,818149.34,0,457038.39,122222.51,238888.44,0
2027-03-19,786950102.25,0,818149.35,0,457038.39,122222.51,238888.44,0
2027-03-18,786131952.90,0,818149.35,0,457038.39,122222.51,238888.45,0
2027-03-17,785313803.55,0,818149.35,0,457038.39,122222.51,238888.44,0
2027-03-16,784495654.21,0,818149.34,0,457038.39,122222.51,238888.44,0
2027-03-15,783677504.86,0,818149.34,0,457038.39,122222.51,238888.44,0
2027-03-14,782859355.52,0,818149.34,0,457038.39,122222.51,238888.44,0
2027-03-13,782041206.18,0,818149.34,0,457038.39,122222.51,238888.44,0
2027-03-12,781223056.84,0,818149.34,0,457038.39,122222.51,238888.44,0
2027-03-11,780404907.50,0,818149.33,0,457038.39,122222.51,238888.44,0
2027-03-10,779586758.17,0,818149.33,0,457038.39,122222.50,238888.44,0
2027-03-09,778768608.84,0,818149.33,0,457038.39,122222.50,238888.44,0
2027-03-08,777950459.51,0,818149.33,0,457038.39,122222.50,238888.44,0
2027-03-07,777132310.18,0,818149.33,0,457038.39,122222.50,238888.43,0
2027-03-06,776314160.85,0,818149.32,0,457038.39,122222.50,238888.43,0
2027-03-05,775496011.53,0,818149.32,0,457038.39,122222.50,238888.43,0
2027-03-04,774677862.21,0,818149.32,0,457038.39,122222.50,238888.43,0
2027-03-03,773859712.89,0,818149.32,0,457038.39,122222.50,238888.43,0
2027-03-02,773041563.57,0,818149.32,0,457038.39,122222.50,238888.43,0
2027-03-01,772223414.25,0,818149.31,0,457038.39,122222.50,238888.43,0
2027-02-28,771405264.94,0,818149.31,0,457038.39,122222.49,238888.43,0
2027-02-27,770587115.63,0,818149.31,0,457038.39,122222.49,238888.43,0
2027-02-26,769768966.32,0,818149.31,0,457038.39,122222.49,238888.43,0
2027-02-25,768950817.01,0,818149.31,0,457038.39,122222.49,238888.42,0
2027-02-24,768132667.70,0,818149.30,0,457038.39,122222.49,238888.42,0
2027-02-23,767314518.40,0,818149.30,0,457038.39,122222.49,238888.42,0
2027-02-22,766496369.09,0,818149.30,0,457038.39,122222.49,238888.42,0
2027-02-21,765678219.79,0,818149.30,0,457038.39,122222.49,238888.42,0
2027-02-20,764860070.50,0,818149.30,0,457038.39,122222.49,238888.42,0
2027-02-19,764041921.20,0,818149.29,0,457038.39,122222.49,238888.42,0
2027-02-18,763223771.91,0,818149.29,0,457038.39,122222.48,238888.42,0
2027-02-17,762405622.61,0,818149.29,0,457038.39,122222.48,238888.42,0
2027-02-16,761587473.32,0,818149.29,0,457038.39,122222.48,238888.42,0
2027-02-15,760769324.03,0,818149.29,0,457038.39,122222.48,238888.41,0
2027-02-14,759951174.75,0,818149.28,0,457038.39,122222.48,238888.41,0
2027-02-13,759133025.46,0,818149.28,0,457038.39,122222.48,238888.41,0
2027-02-12,758314876.18,0,818149.28,0,457038.39,122222.48,238888.41,0
2027-02-11,757496726.90,0,818149.28,0,457038.39,122222.48,238888.41,0
2027-02-10,756678577.62,0,818149.28,0,457038.39,122222.48,238888.41,0
2027-02-09,755860428.35,0,818149.27,0,457038.39,122222.48,238888.41,0
2027-02-08,755042279.07,0,818149.27,0,457038.39,122222.47,238888.41,0
2027-02-07,754224129.80,0,818149.27,0,457038.39,122222.47,238888.41,0
2027-02-06,753405980.53,0,818149.27,0,457038.39,122222.47,238888.41,0
2027-02-05,752587831.26,0,818149.27,0,457038.39,122222.47,238888.40,0
2027-02-04,751769682.00,0,818149.26,0,457038.39,122222.47,238888.40,0
2027-02-03,750951532.73,0,818149.26,0,457038.39,122222.47,238888.40,0
2027-02-02,750133383.47,0,818149.26,0,457038.39,122222.47,238888.40,0
2027-02-01,749315234.21,0,818149.26,0,457038.39,122222.47,238888.40,0
2027-01-31,748497084.95,0,818149.26,0,457038.39,122222.47,238888.40,0
2027-01-30,747678935.70,0,818149.25,0,457038.39,122222.47,238888.40,0
2027-01-29,746860786.44,0,818149.25,0,457038.39,122222.46,238888.40,0
2027-01-28,746042637.19,0,818149.25,0,457038.39,122222.46,238888.40,0
2027-01-27,745224487.94,0,818149.25,0,457038.39,122222.46,238888.40,0
2027-01-26,744406338.69,0,818149.25,0,457038.39,122222.46,238888.39,0
2027-01-25,743588189.44,0,818149.24,0,457038.39,122222.46,238888.39,0
2027-01-24,742770040.20,0,818149.24,0,457038.39,122222.46,238888.39,0
2027-01-23,741951890.96,0,818149.24,0,457038.39,122222.46,238888.39,0
2027-01-22,741133741.72,0,818149.24,0,457038.39,122222.46,238888.39,0
2027-01-21,740315592.48,0,818149.24,0,457038.39,122222.46,238888.39,0
2027-01-20,739497443.24,0,818149.23,0,457038.39,122222.46,238888.39,0
2027-01-19,738679294.01,0,818149.23,0,457038.39,122222.45,238888.39,0
2027-01-18,737861144.78,0,818149.23,0,457038.39,122222.45,238888.39,0
2027-01-17,737042995.55,0,818149.23,0,457038.39,122222.45,238888.39,0
2027-01-16,736224846.32,0,818149.23,0,457038.39,122222.45,238888.38,0
2027-01-15,735406697.09,0,818149.22,0,457038.39,122222.45,238888.38,0
2027-01-14,734588547.87,0,818149.22,0,457038.39,122222.45,238888.38,0
2027-01-13,733770398.65,0,818149.22,0,457038.39,122222.45,238888.38,0
2027-01-12,732952249.43,0,818149.22,0,457038.39,122222.45,238888.38,0
2027-01-11,732134100.21,0,818149.22,0,457038.39,122222.45,238888.38,0
2027-01-10,731315950.99,0,818149.21,0,457038.39,122222.45,238888.38,0
2027-01-09,730497801.78,0,818149.21,0,457038.39,122222.44,238888.38,0
2027-01-08,729679652.56,0,818149.21,0,457038.39,122222.44,238888.38,0
2027-01-07,728861503.35,0,818149.21,0,457038.39,122222.44,238888.38,0
2027-01-06,728043354.15,0,818149.21,0,457038.39,122222.44,238888.37,0
2027-01-05,727225204.94,0,818149.20,0,457038.39,122222.44,238888.37,0
2027-01-04,726407055.74,0,818149.20,0,457038.39,122222.44,238888.37,0
2027-01-03,725588906.53,0,818149.20,0,457038.39,122222.44,238888.37,0
2027-01-02,724770757.33,0,818149.20,0,457038.39,122222.44,238888.37,0
2027-01-01,723952608.13,0,818149.20,0,457038.39,122222.44,238888.37,0
2026-12-31,723134458.94,0,818149.19,0,457038.39,122222.44,238888.37,0
2026-12-30,722316309.74,0,818149.19,0,457038.39,122222.43,238888.37,0
2026-12-29,721498160.55,0,818149.19,0,457038.39,122222.43,238888.37,0
2026-12-28,720680011.36,0,818149.19,0,457038.39,122222.43,238888.37,0
2026-12-27,719861862.17,0,818149.19,0,457038.39,122222.43,238888.36,0
2026-12-26,719043712.99,0,818149.18,0,457038.39,122222.43,238888.36,0
2026-12-25,718225563.80,0,818149.18,0,457038.39,122222.43,238888.36,0
2026-12-24,717407414.62,0,818149.18,0,457038.39,122222.43,238888.36,0
2026-12-23,716589265.44,0,818149.18,0,457038.39,122222.43,238888.36,0
2026-12-22,715771116.26,0,818149.18,0,457038.39,122222.43,238888.36,0
2026-12-21,714952967.09,0,818149.17,0,457038.39,122222.43,238888.36,0
2026-12-20,714134817.91,0,818149.17,0,457038.39,122222.42,238888.36,0
2026-12-19,713316668.74,0,818149.17,0,457038.39,122222.42,238888.36,0
2026-12-18,712498519.57,0,818149.17,0,457038.39,122222.42,238888.36,0
2026-12-17,711680370.40,0,818149.17,0,457038.39,122222.42,238888.35,0
2026-12-16,710862221.24,0,818149.16,0,457038.39,122222.42,238888.35,0
2026-12-15,710044072.07,0,818149.16,0,457038.39,122222.42,238888.35,0
2026-12-14,709225922.91,0,818149.16,0,457038.39,122222.42,238888.35,0
2026-12-13,708407773.75,0,818149.16,0,457038.39,122222.42,238888.35,0
2026-12-12,707589624.59,0,818149.16,0,457038.39,122222.42,238888.35,0
2026-12-11,706771475.43,0,818149.15,0,457038.39,122222.42,238888.35,0
2026-12-10,705953326.28,0,818149.15,0,457038.39,122222.41,238888.35,0
2026-12-09,705135177.13,0,818149.15,0,457038.39,122222.41,238888.35,0
2026-12-08,704317027.98,0,818149.15,0,457038.39,122222.41,238888.35,0
2026-12-07,703498878.83,0,818149.15,0,457038.39,122222.41,238888.34,0
2026-12-06,702680729.68,0,818149.14,0,457038.39,122222.41,238888.34,0
2026-12-05,701862580.54,0,818149.14,0,457038.39,122222.41,238888.34,0
2026-12-04,701044431.40,0,818149.14,0,457038.39,122222.41,238888.34,0
2026-12-03,700226282.26,0,818149.14,0,457038.39,122222.41,238888.34,0
2026-12-02,699408133.12,0,818149.14,0,457038.39,122222.41,238888.34,0
2026-12-01,698589983.98,0,818149.13,0,457038.39,122222.41,238888.34,0
2026-11-30,697771834.85,0,818149.13,0,457038.39,122222.40,238888.34,0
2026-11-29,696953685.72,0,818149.13,0,457038.39,122222.40,238888.34,0
2026-11-28,696135536.59,0,818149.13,0,457038.39,122222.40,238888.34,0
2026-11-27,695317387.46,0,818149.13,0,457038.39,122222.40,238888.33,0
2026-11-26,694499238.33,0,818149.12,0,457038.39,122222.40,238888.33,0
2026-11-25,693681089.21,0,818149.12,0,457038.39,122222.40,238888.33,0
2026-11-24,692862940.08,0,818149.12,0,457038.39,122222.40,238888.33,0
2026-11-23,692044790.96,0,818149.12,0,457038.39,122222.40,238888.33,0
2026-11-22,691226641.85,0,818149.12,0,457038.39,122222.40,238888.33,0
2026-11-21,690408492.73,0,818149.11,0,457038.39,122222.40,238888.33,0
2026-11-20,689590343.62,0,818149.11,0,457038.39,122222.39,238888.33,0
2026-11-19,688772194.50,0,818149.11,0,457038.39,122222.39,238888.33,0
2026-11-18,687954045.39,0,818149.11,0,457038.39,122222.39,238888.33,0
2026-11-17,687135896.28,0,818149.11,0,457038.39,122222.39,238888.32,0
2026-11-16,686317747.18,0,818149.10,0,457038.39,122222.39,238888.32,0
2026-11-15,685499598.07,0,818149.10,0,457038.39,122222.39,238888.32,0
2026-11-14,684681448.97,0,818149.10,0,457038.39,122222.39,238888.32,0
2026-11-13,683863299.87,0,818149.10,0,457038.39,122222.39,238888.32,0
2026-11-12,683045150.77,0,818149.10,0,457038.39,122222.39,238888.32,0
2026-11-11,682227001.68,0,818149.09,0,457038.39,122222.39,238888.32,0
2026-11-10,681408852.58,0,818149.09,0,457038.39,122222.38,238888.32,0
2026-11-09,680590703.49,0,818149.09,0,457038.39,122222.38,238888.32,0
2026-11-08,679772554.40,0,818149.09,0,457038.39,122222.38,238888.32,0
2026-11-07,678954405.31,0,818149.09,0,457038.39,122222.38,238888.31,0
2026-11-06,678136256.23,0,818149.08,0,457038.39,122222.38,238888.31,0
2026-11-05,677318107.14,0,818149.08,0,457038.39,122222.38,238888.31,0
2026-11-04,676499958.06,0,818149.08,0,457038.39,122222.38,238888.31,0
2026-11-03,675681808.98,0,818149.08,0,457038.39,122222.38,238888.31,0
2026-11-02,674863659.90,0,818149.08,0,457038.39,122222.38,238888.31,0
2026-11-01,674045510.83,0,818149.07,0,457038.39,122222.38,238888.31,0
2026-10-31,673227361.75,0,818149.07,0,457038.39,122222.37,238888.31,0
2026-10-30,672409212.68,0,818149.07,0,457038.39,122222.37,238888.31,0
2026-10-29,671591063.61,0,818149.07,0,457038.39,122222.37,238888.31,0
2026-10-28,670772914.54,0,818149.07,0,457038.39,122222.37,238888.30,0
2026-10-27,669954765.47,0,818149.06,0,457038.39,122222.37,238888.30,0
2026-10-26,669136616.41,0,818149.06,0,457038.39,122222.37,238888.30,0
2026-10-25,668318467.35,0,818149.06,0,457038.39,122222.37,238888.30,0
2026-10-24,667500318.29,0,818149.06,0,457038.39,122222.37,238888.30,0
2026-10-23,666682169.23,0,818149.06,0,457038.39,122222.37,238888.30,0
2026-10-22,665864020.17,0,818149.05,0,457038.39,122222.37,238888.30,0
2026-10-21,665045871.12,0,818149.05,0,457038.39,122222.36,238888.30,0
2026-10-20,664227722.07,0,818149.05,0,457038.39,122222.36,238888.30,0
2026-10-19,663409573.02,0,818149.05,0,457038.39,122222.36,238888.30,0
2026-10-18,662591423.97,0,818149.05,0,457038.39,122222.36,238888.29,0
2026-10-17,661773274.92,0,818149.04,0,457038.39,122222.36,238888.29,0
2026-10-16,660955125.88,0,818149.04,0,457038.39,122222.36,238888.29,0
2026-10-15,660136976.84,0,818149.04,0,457038.39,122222.36,238888.29,0
2026-10-14,659318827.80,0,818149.04,0,457038.39,122222.36,238888.29,0
2026-10-13,658500678.76,0,818149.04,0,457038.39,122222.36,238888.29,0
2026-10-12,657682529.72,0,818149.03,0,457038.39,122222.36,238888.29,0
2026-10-11,656864380.69,0,818149.03,0,457038.39,122222.35,238888.29,0
2026-10-10,656046231.65,0,818149.03,0,457038.39,122222.35,238888.29,0
2026-10-09,655228082.62,0,818149.03,0,457038.39,122222.35,238888.29,0
2026-10-08,654409933.60,0,818149.03,0,457038.39,122222.35,238888.28,0
2026-10-07,653591784.57,0,818149.02,0,457038.39,122222.35,238888.28,0
2026-10-06,652773635.55,0,818149.02,0,457038.39,122222.35,238888.28,0
2026-10-05,651955486.52,0,818149.02,0,457038.39,122222.35,238888.28,0
2026-10-04,651137337.50,0,818149.02,0,457038.39,122222.35,238888.28,0
2026-10-03,650319188.48,0,818149.02,0,457038.39,122222.35,238888.28,0
2026-10-02,649501039.47,0,818149.01,0,457038.39,122222.35,238888.28,0
2026-10-01,648682890.45,0,818149.01,0,457038.39,122222.34,238888.28,0
2026-09-30,647864741.44,0,818149.01,0,457038.39,122222.34,238888.28,0
2026-09-29,647046592.43,0,818149.01,0,457038.39,122222.34,238888.28,0
2026-09-28,646228443.42,0,818149.01,0,457038.39,122222.34,238888.27,0
2026-09-27,645410294.42,0,818149.00,0,457038.39,122222.34,238888.27,0
2026-09-26,644592145.41,0,818149.00,0,457038.39,122222.34,238888.27,0
2026-09-25,643773996.41,0,818149.00,0,457038.39,122222.34,238888.27,0
2026-09-24,642955847.41,0,818149.00,0,457038.39,122222.34,238888.27,0
2026-09-23,642137698.41,0,818149.00,0,457038.39,122222.34,238888.27,0
2026-09-22,641319549.42,0,818148.99,0,457038.39,122222.34,238888.27,0
2026-09-21,640501400.42,0,818148.99,0,457038.39,122222.33,238888.27,0
2026-09-20,639683251.43,0,818148.99,0,457038.39,122222.33,238888.27,0
2026-09-19,638865102.44,0,818148.99,0,457038.39,122222.33,238888.27,0
2026-09-18,638046953.45,0,818148.99,0,457038.39,122222.33,238888.26,0
2026-09-17,637228804.47,0,818148.98,0,457038.39,122222.33,238888.26,0
2026-09-16,636410655.48,0,818148.98,0,457038.39,122222.33,238888.26,0
2026-09-15,635592506.50,0,818148.98,0,457038.39,122222.33,238888.26,0
2026-09-14,634774357.52,0,818148.98,0,457038.39,122222.33,238888.26,0
2026-09-13,633956208.54,0,818148.98,0,457038.39,122222.33,238888.26,0
2026-09-12,633138059.56,0,818148.97,0,457038.39,122222.33,238888.26,0
2026-09-11,632319910.59,0,818148.97,0,457038.39,122222.32,238888.26,0
2026-09-10,631501761.62,0,818148.97,0,457038.39,122222.32,238888.26,0
2026-09-09,630683612.65,0,818148.97,0,457038.39,122222.32,238888.26,0
2026-09-08,629865463.68,0,818148.97,0,457038.39,122222.32,238888.25,0
2026-09-07,629047314.71,0,818148.96,0,457038.39,122222.32,238888.25,0
2026-09-06,628229165.75,0,818148.96,0,457038.39,122222.32,238888.25,0
2026-09-05,627411016.79,0,818148.96,0,457038.39,122222.32,238888.25,0
2026-09-04,626592867.83,0,818148.96,0,457038.39,122222.32,238888.25,0
2026-09-03,625774718.87,0,818148.96,0,457038.39,122222.32,238888.25,0
2026-09-02,624956569.91,0,818148.95,0,457038.39,122222.32,238888.25,0
2026-09-01,624138420.96,0,818148.95,0,457038.39,122222.31,238888.25,0
2026-08-31,623320272.01,0,818148.95,0,457038.39,122222.31,238888.25,0
2026-08-30,622502123.05,0,818148.95,0,457038.39,122222.31,238888.25,0
2026-08-29,621683974.11,0,818148.95,0,457038.39,122222.31,238888.24,0
2026-08-28,620865825.16,0,818148.94,0,457038.39,122222.31,238888.24,0
2026-08-27,620047676.22,0,818148.94,0,457038.39,122222.31,238888.24,0
2026-08-26,619229527.27,0,818148.94,0,457038.39,122222.31,238888.24,0
2026-08-25,618411378.33,0,818148.94,0,457038.39,122222.31,238888.24,0
2026-08-24,617593229.40,0,818148.94,0,457038.39,122222.31,238888.24,0
2026-08-23,616775080.46,0,818148.93,0,457038.39,122222.31,238888.24,0
2026-08-22,615956931.53,0,818148.93,0,457038.39,122222.30,238888.24,0
2026-08-21,615138782.59,0,818148.93,0,457038.39,122222.30,238888.24,0
2026-08-20,614320633.66,0,818148.93,0,457038.39,122222.30,238888.24,0
2026-08-19,613502484.73,0,818148.93,0,457038.39,122222.30,238888.23,0
2026-08-18,612684335.81,0,818148.92,0,457038.39,122222.30,238888.23,0
2026-08-17,611866186.88,0,818148.92,0,457038.39,122222.30,238888.23,0
2026-08-16,611048037.96,0,818148.92,0,457038.39,122222.30,238888.23,0
2026-08-15,610229889.04,0,818148.92,0,457038.39,122222.30,238888.23,0
2026-08-14,609411740.12,0,818148.92,0,457038.39,122222.30,238888.23,0
2026-08-13,608593591.21,0,818148.91,0,457038.39,122222.30,238888.23,0
2026-08-12,607775442.29,0,818148.91,0,457038.39,122222.29,238888.23,0
2026-08-11,606957293.38,0,818148.91,0,457038.39,122222.29,238888.23,0
2026-08-10,606139144.47,0,818148.91,0,457038.39,122222.29,238888.23,0
2026-08-09,605320995.56,0,818148.91,0,457038.39,122222.29,238888.22,0
2026-08-08,604502846.66,0,818148.90,0,457038.39,122222.29,238888.22,0
2026-08-07,603684697.75,0,818148.90,0,457038.39,122222.29,238888.22,0
2026-08-06,602866548.85,0,818148.90,0,457038.39,122222.29,238888.22,0
2026-08-05,602048399.95,0,818148.90,0,457038.39,122222.29,238888.22,0
2026-08-04,601230251.05,0,818148.90,0,457038.39,122222.29,238888.22,0
2026-08-03,600412102.15,0,818148.89,0,457038.39,122222.29,238888.22,0
2026-08-02,599593953.26,0,818148.89,0,457038.39,122222.28,238888.22,0
2026-08-01,598775804.37,0,818148.89,0,457038.39,122222.28,238888.22,0
2026-07-31,597957655.48,0,818148.89,0,457038.39,122222.28,238888.22,0
2026-07-30,597139506.59,0,818148.89,0,457038.39,122222.28,238888.21,0
2026-07-29,596321357.70,0,818148.88,0,457038.39,122222.28,238888.21,0
2026-07-28,595503208.82,0,818148.88,0,457038.39,122222.28,238888.21,0
2026-07-27,594685059.94,0,818148.88,0,457038.39,122222.28,238888.21,0
2026-07-26,593866911.06,0,818148.88,0,457038.39,122222.28,238888.21,0
2026-07-25,593048762.18,0,818148.88,0,457038.39,122222.28,238888.21,0
2026-07-24,592230613.30,0,818148.87,0,457038.39,122222.28,238888.21,0
2026-07-23,591412464.43,0,818148.87,0,457038.39,122222.27,238888.21,0
2026-07-22,590594315.56,0,818148.87,0,457038.39,122222.27,238888.21,0
2026-07-21,589776166.69,0,818148.87,0,457038.39,122222.27,238888.21,0
2026-07-20,588958017.82,0,818148.87,0,457038.39,122222.27,238888.20,0
2026-07-19,588139868.95,0,818148.86,0,457038.39,122222.27,238888.20,0
2026-07-18,587321720.09,0,818148.86,0,457038.39,122222.27,238888.20,0
2026-07-17,586503571.23,0,818148.86,0,457038.39,122222.27,238888.20,0
2026-07-16,585685422.36,0,818148.86,0,457038.39,122222.27,238888.20,0
2026-07-15,584867273.51,0,818148.86,0,457038.39,122222.27,238888.20,0
2026-07-14,584049124.65,0,818148.85,0,457038.39,122222.27,238888.20,0
2026-07-13,583230975.80,0,818148.85,0,457038.39,122222.26,238888.20,0
2026-07-12,582412826.94,0,818148.85,0,457038.39,122222.26,238888.20,0
2026-07-11,581594678.09,0,818148.85,0,457038.39,122222.26,238888.20,0
2026-07-10,580776529.25,0,818148.85,0,457038.39,122222.26,238888.19,0
2026-07-09,579958380.40,0,818148.84,0,457038.39,122222.26,238888.19,0
2026-07-08,579140231.56,0,818148.84,0,457038.39,122222.26,238888.19,0
2026-07-07,578322082.71,0,818148.84,0,457038.39,122222.26,238888.19,0
2026-07-06,577503933.87,0,818148.84,0,457038.39,122222.26,238888.19,0
2026-07-05,576685785.03,0,818148.84,0,457038.39,122222.26,238888.19,0
2026-07-04,575867636.20,0,818148.83,0,457038.39,122222.26,238888.19,0
2026-07-03,575049487.36,0,818148.83,0,457038.39,122222.25,238888.19,0
2026-07-02,574231338.53,0,818148.83,0,457038.39,122222.25,238888.19,0
2026-07-01,573413189.70,0,818148.83,0,457038.39,122222.25,238888.19,0
2026-06-30,572595040.87,0,818148.83,0,457038.39,122222.25,238888.18,0
2026-06-29,571776892.05,0,818148.82,0,457038.39,122222.25,238888.18,0
2026-06-28,570958743.22,0,818148.82,0,457038.39,122222.25,238888.18,0
2026-06-27,570140594.40,0,818148.82,0,457038.39,122222.25,238888.18,0
2026-06-26,569322445.58,0,818148.82,0,457038.39,122222.25,238888.18,0
2026-06-25,568504296.76,0,818148.82,0,457038.39,122222.25,238888.18,0
2026-06-24,567686147.95,0,818148.81,0,457038.39,122222.25,238888.18,0
2026-06-23,566867999.13,0,818148.81,0,457038.39,122222.24,238888.18,0
2026-06-22,566049850.32,0,818148.81,0,457038.39,122222.24,238888.18,0
2026-06-21,565231701.51,0,818148.81,0,457038.39,122222.24,238888.18,0
2026-06-20,564413552.70,0,818148.81,0,457038.39,122222.24,238888.17,0
2026-06-19,563595403.89,0,818148.80,0,457038.39,122222.24,238888.17,0
2026-06-18,562777255.09,0,818148.80,0,457038.39,122222.24,238888.17,0
2026-06-17,561959106.29,0,818148.80,0,457038.39,122222.24,238888.17,0
2026-06-16,561140957.49,0,818148.80,0,457038.39,122222.24,238888.17,0
2026-06-15,560322808.69,0,818148.80,0,457038.39,122222.24,238888.17,0
2026-06-14,559504659.89,0,818148.79,0,457038.39,122222.24,238888.17,0
2026-06-13,558686511.10,0,818148.79,0,457038.39,122222.23,238888.17,0
2026-06-12,557868362.31,0,818148.79,0,457038.39,122222.23,238888.17,0
2026-06-11,557050213.52,0,818148.79,0,457038.39,122222.23,238888.17,0
2026-06-10,556232064.73,0,818148.79,0,457038.39,122222.23,238888.16,0
2026-06-09,555413915.94,0,818148.78,0,457038.39,122222.23,238888.16,0
2026-06-08,554595767.16,0,818148.78,0,457038.39,122222.23,238888.16,0
2026-06-07,553777618.38,0,818148.78,0,457038.39,122222.23,238888.16,0
2026-06-06,552959469.60,0,818148.78,0,457038.39,122222.23,238888.16,0
2026-06-05,552141320.82,0,818148.78,0,457038.39,122222.23,238888.16,0
2026-06-04,551323172.04,0,818148.77,0,457038.39,122222.23,238888.16,0
2026-06-03,550505023.27,0,818148.77,0,457038.39,122222.22,238888.16,0
2026-06-02,549686874.49,0,818148.77,0,457038.39,122222.22,238888.16,0
2026-06-01,548868725.72,0,818148.77,0,457038.39,122222.22,238888.16,0
2026-05-31,548050576.96,0,818148.77,0,457038.39,122222.22,238888.15,0
2026-05-30,547232428.19,0,818148.76,0,457038.39,122222.22,238888.15,0
2026-05-29,546414279.43,0,818148.76,0,457038.39,122222.22,238888.15,0
2026-05-28,545596130.66,0,818148.76,0,457038.39,122222.22,238888.15,0
2026-05-27,544777981.90,0,818148.76,0,457038.39,122222.22,238888.15,0
2026-05-26,543959833.15,0,818148.76,0,457038.39,122222.22,238888.15,0
2026-05-25,543141684.39,0,818148.75,0,457038.39,122222.22,238888.15,0
2026-05-24,542323535.63,0,818148.75,0,457038.39,122222.21,238888.15,0
2026-05-23,541505386.88,0,818148.75,0,457038.39,122222.21,238888.15,0
2026-05-22,540687238.13,0,818148.75,0,457038.39,122222.21,238888.15,0
2026-05-21,539869089.38,0,818148.75,0,457038.39,122222.21,238888.14,0
2026-05-20,539050940.64,0,818148.74,0,457038.39,122222.21,238888.14,0
2026-05-19,538232791.89,0,818148.74,0,457038.39,122222.21,238888.14,0
2026-05-18,537414643.15,0,818148.74,0,457038.39,122222.21,238888.14,0
2026-05-17,536596494.41,0,818148.74,0,457038.39,122222.21,238888.14,0
2026-05-16,535778345.67,0,818148.74,0,457038.39,122222.21,238888.14,0
2026-05-15,534960196.94,0,818148.73,0,457038.39,122222.21,238888.14,0
2026-05-14,534142048.20,0,818148.73,0,457038.39,122222.20,238888.14,0
2026-05-13,533323899.47,0,818148.73,0,457038.39,122222.20,238888.14,0
2026-05-12,532505750.74,0,818148.73,0,457038.39,122222.20,238888.14,0
2026-05-11,531687602.01,0,818148.73,0,457038.39,122222.20,238888.13,0
2026-05-10,530869453.29,0,818148.72,0,457038.39,122222.20,238888.13,0
2026-05-09,530051304.56,0,818148.72,0,457038.39,122222.20,238888.13,0
2026-05-08,529233155.84,0,818148.72,0,457038.39,122222.20,238888.13,0
2026-05-07,528415007.12,0,818148.72,0,457038.39,122222.20,238888.13,0
2026-05-06,527596858.40,0,818148.72,0,457038.39,122222.20,238888.13,0
2026-05-05,526778709.68,0,818148.71,0,457038.39,122222.20,238888.13,0
2026-05-04,525960560.97,0,818148.71,0,457038.39,122222.19,238888.13,0
2026-05-03,525142412.26,0,818148.71,0,457038.39,122222.19,238888.13,0
2026-05-02,524324263.55,0,818148.71,0,457038.39,122222.19,238888.13,0
2026-05-01,523506114.84,0,818148.71,0,457038.39,122222.19,238888.12,0
2026-04-30,522687966.13,0,818148.70,0,457038.39,122222.19,238888.12,0
2026-04-29,521869817.43,0,818148.70,0,457038.39,122222.19,238888.12,0
2026-04-28,521051668.73,0,818148.70,0,457038.39,122222.19,238888.12,0
2026-04-27,520233520.03,0,818148.70,0,457038.39,122222.19,238888.12,0
2026-04-26,519415371.33,0,818148.70,0,457038.39,122222.19,238888.12,0
2026-04-25,518597222.63,0,818148.69,0,457038.39,122222.19,238888.12,0
2026-04-24,517779073.94,0,818148.69,0,457038.39,122222.18,238888.12,0
2026-04-23,516960925.25,0,818148.69,0,457038.39,122222.18,238888.12,0
2026-04-22,516142776.56,0,818148.69,0,457038.39,122222.18,238888.12,0
2026-04-21,515324627.87,0,818148.69,0,457038.39,122222.18,238888.11,0
2026-04-20,514506479.18,0,818148.68,0,457038.39,122222.18,238888.11,0
2026-04-19,513688330.50,0,818148.68,0,457038.39,122222.18,238888.11,0
2026-04-18,512870181.81,0,818148.68,0,457038.39,122222.18,238888.11,0
2026-04-17,512052033.13,0,818148.68,0,457038.39,122222.18,238888.11,0
2026-04-16,511233884.46,0,818148.68,0,457038.39,122222.18,238888.11,0
2026-04-15,510415735.78,0,818148.67,0,457038.39,122222.18,238888.11,0
2026-04-14,509597587.11,0,818148.67,0,457038.39,122222.17,238888.11,0
2026-04-13,508779438.43,0,818148.67,0,457038.39,122222.17,238888.11,0
2026-04-12,507961289.76,0,818148.67,0,457038.39,122222.17,238888.11,0
2026-04-11,507143141.10,0,818148.67,0,457038.39,122222.17,238888.10,0
2026-04-10,506324992.43,0,818148.66,0,457038.39,122222.17,238888.10,0
2026-04-09,505506843.76,0,818148.66,0,457038.39,122222.17,238888.10,0
2026-04-08,504688695.10,0,818148.66,0,457038.39,122222.17,238888.10,0
2026-04-07,503870546.44,0,818148.66,0,457038.39,122222.17,238888.10,0
2026-04-06,503052397.78,0,818149.55,0,457038.39,122222.17,238888.99,0
2026-04-05,502234248.24,0,818149.54,0,457038.39,122222.17,238888.98,0
2026-04-04,501416098.70,0,818149.53,0,457038.39,122222.16,238888.97,0
2026-04-03,500597949.18,0,818149.51,0,457038.39,122222.16,238888.96,0
2026-04-02,499779799.66,0,818149.50,0,457038.39,122222.16,238888.95,0
2026-04-01,498961650.16,0,818149.49,0,457038.39,122222.16,238888.94,0
2026-03-31,498143500.67,0,818149.48,0,457038.39,122222.16,238888.93,0
2026-03-30,497325351.18,0,818149.47,0,457038.39,122222.16,238888.92,0
2026-03-29,496507201.71,0,818149.46,0,457038.39,122222.16,238888.91,0
2026-03-28,495689052.26,0,818149.45,0,457038.39,122222.16,238888.90,0
2026-03-27,494870902.81,0,818149.44,0,457038.39,122222.16,238888.89,0
2026-03-26,494052753.37,0,818149.43,0,457038.39,122222.16,238888.88,0
2026-03-25,493234603.94,0,818149.42,0,457038.39,122222.15,238888.87,0
2026-03-24,492416454.53,0,818149.40,0,457038.39,122222.15,238888.86,0
2026-03-23,491598305.12,0,818149.39,0,457038.39,122222.15,238888.85,0
2026-03-22,490780155.73,0,818149.38,0,457038.39,122222.15,238888.84,0
2026-03-21,489962006.35,0,818149.37,0,457038.39,122222.15,238888.83,0
2026-03-20,489143856.98,0,818149.36,0,457038.39,122222.15,238888.82,0
2026-03-19,488325707.62,0,818149.35,0,457038.39,122222.15,238888.81,0
2026-03-18,487507558.27,0,818149.34,0,457038.39,122222.15,238888.80,0
2026-03-17,486689408.93,0,818149.33,0,457038.39,122222.15,238888.79,0
2026-03-16,485871259.60,0,818149.32,0,457038.39,122222.15,238888.78,0
2026-03-15,485053110.29,0,818149.31,0,457038.39,122222.14,238888.77,0
2026-03-14,484234960.98,0,818149.29,0,457038.39,122222.14,238888.76,0
2026-03-13,483416811.69,0,818149.28,0,457038.39,122222.14,238888.75,0
2026-03-12,482598662.40,0,818149.27,0,457038.39,122222.14,238888.74,0
2026-03-11,481780513.13,0,818149.26,0,457038.39,122222.14,238888.73,0
2026-03-10,480962363.87,0,818149.25,0,457038.39,122222.14,238888.72,0
2026-03-09,480144214.62,0,818149.24,0,457038.39,122222.14,238888.71,0
2026-03-08,479326065.38,0,818149.23,0,457038.39,122222.14,238888.70,0
2026-03-07,478507916.15,0,818149.22,0,457038.39,122222.14,238888.69,0
2026-03-06,477689766.94,0,818149.21,0,457038.39,122222.14,238888.68,0
2026-03-05,476871617.73,0,818149.20,0,457038.39,122222.13,238888.67,0
2026-03-04,476053468.53,0,818149.18,0,457038.39,122222.13,238888.66,0
2026-03-03,475235319.35,0,818149.17,0,457038.39,122222.13,238888.65,0
2026-03-02,474417170.18,0,818149.16,0,457038.39,122222.13,238888.64,0
2026-03-01,473599021.01,0,818149.15,0,457038.39,122222.13,238888.63,0
2026-02-28,472780871.86,0,818149.14,0,457038.39,122222.13,238888.62,0
2026-02-27,471962722.72,0,818149.13,0,457038.39,122222.13,238888.61,0
2026-02-26,471144573.59,0,818149.12,0,457038.39,122222.13,238888.60,0
2026-02-25,470326424.48,0,818149.11,0,457038.39,122222.13,238888.59,0
2026-02-24,469508275.37,0,818149.10,0,457038.39,122222.13,238888.58,0
2026-02-23,468690126.27,0,818149.09,0,457038.39,122222.12,238888.57,0
2026-02-22,467871977.19,0,818149.07,0,457038.39,122222.12,238888.56,0
2026-02-21,467053828.11,0,818149.06,0,457038.39,122222.12,238888.55,0
2026-02-20,466235679.05,0,818149.05,0,457038.39,122222.12,238888.54,0
2026-02-19,465417530.00,0,818149.04,0,457038.39,122222.12,238888.53,0
2026-02-18,464599380.96,0,818149.03,0,457038.39,122222.12,238888.52,0
2026-02-17,463781231.93,0,818149.02,0,457038.39,122222.12,238888.51,0
2026-02-16,462963082.91,0,818149.01,0,457038.39,122222.12,238888.50,0
2026-02-15,462144933.90,0,818149.00,0,457038.39,122222.12,238888.49,0
2026-02-14,461326784.90,0,818148.99,0,457038.39,122222.12,238888.48,0
2026-02-13,460508635.91,0,818148.98,0,457038.39,122222.11,238888.47,0
2026-02-12,459690486.94,0,818148.96,0,457038.39,122222.11,238888.46,0
2026-02-11,458872337.97,0,818148.95,0,457038.39,122222.11,238888.45,0
2026-02-10,458054189.02,0,818148.94,0,457038.39,122222.11,238888.44,0
2026-02-09,457236040.08,0,818148.93,0,457038.39,122222.11,238888.43,0
2026-02-08,456417891.15,0,818148.92,0,457038.39,122222.11,238888.42,0
2026-02-07,455599742.23,0,818148.91,0,457038.39,122222.11,238888.41,0
2026-02-06,454781593.32,0,818148.90,0,457038.39,122222.11,238888.40,0
2026-02-05,453963444.42,0,818148.89,0,457038.39,122222.11,238888.39,0
2026-02-04,453145295.53,0,818148.88,0,457038.39,122222.11,238888.38,0
2026-02-03,452327146.66,0,818148.87,0,457038.39,122222.10,238888.37,0
2026-02-02,451508997.79,0,818148.85,0,457038.39,122222.10,238888.36,0
2026-02-01,450690848.94,0,818148.84,0,457038.39,122222.10,238888.35,0
2026-01-31,449872700.09,0,818148.83,0,457038.39,122222.10,238888.34,0
2026-01-30,449054551.26,0,818148.82,0,457038.39,122222.10,238888.33,0
2026-01-29,448236402.44,0,818149.70,0,457038.39,122222.99,238888.32,0
2026-01-28,447418252.74,0,818149.68,0,457038.39,122222.98,238888.31,0
2026-01-27,446600103.06,0,818149.66,0,457038.39,122222.97,238888.30,0
2026-01-26,445781953.40,0,818149.64,0,457038.39,122222.96,238888.29,0
2026-01-25,444963803.76,0,818149.62,0,457038.39,122222.95,238888.28,0
2026-01-24,444145654.13,0,818149.60,0,457038.39,122222.94,238888.27,0
2026-01-23,443327504.53,0,818149.58,0,457038.39,122222.93,238888.26,0
2026-01-22,442509354.95,0,818149.56,0,457038.39,122222.92,238888.25,0
2026-01-21,441691205.39,0,818149.54,0,457038.39,122222.91,238888.24,0
2026-01-20,440873055.85,0,818149.52,0,457038.39,122222.90,238888.23,0
2026-01-19,440054906.33,0,818149.50,0,457038.39,122222.89,238888.22,0
2026-01-18,439236756.83,0,818149.48,0,457038.39,122222.88,238888.21,0
2026-01-17,438418607.35,0,818149.46,0,457038.39,122222.87,238888.20,0
2026-01-16,437600457.89,0,818149.44,0,457038.39,122222.86,238888.19,0
2026-01-15,436782308.44,0,818149.42,0,457038.39,122222.85,238888.18,0
2026-01-14,435964159.02,0,818149.40,0,457038.39,122222.84,238888.17,0
2026-01-13,435146009.62,0,818149.38,0,457038.39,122222.83,238888.16,0
2026-01-12,434327860.24,0,818149.36,0,457038.39,122222.82,238888.15,0
2026-01-11,433509710.88,0,818149.34,0,457038.39,122222.81,238888.14,0
2026-01-10,432691561.54,0,818149.32,0,457038.39,122222.80,238888.13,0
2026-01-09,431873412.22,0,818149.30,0,457038.39,122222.79,238888.12,0
2026-01-08,431055262.92,0,818149.28,0,457038.39,122222.78,238888.11,0
2026-01-07,430237113.63,0,818149.26,0,457038.39,122222.77,238888.10,0
2026-01-06,429418964.37,0,818149.24,0,457038.39,122222.76,238888.09,0
2026-01-05,428600815.13,0,818149.22,0,457038.39,122222.75,238888.08,0
2026-01-04,427782665.91,0,818149.20,0,457038.39,122222.74,238888.07,0
2026-01-03,426964516.71,0,818149.18,0,457038.39,122222.73,238888.06,0
2026-01-02,426146367.53,0,818149.16,0,457038.39,122222.72,238888.05,0
2026-01-01,425328218.37,0,818149.14,0,457038.39,122222.71,238888.04,0
2025-12-31,424510069.23,0,818149.12,0,457038.39,122222.70,238888.03,0
2025-12-30,423691920.10,0,818149.10,0,457038.39,122222.69,238888.02,0
2025-12-29,422873771.00,0,818149.08,0,457038.39,122222.68,238888.01,0
2025-12-28,422055621.92,0,818149.06,0,457038.39,122222.67,238888.00,0
2025-12-27,421237472.86,0,818149.06,0,457038.39,122222.66,238888.01,0
2025-12-26,420419323.80,0,818149.06,0,457038.39,122222.65,238888.02,0
2025-12-25,419601174.74,0,818149.06,0,457038.39,122222.64,238888.03,0
2025-12-24,418783025.68,0,818149.06,0,457038.39,122222.63,238888.04,0
2025-12-23,417964876.62,0,818149.06,0,457038.39,122222.62,238888.05,0
2025-12-22,417146727.55,0,818149.06,0,457038.39,122222.61,238888.06,0
2025-12-21,416328578.49,0,818149.06,0,457038.39,122222.60,238888.07,0
2025-12-20,415510429.43,0,818149.06,0,457038.39,122222.59,238888.08,0
2025-12-19,414692280.37,0,818149.06,0,457038.39,122222.58,238888.09,0
2025-12-18,413874131.31,0,818149.06,0,457038.39,122222.57,238888.10,0
2025-12-17,413055982.25,0,818149.06,0,457038.39,122222.56,238888.11,0
2025-12-16,412237833.19,0,818149.06,0,457038.39,122222.55,238888.12,0
2025-12-15,411419684.13,0,818149.06,0,457038.39,122222.54,238888.13,0
2025-12-14,410601535.06,0,818149.06,0,457038.39,122222.53,238888.14,0
2025-12-13,409783386.00,0,818149.06,0,457038.39,122222.52,238888.15,0
2025-12-12,408965236.94,0,818149.06,0,457038.39,122222.51,238888.16,0
2025-12-11,408147087.88,0,818149.06,0,457038.39,122222.50,238888.17,0
2025-12-10,407328938.82,0,818149.06,0,457038.39,122222.49,238888.18,0
2025-12-09,406510789.76,0,818149.06,0,457038.39,122222.48,238888.19,0
2025-12-08,405692640.70,0,818149.06,0,457038.39,122222.47,238888.20,0
2025-12-07,404874491.64,0,818149.06,0,457038.39,122222.46,238888.21,0
2025-12-06,404056342.57,0,818149.06,0,457038.39,122222.45,238888.22,0
2025-12-05,403238193.51,0,818149.06,0,457038.39,122222.44,238888.23,0
2025-12-04,402420044.45,0,818149.06,0,457038.39,122222.43,238888.24,0
2025-12-03,401601895.39,0,818149.06,0,457038.39,122222.42,238888.25,0
2025-12-02,400783746.33,0,818149.06,0,457038.39,122222.41,238888.26,0
2025-12-01,399965597.27,0,818149.06,0,457038.39,122222.40,238888.27,0
2025-11-30,399147448.21,0,818149.06,0,457038.39,122222.39,238888.28,0
2025-11-29,398329299.15,0,818149.06,0,457038.39,122222.38,238888.29,0
2025-11-28,397511150.09,0,818149.06,0,457038.39,122222.37,238888.30,0
2025-11-27,396693001.02,0,818149.06,0,457038.39,122222.36,238888.31,0
2025-11-26,395874851.96,0,818149.06,0,457038.39,122222.35,238888.32,0
2025-11-25,395056702.90,0,818149.06,0,457038.39,122222.34,238888.33,0
2025-11-24,394238553.84,0,818149.06,0,457038.39,122222.33,238888.34,0
2025-11-23,393420404.78,0,818149.06,0,457038.39,122222.32,238888.35,0
2025-11-22,392602255.72,0,818149.06,0,457038.39,122222.31,238888.36,0
2025-11-21,391784106.66,0,818149.06,0,457038.39,122222.30,238888.37,0
2025-11-20,390965957.60,0,818149.06,0,457038.39,122222.29,238888.38,0
2025-11-19,390147808.53,0,818149.06,0,457038.39,122222.28,238888.39,0
2025-11-18,389329659.47,0,818149.06,0,457038.39,122222.27,238888.40,0
2025-11-17,388511510.41,0,818149.06,0,457038.39,122222.26,238888.41,0
2025-11-16,387693361.35,0,818149.06,0,457038.39,122222.25,238888.42,0
2025-11-15,386875212.29,0,818149.06,0,457038.39,122222.24,238888.43,0
2025-11-14,386057063.23,0,818149.06,0,457038.39,122222.23,238888.44,0
2025-11-13,385238914.17,0,818149.06,0,457038.39,122222.22,238888.45,0
2025-11-12,384420765.11,0,818149.06,0,457038.39,122222.21,238888.46,0
2025-11-11,383602616.04,0,818149.06,0,457038.39,122222.20,238888.47,0
2025-11-10,382784466.98,0,818149.06,0,457038.39,122222.19,238888.48,0
2025-11-09,381966317.92,0,818149.06,0,457038.39,122222.18,238888.49,0
2025-11-08,381148168.86,0,818149.06,0,457038.39,122222.17,238888.50,0
2025-11-07,380330019.80,0,818149.06,0,457038.39,122222.16,238888.51,0
2025-11-06,379511870.74,0,818149.06,0,457038.39,122222.15,238888.52,0
2025-11-05,378693721.68,0,818149.06,0,457038.39,122222.14,238888.53,0
2025-11-04,377875572.62,0,818149.06,0,457038.39,122222.13,238888.54,0
2025-11-03,377057423.55,0,818149.06,0,457038.39,122222.12,238888.55,0
2025-11-02,376239274.49,0,818149.06,0,457038.39,122222.11,238888.56,0
2025-11-01,375421125.43,0,818149.06,0,457038.39,122222.10,238888.57,0
2025-10-31,374602976.37,0,818149.06,0,457038.39,122222.09,238888.58,0
2025-10-30,373784827.31,0,818149.06,0,457038.39,122222.08,238888.59,0
2025-10-29,372966678.25,0,818149.06,0,457038.39,122222.07,238888.60,0
2025-10-28,372148529.19,0,818149.06,0,457038.39,122222.06,238888.61,0
2025-10-27,371330380.13,0,818149.06,0,457038.39,122222.05,238888.62,0
2025-10-26,370512231.06,0,818149.06,0,457038.39,122222.04,238888.63,0
2025-10-25,369694082.00,0,818149.06,0,457038.39,122222.03,238888.64,0
2025-10-24,368875932.94,0,818149.06,0,457038.39,122222.02,238888.65,0
2025-10-23,368057783.88,0,818149.06,0,457038.39,122222.01,238888.66,0
2025-10-22,367239634.82,0,818149.06,0,457038.39,122222.00,238888.67,0
2025-10-21,366421485.76,0,818149.08,0,457038.39,122222.01,238888.68,0
2025-10-20,365603336.68,0,818149.10,0,457038.39,122222.02,238888.69,0
2025-10-19,364785187.58,0,818149.12,0,457038.39,122222.03,238888.70,0
2025-10-18,363967038.45,0,818149.14,0,457038.39,122222.04,238888.71,0
2025-10-17,363148889.31,0,818149.16,0,457038.39,122222.05,238888.72,0
2025-10-16,362330740.15,0,818149.18,0,457038.39,122222.06,238888.73,0
2025-10-15,361512590.97,0,818149.20,0,457038.39,122222.07,238888.74,0
2025-10-14,360694441.77,0,361110.83,0,0,122222.08,238888.75,0
2025-10-13,360333330.94,0,361110.85,0,0,122222.09,238888.76,0
2025-10-12,359972220.09,0,361110.87,0,0,122222.10,238888.77,0
2025-10-11,359611109.22,0,361110.89,0,0,122222.11,238888.78,0
2025-10-10,359249998.33,0,361110.91,0,0,122222.12,238888.79,0
2025-10-09,358888887.42,0,361110.93,0,0,122222.13,238888.80,0
2025-10-08,358527776.49,0,361110.95,0,0,122222.14,238888.81,0
2025-10-07,358166665.54,0,361110.97,0,0,122222.15,238888.82,0
2025-10-06,357805554.57,0,361110.99,0,0,122222.16,238888.83,0
2025-10-05,357444443.58,0,361111.01,0,0,122222.17,238888.84,0
2025-10-04,357083332.57,0,361111.03,0,0,122222.18,238888.85,0
2025-10-03,356722221.54,0,361111.05,0,0,122222.19,238888.86,0
2025-10-02,356361110.49,0,361111.07,0,0,122222.20,238888.87,0
2025-10-01,355999999.42,0,361111.09,0,0,122222.21,238888.88,0
2025-09-30,355638888.33,0.00,361111.11,0,0,122222.22,238888.89,0
2025-09-29,355277777.22,0.00,361111.11,0,0,122222.22,238888.89,0
2025-09-28,354916666.11,0.00,361111.11,0,0,122222.22,238888.89,0
2025-09-27,354555555.00,0.00,361111.11,0,0,122222.22,238888.89,0
2025-09-26,354194443.89,0.00,361111.11,0,0,122222.22,238888.89,0
2025-09-25,353833332.78,0.00,361111.11,0,0,122222.22,238888.89,0
2025-09-24,353472221.67,0.00,361111.11,0,0,122222.22,238888.89,0
2025-09-23,353111110.56,0.00,361111.11,0,0,122222.22,238888.89,0
2025-09-22,352749999.45,0.00,361111.11,0,0,122222.22,238888.89,0
2025-09-21,352388888.34,0.00,361111.11,0,0,122222.22,238888.89,0
2025-09-20,352027777.23,0.00,361111.11,0,0,122222.22,238888.89,0
2025-09-19,351666666.12,0.00,361111.11,0,0,122222.22,238888.89,0
2025-09-18,351305555.01,0.00,361111.11,0,0,122222.22,238888.89,0
2025-09-17,350944443.90,0.00,361111.11,0,0,122222.22,238888.89,0
2025-09-16,350583332.79,0.00,361111.11,0,0,122222.22,238888.89,0
2025-09-15,350222221.68,0.00,361111.11,0,0,122222.22,238888.89,0
2025-09-14,349861110.57,0.00,361111.11,0,0,122222.22,238888.89,0
2025-09-13,349499999.46,0.00,361111.11,0,0,122222.22,238888.89,0
2025-09-12,349138888.35,0.00,361111.11,0,0,122222.22,238888.89,0
2025-09-11,348777777.24,0.00,361111.11,0,0,122222.22,238888.89,0
2025-09-10,348416666.13,0.00,361111.11,0,0,122222.22,238888.89,0
2025-09-09,348055555.02,0.00,361111.11,0,0,122222.22,238888.89,0
2025-09-08,347694443.91,0.00,361111.11,0,0,122222.22,238888.89,0
2025-09-07,347333332.80,0.00,361111.11,0,0,122222.22,238888.89,0
2025-09-06,346972221.69,0.00,361111.11,0,0,122222.22,238888.89,0
2025-09-05,346611110.58,0.00,361111.11,0,0,122222.22,238888.89,0
2025-09-04,346249999.47,0.00,361111.11,0,0,122222.22,238888.89,0
2025-09-03,345888888.36,0.00,361111.11,0,0,122222.22,238888.89,0
2025-09-02,345527777.25,0.00,361111.11,0,0,122222.22,238888.89,0
2025-09-01,345166666.14,0.00,361111.11,0,0,122222.22,238888.89,0
2025-08-31,344805555.03,0.00,361111.11,0,0,122222.22,238888.89,0
2025-08-30,344444443.92,0.00,361111.11,0,0,122222.22,238888.89,0
2025-08-29,344083332.81,0.00,361111.11,0,0,122222.22,238888.89,0
2025-08-28,343722221.70,0.00,361111.11,0,0,122222.22,238888.89,0
2025-08-27,343361110.59,0.00,361111.11,0,0,122222.22,238888.89,0
2025-08-26,342999999.48,0.00,361111.11,0,0,122222.22,238888.89,0
2025-08-25,342638888.37,0.00,361111.11,0,0,122222.22,238888.89,0
2025-08-24,342277777.26,0.00,361111.11,0,0,122222.22,238888.89,0
2025-08-23,341916666.15,0.00,361111.11,0,0,122222.22,238888.89,0
2025-08-22,341555555.04,0.00,361111.11,0,0,122222.22,238888.89,0
2025-08-21,341194443.93,0.00,361111.11,0,0,122222.22,238888.89,0
2025-08-20,340833332.82,0.00,361111.11,0,0,122222.22,238888.89,0
2025-08-19,340472221.71,0.00,361111.11,0,0,122222.22,238888.89,0
2025-08-18,340111110.60,0.00,361111.11,0,0,122222.22,238888.89,0
2025-08-17,339749999.49,0.00,361111.11,0,0,122222.22,238888.89,0
2025-08-16,339388888.38,0.00,361111.11,0,0,122222.22,238888.89,0
2025-08-15,339027777.27,0.00,361111.11,0,0,122222.22,238888.89,0
2025-08-14,338666666.16,0.00,361111.11,0,0,122222.22,238888.89,0
2025-08-13,338305555.05,0.00,361111.11,0,0,122222.22,238888.89,0
2025-08-12,337944443.94,0.00,361111.11,0,0,122222.22,238888.89,0
2025-08-11,337583332.83,0.00,361111.11,0,0,122222.22,238888.89,0
2025-08-10,337222221.72,0.00,361111.11,0,0,122222.22,238888.89,0
2025-08-09,336861110.61,0.00,361111.11,0,0,122222.22,238888.89,0
2025-08-08,336499999.50,0.00,361111.11,0,0,122222.22,238888.89,0
2025-08-07,336138888.39,0.00,361111.11,0,0,122222.22,238888.89,0
2025-08-06,335777777.28,0.00,361111.11,0,0,122222.22,238888.89,0
2025-08-05,335416666.17,0.00,361111.11,0,0,122222.22,238888.89,0
2025-08-04,335055555.06,0.00,361111.11,0,0,122222.22,238888.89,0
2025-08-03,334694443.95,0.00,361111.11,0,0,122222.22,238888.89,0
2025-08-02,334333332.84,0.00,361111.11,0,0,122222.22,238888.89,0
2025-08-01,333972221.73,0.00,361111.11,0,0,122222.22,238888.89,0
2025-07-31,333611110.62,0.00,361111.11,0,0,122222.22,238888.89,0
2025-07-30,333249999.51,0.00,361111.11,0,0,122222.22,238888.89,0
2025-07-29,332888888.40,0.00,361111.11,0,0,122222.22,238888.89,0
2025-07-28,332527777.29,0.00,361111.11,0,0,122222.22,238888.89,0
2025-07-27,332166666.18,0.00,361111.11,0,0,122222.22,238888.89,0
2025-07-26,331805555.07,0.00,361111.11,0,0,122222.22,238888.89,0
2025-07-25,331444443.96,0.00,361111.11,0,0,122222.22,238888.89,0
2025-07-24,331083332.85,0.00,361111.11,0,0,122222.22,238888.89,0
2025-07-23,330722221.74,0.00,361111.11,0,0,122222.22,238888.89,0
2025-07-22,330361110.63,0.00,361111.11,0,0,122222.22,238888.89,0
2025-07-21,329999999.52,0.00,361111.11,0,0,122222.22,238888.89,0
2025-07-20,329638888.41,0.00,361111.11,0,0,122222.22,238888.89,0
2025-07-19,329277777.30,0.00,361111.11,0,0,122222.22,238888.89,0
2025-07-18,328916666.19,0.00,361111.11,0,0,122222.22,238888.89,0
2025-07-17,328555555.08,0.00,361111.11,0,0,122222.22,238888.89,0
2025-07-16,328194443.97,0.00,361111.11,0,0,122222.22,238888.89,0
2025-07-15,327833332.86,0.00,361111.11,0,0,122222.22,238888.89,0
2025-07-14,327472221.75,0.00,361111.11,0,0,122222.22,238888.89,0
2025-07-13,327111110.64,0.00,361111.11,0,0,122222.22,238888.89,0
2025-07-12,326749999.53,0.00,361111.11,0,0,122222.22,238888.89,0
2025-07-11,326388888.42,0.00,361111.11,0,0,122222.22,238888.89,0
2025-07-10,326027777.31,0.00,361111.11,0,0,122222.22,238888.89,0
2025-07-09,325666666.20,0.00,361111.11,0,0,122222.22,238888.89,0
2025-07-08,325305555.09,0.00,361111.11,0,0,122222.22,238888.89,0
2025-07-07,324944443.98,0.00,361111.11,0,0,122222.22,238888.89,0
2025-07-06,324583332.87,0.00,361111.11,0,0,122222.22,238888.89,0
2025-07-05,324222221.76,0.00,361111.11,0,0,122222.22,238888.89,0
2025-07-04,323861110.65,0.00,361111.11,0,0,122222.22,238888.89,0
2025-07-03,323499999.54,0.00,361111.11,0,0,122222.22,238888.89,0
2025-07-02,323138888.43,0.00,361111.11,0,0,122222.22,238888.89,0
2025-07-01,322777777.32,0.00,361111.11,0,0,122222.22,238888.89,0
2025-06-30,322416666.21,0.00,361111.11,0,0,122222.22,238888.89,0
2025-06-29,322055555.10,0.00,361111.11,0,0,122222.22,238888.89,0
2025-06-28,321694443.99,0.00,361111.11,0,0,122222.22,238888.89,0
2025-06-27,321333332.88,0.00,361111.11,0,0,122222.22,238888.89,0
2025-06-26,320972221.77,0.00,361111.11,0,0,122222.22,238888.89,0
2025-06-25,320611110.66,0.00,361111.11,0,0,122222.22,238888.89,0
2025-06-24,320249999.55,0.00,361111.11,0,0,122222.22,238888.89,0
2025-06-23,319888888.44,0.00,361111.11,0,0,122222.22,238888.89,0
2025-06-22,319527777.33,0.00,361111.11,0,0,122222.22,238888.89,0
2025-06-21,319166666.22,0.00,361111.11,0,0,122222.22,238888.89,0
2025-06-20,318805555.11,0.00,361111.11,0,0,122222.22,238888.89,0
2025-06-19,318444444.00,0.00,361111.11,0,0,122222.22,238888.89,0
2025-06-18,318083332.89,0.00,361111.11,0,0,122222.22,238888.89,0
2025-06-17,317722221.78,0.00,361111.11,0,0,122222.22,238888.89,0
2025-06-16,317361110.67,0.00,361111.11,0,0,122222.22,238888.89,0
2025-06-15,316999999.56,0.00,361111.11,0,0,122222.22,238888.89,0
2025-06-14,316638888.45,0.00,361111.11,0,0,122222.22,238888.89,0
2025-06-13,316277777.34,0.00,361111.11,0,0,122222.22,238888.89,0
2025-06-12,315916666.23,0.00,361111.11,0,0,122222.22,238888.89,0
2025-06-11,315555555.12,0.00,361111.11,0,0,122222.22,238888.89,0
2025-06-10,315194444.01,0.00,361111.11,0,0,122222.22,238888.89,0
2025-06-09,314833332.90,0.00,361111.11,0,0,122222.22,238888.89,0
2025-06-08,314472221.79,0.00,361111.11,0,0,122222.22,238888.89,0
2025-06-07,314111110.68,0.00,361111.11,0,0,122222.22,238888.89,0
2025-06-06,313749999.57,0.00,361111.11,0,0,122222.22,238888.89,0
2025-06-05,313388888.46,0.00,361111.11,0,0,122222.22,238888.89,0
2025-06-04,313027777.35,0.00,361111.11,0,0,122222.22,238888.89,0
2025-06-03,312666666.24,0.00,361111.11,0,0,122222.22,238888.89,0
2025-06-02,312305555.13,0.00,361111.11,0,0,122222.22,238888.89,0
2025-06-01,311944444.02,0.00,361111.11,0,0,122222.22,238888.89,0
2025-05-31,311583332.91,0.00,361111.11,0,0,122222.22,238888.89,0
2025-05-30,311222221.80,0.00,361111.11,0,0,122222.22,238888.89,0
2025-05-29,310861110.69,0.00,361111.11,0,0,122222.22,238888.89,0
2025-05-28,310499999.58,0.00,361111.11,0,0,122222.22,238888.89,0
2025-05-27,310138888.47,0.00,361111.11,0,0,122222.22,238888.89,0
2025-05-26,309777777.36,0.00,361111.11,0,0,122222.22,238888.89,0
2025-05-25,309416666.25,0.00,361111.11,0,0,122222.22,238888.89,0
2025-05-24,309055555.14,0.00,361111.11,0,0,122222.22,238888.89,0
2025-05-23,308694444.03,0.00,361111.11,0,0,122222.22,238888.89,0
2025-05-22,308333332.92,0.00,361111.11,0,0,122222.22,238888.89,0
2025-05-21,307972221.81,0.00,361111.11,0,0,122222.22,238888.89,0
2025-05-20,307611110.70,0.00,361111.11,0,0,122222.22,238888.89,0
2025-05-19,307249999.59,0.00,361111.11,0,0,122222.22,238888.89,0
2025-05-18,306888888.48,0.00,361111.11,0,0,122222.22,238888.89,0
2025-05-17,306527777.37,0.00,361111.11,0,0,122222.22,238888.89,0
2025-05-16,306166666.26,0.00,361111.11,0,0,122222.22,238888.89,0
2025-05-15,305805555.15,0.00,361111.11,0,0,122222.22,238888.89,0
2025-05-14,305444444.04,0.00,361111.11,0,0,122222.22,238888.89,0
2025-05-13,305083332.93,0.00,361111.11,0,0,122222.22,238888.89,0
2025-05-12,304722221.82,0.00,361111.11,0,0,122222.22,238888.89,0
2025-05-11,304361110.71,0.00,361111.11,0,0,122222.22,238888.89,0
2025-05-10,303999999.60,0.00,361111.11,0,0,122222.22,238888.89,0
2025-05-09,303638888.49,0.00,361111.11,0,0,122222.22,238888.89,0
2025-05-08,303277777.38,0.00,361111.11,0,0,122222.22,238888.89,0
2025-05-07,302916666.27,0.00,361111.11,0,0,122222.22,238888.89,0
2025-05-06,302555555.16,0.00,361111.11,0,0,122222.22,238888.89,0
2025-05-05,302194444.05,0.00,361111.11,0,0,122222.22,238888.89,0
2025-05-04,301833332.94,0.00,361111.11,0,0,122222.22,238888.89,0
2025-05-03,301472221.83,0.00,361111.11,0,0,122222.22,238888.89,0
2025-05-02,301111110.72,0.00,361111.11,0,0,122222.22,238888.89,0
2025-05-01,300749999.61,0.00,361111.11,0,0,122222.22,238888.89,0
2025-04-30,300388888.50,0.00,361111.11,0,0,122222.22,238888.89,0
2025-04-29,300027777.39,0.00,361111.11,0,0,122222.22,238888.89,0
2025-04-28,299666666.28,0.00,361111.11,0,0,122222.22,238888.89,0
2025-04-27,299305555.17,0.00,361111.11,0,0,122222.22,238888.89,0
2025-04-26,298944444.06,0.00,361111.11,0,0,122222.22,238888.89,0
2025-04-25,298583332.95,0.00,361111.11,0,0,122222.22,238888.89,0
2025-04-24,298222221.84,0.00,361111.11,0,0,122222.22,238888.89,0
2025-04-23,297861110.73,0.00,361111.11,0,0,122222.22,238888.89,0
2025-04-22,297499999.62,0.00,361111.11,0,0,122222.22,238888.89,0
2025-04-21,297138888.51,0.00,361111.11,0,0,122222.22,238888.89,0
2025-04-20,296777777.40,0.00,361111.11,0,0,122222.22,238888.89,0
2025-04-19,296416666.29,0.00,361111.11,0,0,122222.22,238888.89,0
2025-04-18,296055555.18,0.00,361111.11,0,0,122222.22,238888.89,0
2025-04-17,295694444.07,0.00,361111.11,0,0,122222.22,238888.89,0
2025-04-16,295333332.96,0.00,361111.11,0,0,122222.22,238888.89,0
2025-04-15,294972221.85,0.00,361111.11,0,0,122222.22,238888.89,0
2025-04-14,294611110.74,0.00,361111.11,0,0,122222.22,238888.89,0
2025-04-13,294249999.63,0.00,361111.11,0,0,122222.22,238888.89,0
2025-04-12,293888888.52,0.00,361111.11,0,0,122222.22,238888.89,0
2025-04-11,293527777.41,0.00,361111.11,0,0,122222.22,238888.89,0
2025-04-10,293166666.30,0.00,361111.11,0,0,122222.22,238888.89,0
2025-04-09,292805555.19,0.00,361111.11,0,0,122222.22,238888.89,0
2025-04-08,292444444.08,0.00,361111.11,0,0,122222.22,238888.89,0
2025-04-07,292083332.97,0.00,361111.11,0,0,122222.22,238888.89,0
2025-04-06,291722221.86,0.00,361111.11,0,0,122222.22,238888.89,0
2025-04-05,291361110.75,0.00,361111.11,0,0,122222.22,238888.89,0
2025-04-04,290999999.64,0.00,361111.11,0,0,122222.22,238888.89,0
2025-04-03,290638888.53,0.00,361111.11,0,0,122222.22,238888.89,0
2025-04-02,290277777.42,0.00,361111.11,0,0,122222.22,238888.89,0
2025-04-01,289916666.31,0.00,361111.11,0,0,122222.22,238888.89,0
2025-03-31,289555555.20,0.00,361111.11,0,0,122222.22,238888.89,0
2025-03-30,289194444.09,0.00,361111.11,0,0,122222.22,238888.89,0
2025-03-29,288833332.98,0.00,361111.11,0,0,122222.22,238888.89,0
2025-03-28,288472221.87,0.00,361111.11,0,0,122222.22,238888.89,0
2025-03-27,288111110.76,0.00,361111.11,0,0,122222.22,238888.89,0
2025-03-26,287749999.65,0.00,361111.11,0,0,122222.22,238888.89,0
2025-03-25,287388888.54,0.00,361111.11,0,0,122222.22,238888.89,0
2025-03-24,287027777.43,0.00,361111.11,0,0,122222.22,238888.89,0
2025-03-23,286666666.32,0.00,361111.11,0,0,122222.22,238888.89,0
2025-03-22,286305555.21,0.00,361111.11,0,0,122222.22,238888.89,0
2025-03-21,285944444.10,0.00,361111.11,0,0,122222.22,238888.89,0
2025-03-20,285583332.99,0.00,361111.11,0,0,122222.22,238888.89,0
2025-03-19,285222221.88,0.00,361111.11,0,0,122222.22,238888.89,0
2025-03-18,284861110.77,0.00,361111.11,0,0,122222.22,238888.89,0
2025-03-17,284499999.66,0.00,361111.11,0,0,122222.22,238888.89,0
2025-03-16,284138888.55,0.00,361111.11,0,0,122222.22,238888.89,0
2025-03-15,283777777.44,0.00,361111.11,0,0,122222.22,238888.89,0
2025-03-14,283416666.33,0.00,361111.11,0,0,122222.22,238888.89,0
2025-03-13,283055555.22,0.00,361111.11,0,0,122222.22,238888.89,0
2025-03-12,282694444.11,0.00,361111.11,0,0,122222.22,238888.89,0
2025-03-11,282333333.00,0.00,361111.11,0,0,122222.22,238888.89,0
2025-03-10,281972221.89,0.00,361111.11,0,0,122222.22,238888.89,0
2025-03-09,281611110.78,0.00,361111.11,0,0,122222.22,238888.89,0
2025-03-08,281249999.67,0.00,361111.11,0,0,122222.22,238888.89,0
2025-03-07,280888888.56,0.00,361111.11,0,0,122222.22,238888.89,0
2025-03-06,280527777.45,0.00,361111.11,0,0,122222.22,238888.89,0
2025-03-05,280166666.34,0.00,361111.11,0,0,122222.22,238888.89,0
2025-03-04,279805555.23,0.00,361111.11,0,0,122222.22,238888.89,0
2025-03-03,279444444.12,0.00,361111.11,0,0,122222.22,238888.89,0
2025-03-02,279083333.01,0.00,361111.11,0,0,122222.22,238888.89,0
2025-03-01,278722221.90,0.00,361111.11,0,0,122222.22,238888.89,0
2025-02-28,278361110.79,0.00,361111.11,0,0,122222.22,238888.89,0
2025-02-27,277999999.68,0.00,361111.11,0,0,122222.22,238888.89,0
2025-02-26,277638888.57,0.00,361111.11,0,0,122222.22,238888.89,0
2025-02-25,277277777.46,0.00,361111.11,0,0,122222.22,238888.89,0
2025-02-24,276916666.35,0.00,361111.11,0,0,122222.22,238888.89,0
2025-02-23,276555555.24,0.00,361111.11,0,0,122222.22,238888.89,0
2025-02-22,276194444.13,0.00,361111.11,0,0,122222.22,238888.89,0
2025-02-21,275833333.02,0.00,361111.11,0,0,122222.22,238888.89,0
2025-02-20,275472221.91,0.00,361111.11,0,0,122222.22,238888.89,0
2025-02-19,275111110.80,0.00,361111.11,0,0,122222.22,238888.89,0
2025-02-18,274749999.69,0.00,361111.11,0,0,122222.22,238888.89,0
2025-02-17,274388888.58,0.00,361111.11,0,0,122222.22,238888.89,0
2025-02-16,274027777.47,0.00,361111.11,0,0,122222.22,238888.89,0
2025-02-15,273666666.36,0.00,361111.11,0,0,122222.22,238888.89,0
2025-02-14,273305555.25,0.00,361111.11,0,0,122222.22,238888.89,0
2025-02-13,272944444.14,0.00,361111.11,0,0,122222.22,238888.89,0
2025-02-12,272583333.03,0.00,361111.11,0,0,122222.22,238888.89,0
2025-02-11,272222221.92,0.00,361111.11,0,0,122222.22,238888.89,0
2025-02-10,271861110.81,0.00,361111.11,0,0,122222.22,238888.89,0
2025-02-09,271499999.70,0.00,361111.11,0,0,122222.22,238888.89,0
2025-02-08,271138888.59,0.00,361111.11,0,0,122222.22,238888.89,0
2025-02-07,270777777.48,0.00,361111.11,0,0,122222.22,238888.89,0
2025-02-06,270416666.37,0.00,361111.11,0,0,122222.22,238888.89,0
2025-02-05,270055555.26,0.00,361111.11,0,0,122222.22,238888.89,0
2025-02-04,269694444.15,0.00,361111.11,0,0,122222.22,238888.89,0
2025-02-03,269333333.04,0.00,361111.11,0,0,122222.22,238888.89,0
2025-02-02,268972221.93,0.00,361111.11,0,0,122222.22,238888.89,0
2025-02-01,268611110.82,0.00,361111.11,0,0,122222.22,238888.89,0
2025-01-31,268249999.71,0.00,361111.11,0,0,122222.22,238888.89,0
2025-01-30,267888888.60,0.00,361111.11,0,0,122222.22,238888.89,0
2025-01-29,267527777.49,0.00,361111.11,0,0,122222.22,238888.89,0
2025-01-28,267166666.38,0.00,361111.11,0,0,122222.22,238888.89,0
2025-01-27,266805555.27,0.00,361111.11,0,0,122222.22,238888.89,0
2025-01-26,266444444.16,0.00,361111.11,0,0,122222.22,238888.89,0
2025-01-25,266083333.05,0.00,361111.11,0,0,122222.22,238888.89,0
2025-01-24,265722221.94,0.00,361111.11,0,0,122222.22,238888.89,0
2025-01-23,265361110.83,0.00,361111.11,0,0,122222.22,238888.89,0
2025-01-22,264999999.72,0.00,361111.11,0,0,122222.22,238888.89,0
2025-01-21,264638888.61,0.00,361111.11,0,0,122222.22,238888.89,0
2025-01-20,264277777.50,0.00,361111.11,0,0,122222.22,238888.89,0
2025-01-19,263916666.39,0.00,361111.11,0,0,122222.22,238888.89,0
2025-01-18,263555555.28,0.00,361111.11,0,0,122222.22,238888.89,0
2025-01-17,263194444.17,0.00,361111.11,0,0,122222.22,238888.89,0
2025-01-16,262833333.06,0.00,361111.11,0,0,122222.22,238888.89,0
2025-01-15,262472221.95,0.00,361111.11,0,0,122222.22,238888.89,0
2025-01-14,262111110.84,0.00,361111.11,0,0,122222.22,238888.89,0
2025-01-13,261749999.73,0.00,361111.11,0,0,122222.22,238888.89,0
2025-01-12,261388888.62,0.00,361111.11,0,0,122222.22,238888.89,0
2025-01-11,261027777.51,0.00,361111.11,0,0,122222.22,238888.89,0
2025-01-10,260666666.40,0.00,361111.11,0,0,122222.22,238888.89,0
2025-01-09,260305555.29,0.00,361111.11,0,0,122222.22,238888.89,0
2025-01-08,259944444.18,0.00,361111.11,0,0,122222.22,238888.89,0
2025-01-07,259583333.07,0.00,361111.11,0,0,122222.22,238888.89,0
2025-01-06,259222221.96,0.00,361111.11,0,0,122222.22,238888.89,0
2025-01-05,258861110.85,0.00,361111.11,0,0,122222.22,238888.89,0
2025-01-04,258499999.74,0.00,361111.11,0,0,122222.22,238888.89,0
2025-01-03,258138888.63,0.00,361111.11,0,0,122222.22,238888.89,0
2025-01-02,257777777.52,0.00,361111.11,0,0,122222.22,238888.89,0
2025-01-01,257416666.41,0.00,361111.11,0,0,122222.22,238888.89,0
2024-12-31,257055555.30,0.00,361111.11,0,0,122222.22,238888.89,0
2024-12-30,256694444.19,0.00,361111.11,0,0,122222.22,238888.89,0
2024-12-29,256333333.08,0.00,361111.11,0,0,122222.22,238888.89,0
2024-12-28,255972221.97,0.00,361111.11,0,0,122222.22,238888.89,0
2024-12-27,255611110.86,0.00,361111.11,0,0,122222.22,238888.89,0
2024-12-26,255249999.75,0.00,361111.11,0,0,122222.22,238888.89,0
2024-12-25,254888888.64,0.00,361111.11,0,0,122222.22,238888.89,0
2024-12-24,254527777.53,0.00,361111.11,0,0,122222.22,238888.89,0
2024-12-23,254166666.42,0.00,361111.11,0,0,122222.22,238888.89,0
2024-12-22,253805555.31,0.00,361111.11,0,0,122222.22,238888.89,0
2024-12-21,253444444.20,0.00,361111.11,0,0,122222.22,238888.89,0
2024-12-20,253083333.09,0.00,361111.11,0,0,122222.22,238888.89,0
2024-12-19,252722221.98,0.00,361111.11,0,0,122222.22,238888.89,0
2024-12-18,252361110.87,0.00,361111.11,0,0,122222.22,238888.89,0
2024-12-17,251999999.76,0.00,361111.11,0,0,122222.22,238888.89,0
2024-12-16,251638888.65,0.00,361111.11,0,0,122222.22,238888.89,0
2024-12-15,251277777.54,0.00,361111.11,0,0,122222.22,238888.89,0
2024-12-14,250916666.43,0.00,361111.11,0,0,122222.22,238888.89,0
2024-12-13,250555555.32,0.00,361111.11,0,0,122222.22,238888.89,0
2024-12-12,250194444.21,0.00,361111.11,0,0,122222.22,238888.89,0
2024-12-11,249833333.10,0.00,361111.11,0,0,122222.22,238888.89,0
2024-12-10,249472221.99,0.00,361111.11,0,0,122222.22,238888.89,0
2024-12-09,249111110.88,0.00,361111.11,0,0,122222.22,238888.89,0
2024-12-08,248749999.77,0.00,361111.11,0,0,122222.22,238888.89,0
2024-12-07,248388888.66,0.00,361111.11,0,0,122222.22,238888.89,0
2024-12-06,248027777.55,0.00,361111.11,0,0,122222.22,238888.89,0
2024-12-05,247666666.44,0.00,361111.11,0,0,122222.22,238888.89,0
2024-12-04,247305555.33,0.00,361111.11,0,0,122222.22,238888.89,0
2024-12-03,246944444.22,0.00,361111.11,0,0,122222.22,238888.89,0
2024-12-02,246583333.11,0.00,361111.11,0,0,122222.22,238888.89,0
2024-12-01,246222222.00,0.00,361111.11,0,0,122222.22,238888.89,0
2024-11-30,245861110.89,0.00,361111.11,0,0,122222.22,238888.89,0
2024-11-29,245499999.78,0.00,361111.11,0,0,122222.22,238888.89,0
2024-11-28,245138888.67,0.00,361111.11,0,0,122222.22,238888.89,0
2024-11-27,244777777.56,0.00,361111.11,0,0,122222.22,238888.89,0
2024-11-26,244416666.45,0.00,361111.11,0,0,122222.22,238888.89,0
2024-11-25,244055555.34,0.00,361111.11,0,0,122222.22,238888.89,0
2024-11-24,243694444.23,0.00,361111.11,0,0,122222.22,238888.89,0
2024-11-23,243333333.12,0.00,361111.11,0,0,122222.22,238888.89,0
2024-11-22,242972222.01,0.00,361111.11,0,0,122222.22,238888.89,0
2024-11-21,242611110.90,0.00,361111.11,0,0,122222.22,238888.89,0
2024-11-20,242249999.79,0.00,361111.11,0,0,122222.22,238888.89,0
2024-11-19,241888888.68,0.00,361111.11,0,0,122222.22,238888.89,0
2024-11-18,241527777.57,0.00,361111.11,0,0,122222.22,238888.89,0
2024-11-17,241166666.46,0.00,361111.11,0,0,122222.22,238888.89,0
2024-11-16,240805555.35,0.00,361111.11,0,0,122222.22,238888.89,0
2024-11-15,240444444.24,0.00,361111.11,0,0,122222.22,238888.89,0
2024-11-14,240083333.13,0.00,361111.11,0,0,122222.22,238888.89,0
2024-11-13,239722222.02,0.00,361111.11,0,0,122222.22,238888.89,0
2024-11-12,239361110.91,0.00,361111.11,0,0,122222.22,238888.89,0
2024-11-11,238999999.80,0.00,361111.11,0,0,122222.22,238888.89,0
2024-11-10,238638888.69,0.00,361111.11,0,0,122222.22,238888.89,0
2024-11-09,238277777.58,0.00,361111.11,0,0,122222.22,238888.89,0
2024-11-08,237916666.47,0.00,361111.11,0,0,122222.22,238888.89,0
2024-11-07,237555555.36,0.00,361111.11,0,0,122222.22,238888.89,0
2024-11-06,237194444.25,0.00,361111.11,0,0,122222.22,238888.89,0
2024-11-05,236833333.14,0.00,361111.11,0,0,122222.22,238888.89,0
2024-11-04,236472222.03,0.00,361111.11,0,0,122222.22,238888.89,0
2024-11-03,236111110.92,0.00,361111.11,0,0,122222.22,238888.89,0
2024-11-02,235749999.81,0.00,361111.11,0,0,122222.22,238888.89,0
2024-11-01,235388888.70,0.00,361111.11,0,0,122222.22,238888.89,0
2024-10-31,235027777.59,0.00,361111.11,0,0,122222.22,238888.89,0
2024-10-30,234666666.48,0.00,361111.11,0,0,122222.22,238888.89,0
2024-10-29,234305555.37,0.00,361111.11,0,0,122222.22,238888.89,0
2024-10-28,233944444.26,0.00,361111.11,0,0,122222.22,238888.89,0
2024-10-27,233583333.15,0.00,361111.11,0,0,122222.22,238888.89,0
2024-10-26,233222222.04,0.00,361111.11,0,0,122222.22,238888.89,0
2024-10-25,232861110.93,0.00,361111.11,0,0,122222.22,238888.89,0
2024-10-24,232499999.82,0.00,361111.11,0,0,122222.22,238888.89,0
2024-10-23,232138888.71,0.00,361111.11,0,0,122222.22,238888.89,0
2024-10-22,231777777.60,0.00,361111.11,0,0,122222.22,238888.89,0
2024-10-21,231416666.49,0.00,361111.11,0,0,122222.22,238888.89,0
2024-10-20,231055555.38,0.00,361111.11,0,0,122222.22,238888.89,0
2024-10-19,230694444.27,0.00,361111.11,0,0,122222.22,238888.89,0
2024-10-18,230333333.16,0.00,361111.11,0,0,122222.22,238888.89,0
2024-10-17,229972222.05,0.00,361111.11,0,0,122222.22,238888.89,0
2024-10-16,229611110.94,0.00,361111.11,0,0,122222.22,238888.89,0
2024-10-15,229249999.83,0.00,361111.11,0,0,122222.22,238888.89,0
2024-10-14,228888888.72,0.00,361111.11,0,0,122222.22,238888.89,0
2024-10-13,228527777.61,0.00,361111.11,0,0,122222.22,238888.89,0
2024-10-12,228166666.50,0.00,361111.11,0,0,122222.22,238888.89,0
2024-10-11,227805555.39,0.00,361111.11,0,0,122222.22,238888.89,0
2024-10-10,227444444.28,0.00,361111.11,0,0,122222.22,238888.89,0
2024-10-09,227083333.17,0.00,361111.11,0,0,122222.22,238888.89,0
2024-10-08,226722222.06,0.00,361111.11,0,0,122222.22,238888.89,0
2024-10-07,226361110.95,0.00,361111.11,0,0,122222.22,238888.89,0
2024-10-06,225999999.84,0.00,361111.11,0,0,122222.22,238888.89,0
2024-10-05,225638888.73,0.00,361111.11,0,0,122222.22,238888.89,0
2024-10-04,225277777.62,0.00,361111.11,0,0,122222.22,238888.89,0
2024-10-03,224916666.51,0.00,361111.11,0,0,122222.22,238888.89,0
2024-10-02,224555555.40,0.00,361111.11,0,0,122222.22,238888.89,0
2024-10-01,224194444.29,0.00,361111.11,0,0,122222.22,238888.89,0
2024-09-30,223833333.18,0.00,361111.11,0,0,122222.22,238888.89,0
2024-09-29,223472222.07,0.00,361111.11,0,0,122222.22,238888.89,0
2024-09-28,223111110.96,0.00,361111.11,0,0,122222.22,238888.89,0
2024-09-27,222749999.85,0.00,361111.11,0,0,122222.22,238888.89,0
2024-09-26,222388888.74,0.00,361111.11,0,0,122222.22,238888.89,0
2024-09-25,222027777.63,0.00,361111.11,0,0,122222.22,238888.89,0
2024-09-24,221666666.52,0.00,361111.11,0,0,122222.22,238888.89,0
2024-09-23,221305555.41,0.00,361111.11,0,0,122222.22,238888.89,0
2024-09-22,220944444.30,0.00,361111.11,0,0,122222.22,238888.89,0
2024-09-21,220583333.19,0.00,361111.11,0,0,122222.22,238888.89,0
2024-09-20,220222222.08,0.00,361111.11,0,0,122222.22,238888.89,0
2024-09-19,219861110.97,0.00,361111.11,0,0,122222.22,238888.89,0
2024-09-18,219499999.86,0.00,361111.11,0,0,122222.22,238888.89,0
2024-09-17,219138888.75,0.00,361111.11,0,0,122222.22,238888.89,0
2024-09-16,218777777.64,0.00,361111.11,0,0,122222.22,238888.89,0
2024-09-15,218416666.53,0.00,361111.11,0,0,122222.22,238888.89,0
2024-09-14,218055555.42,0.00,361111.11,0,0,122222.22,238888.89,0
2024-09-13,217694444.31,0.00,361111.11,0,0,122222.22,238888.89,0
2024-09-12,217333333.20,0.00,361111.11,0,0,122222.22,238888.89,0
2024-09-11,216972222.09,0.00,361111.11,0,0,122222.22,238888.89,0
2024-09-10,216611110.98,0.00,361111.11,0,0,122222.22,238888.89,0
2024-09-09,216249999.87,0.00,361111.11,0,0,122222.22,238888.89,0
2024-09-08,215888888.76,0.00,361111.11,0,0,122222.22,238888.89,0
2024-09-07,215527777.65,0.00,361111.11,0,0,122222.22,238888.89,0
2024-09-06,215166666.54,0.00,361111.11,0,0,122222.22,238888.89,0
2024-09-05,214805555.43,0.00,361111.11,0,0,122222.22,238888.89,0
2024-09-04,214444444.32,0.00,361111.11,0,0,122222.22,238888.89,0
2024-09-03,214083333.21,0.00,361111.11,0,0,122222.22,238888.89,0
2024-09-02,213722222.10,0.00,361111.11,0,0,122222.22,238888.89,0
2024-09-01,213361110.99,0.00,361111.11,0,0,122222.22,238888.89,0
2024-08-31,212999999.88,0.00,361111.11,0,0,122222.22,238888.89,0
2024-08-30,212638888.77,0.00,361111.11,0,0,122222.22,238888.89,0
2024-08-29,212277777.66,0.00,361111.11,0,0,122222.22,238888.89,0
2024-08-28,211916666.55,0.00,361111.11,0,0,122222.22,238888.89,0
2024-08-27,211555555.44,0.00,361111.11,0,0,122222.22,238888.89,0
2024-08-26,211194444.33,0.00,361111.11,0,0,122222.22,238888.89,0
2024-08-25,210833333.22,0.00,361111.11,0,0,122222.22,238888.89,0
2024-08-24,210472222.11,0.00,361111.11,0,0,122222.22,238888.89,0
2024-08-23,210111111.00,0.00,361111.11,0,0,122222.22,238888.89,0
2024-08-22,209749999.89,0.00,361111.11,0,0,122222.22,238888.89,0
2024-08-21,209388888.78,0.00,361111.11,0,0,122222.22,238888.89,0
2024-08-20,209027777.67,0.00,361111.11,0,0,122222.22,238888.89,0
2024-08-19,208666666.56,0.00,361111.11,0,0,122222.22,238888.89,0
2024-08-18,208305555.45,0.00,361111.11,0,0,122222.22,238888.89,0
2024-08-17,207944444.34,0.00,361111.11,0,0,122222.22,238888.89,0
2024-08-16,207583333.23,0.00,361111.11,0,0,122222.22,238888.89,0
2024-08-15,207222222.12,0.00,361111.11,0,0,122222.22,238888.89,0
2024-08-14,206861111.01,0.00,361111.11,0,0,122222.22,238888.89,0
2024-08-13,206499999.90,0.00,361111.11,0,0,122222.22,238888.89,0
2024-08-12,206138888.79,0.00,361111.11,0,0,122222.22,238888.89,0
2024-08-11,205777777.68,0.00,361111.11,0,0,122222.22,238888.89,0
2024-08-10,205416666.57,0.00,361111.11,0,0,122222.22,238888.89,0
2024-08-09,205055555.46,0.00,361111.11,0,0,122222.22,238888.89,0
2024-08-08,204694444.35,0.00,361111.11,0,0,122222.22,238888.89,0
2024-08-07,204333333.24,0.00,361111.11,0,0,122222.22,238888.89,0
2024-08-06,203972222.13,0.00,361111.11,0,0,122222.22,238888.89,0
2024-08-05,203611111.02,0.00,361111.11,0,0,122222.22,238888.89,0
2024-08-04,203249999.91,0.00,361111.11,0,0,122222.22,238888.89,0
2024-08-03,202888888.80,0.00,361111.11,0,0,122222.22,238888.89,0
2024-08-02,202527777.69,0.00,361111.11,0,0,122222.22,238888.89,0
2024-08-01,202166666.58,0.00,361111.11,0,0,122222.22,238888.89,0
2024-07-31,201805555.47,0.00,361111.11,0,0,122222.22,238888.89,0
2024-07-30,201444444.36,0.00,361111.11,0,0,122222.22,238888.89,0
2024-07-29,201083333.25,0.00,361111.11,0,0,122222.22,238888.89,0
2024-07-28,200722222.14,0.00,361111.11,0,0,122222.22,238888.89,0
2024-07-27,200361111.03,0.00,361111.11,0,0,122222.22,238888.89,0
2024-07-26,199999999.92,0.00,361111.11,0,0,122222.22,238888.89,0
2024-07-25,199638888.81,0.00,361111.11,0,0,122222.22,238888.89,0
2024-07-24,199277777.70,0.00,361111.11,0,0,122222.22,238888.89,0
2024-07-23,198916666.59,0.00,361111.11,0,0,122222.22,238888.89,0
2024-07-22,198555555.48,0.00,361111.11,0,0,122222.22,238888.89,0
2024-07-21,198194444.37,0.00,361111.11,0,0,122222.22,238888.89,0
2024-07-20,197833333.26,0.00,361111.11,0,0,122222.22,238888.89,0
2024-07-19,197472222.15,0.00,361111.11,0,0,122222.22,238888.89,0
2024-07-18,197111111.04,0.00,361111.11,0,0,122222.22,238888.89,0
2024-07-17,196749999.93,0.00,361111.11,0,0,122222.22,238888.89,0
2024-07-16,196388888.82,0.00,361111.11,0,0,122222.22,238888.89,0
2024-07-15,196027777.71,0.00,361111.11,0,0,122222.22,238888.89,0
2024-07-14,195666666.60,0.00,361111.11,0,0,122222.22,238888.89,0
2024-07-13,195305555.49,0.00,361111.11,0,0,122222.22,238888.89,0
2024-07-12,194944444.38,0.00,361111.11,0,0,122222.22,238888.89,0
2024-07-11,194583333.27,0.00,361111.11,0,0,122222.22,238888.89,0
2024-07-10,194222222.16,0.00,361111.11,0,0,122222.22,238888.89,0
2024-07-09,193861111.05,0.00,361111.11,0,0,122222.22,238888.89,0
2024-07-08,193499999.94,0.00,361111.11,0,0,122222.22,238888.89,0
2024-07-07,193138888.83,0.00,361111.11,0,0,122222.22,238888.89,0
2024-07-06,192777777.72,0.00,361111.11,0,0,122222.22,238888.89,0
2024-07-05,192416666.61,0.00,361111.11,0,0,122222.22,238888.89,0
2024-07-04,192055555.50,0.00,361111.11,0,0,122222.22,238888.89,0
2024-07-03,191694444.39,0.00,361111.11,0,0,122222.22,238888.89,0
2024-07-02,191333333.28,0.00,361111.11,0,0,122222.22,238888.89,0
2024-07-01,190972222.17,0.00,361111.11,0,0,122222.22,238888.89,0
2024-06-30,190611111.06,0.00,361111.11,0,0,122222.22,238888.89,0
2024-06-29,190249999.95,0.00,361111.11,0,0,122222.22,238888.89,0
2024-06-28,189888888.84,0.00,361111.11,0,0,122222.22,238888.89,0
2024-06-27,189527777.73,0.00,361111.11,0,0,122222.22,238888.89,0
2024-06-26,189166666.62,0.00,361111.11,0,0,122222.22,238888.89,0
2024-06-25,188805555.51,0.00,361111.11,0,0,122222.22,238888.89,0
2024-06-24,188444444.40,0.00,361111.11,0,0,122222.22,238888.89,0
2024-06-23,188083333.29,0.00,361111.11,0,0,122222.22,238888.89,0
2024-06-22,187722222.18,0.00,361111.11,0,0,122222.22,238888.89,0
2024-06-21,187361111.07,0.00,361111.11,0,0,122222.22,238888.89,0
2024-06-20,186999999.96,0.00,361111.11,0,0,122222.22,238888.89,0
2024-06-19,186638888.85,0.00,361111.11,0,0,122222.22,238888.89,0
2024-06-18,186277777.74,0.00,361111.11,0,0,122222.22,238888.89,0
2024-06-17,185916666.63,0.00,361111.11,0,0,122222.22,238888.89,0
2024-06-16,185555555.52,0.00,361111.11,0,0,122222.22,238888.89,0
2024-06-15,185194444.41,0.00,361111.11,0,0,122222.22,238888.89,0
2024-06-14,184833333.30,0.00,361111.11,0,0,122222.22,238888.89,0
2024-06-13,184472222.19,0.00,361111.11,0,0,122222.22,238888.89,0
2024-06-12,184111111.08,0.00,361111.11,0,0,122222.22,238888.89,0
2024-06-11,183749999.97,0.00,361111.11,0,0,122222.22,238888.89,0
2024-06-10,183388888.86,0.00,361111.11,0,0,122222.22,238888.89,0
2024-06-09,183027777.75,0.00,361111.11,0,0,122222.22,238888.89,0
2024-06-08,182666666.64,0.00,361111.11,0,0,122222.22,238888.89,0
2024-06-07,182305555.53,0.00,361111.11,0,0,122222.22,238888.89,0
2024-06-06,181944444.42,0.00,361111.11,0,0,122222.22,238888.89,0
2024-06-05,181583333.31,0.00,361111.11,0,0,122222.22,238888.89,0
2024-06-04,181222222.20,0.00,361111.11,0,0,122222.22,238888.89,0
2024-06-03,180861111.09,0.00,361111.11,0,0,122222.22,238888.89,0
2024-06-02,180499999.98,0.00,361111.11,0,0,122222.22,238888.89,0
2024-06-01,180138888.87,0.00,361111.11,0,0,122222.22,238888.89,0
2024-05-31,179777777.76,0.00,361111.11,0,0,122222.22,238888.89,0
2024-05-30,179416666.65,0.00,361111.11,0,0,122222.22,238888.89,0
2024-05-29,179055555.54,0.00,361111.11,0,0,122222.22,238888.89,0
2024-05-28,178694444.43,0.00,361111.11,0,0,122222.22,238888.89,0
2024-05-27,178333333.32,0.00,361111.11,0,0,122222.22,238888.89,0
2024-05-26,177972222.21,0.00,361111.11,0,0,122222.22,238888.89,0
2024-05-25,177611111.10,0.00,361111.11,0,0,122222.22,238888.89,0
2024-05-24,177249999.99,0.00,361111.11,0,0,122222.22,238888.89,0
2024-05-23,176888888.88,0.00,361111.11,0,0,122222.22,238888.89,0
2024-05-22,176527777.77,0.00,361111.11,0,0,122222.22,238888.89,0
2024-05-21,176166666.66,0.00,361111.11,0,0,122222.22,238888.89,0
2024-05-20,175805555.55,0.00,361111.11,0,0,122222.22,238888.89,0
2024-05-19,175444444.44,0.00,361111.11,0,0,122222.22,238888.89,0
2024-05-18,175083333.33,0.00,361111.11,0,0,122222.22,238888.89,0
2024-05-17,174722222.22,0.00,361111.11,0,0,122222.22,238888.89,0
2024-05-16,174361111.11,0.00,174361111.11,100000000.00,0,122222.22,238888.89,74000000