date,emissions_native,premine_unlocks_native,net_supply_change_native,circulating_supply
2024-03-01,0.00,0.00,0.00,0.00
2024-03-02,0.00,0.00,0.00,0.00
2024-03-03,0.00,0.00,0.00,0.00
2024-03-04,0.00,0.00,0.00,0.00
2024-03-05,0.00,0.00,0.00,0.00
2024-03-06,0.00,0.00,0.00,0.00
2024-03-07,0.00,0.00,0.00,0.00
2024-03-08,0.00,0.00,0.00,0.00
2024-03-09,0.00,0.00,0.00,0.00
2024-03-10,0.00,0.00,0.00,0.00
2024-03-11,0.00,0.00,0.00,0.00
2024-03-12,0.00,0.00,0.00,0.00
2024-03-13,0.00,0.00,0.00,0.00
2024-03-14,0.00,0.00,0.00,0.00
2024-03-15,0.00,0.00,0.00,0.00
2024-03-16,0.00,0.00,0.00,0.00
2024-03-17,0.00,0.00,0.00,0.00
2024-03-18,0.00,"112,971,150.11","112,971,150.11","112,971,150.11"
2024-03-19,0.00,0.00,0.00,"112,971,150.11"
2024-03-20,0.00,0.00,0.00,"112,971,150.11"
2024-03-21,0.00,0.00,0.00,"112,971,150.11"
2024-03-22,0.00,0.00,0.00,"112,971,150.11"
2024-03-23,0.00,0.00,0.00,"112,971,150.11"
2024-03-24,0.00,0.00,0.00,"112,971,150.11"
2024-03-25,0.00,0.00,0.00,"112,971,150.11"
2024-03-26,0.00,0.00,0.00,"112,971,150.11"
2024-03-27,0.00,0.00,0.00,"112,971,150.11"
2024-03-28,0.00,0.00,0.00,"112,971,150.11"
2024-03-29,0.00,0.00,0.00,"112,971,150.11"
2024-03-30,0.00,0.00,0.00,"112,971,150.11"
2024-03-31,0.00,0.00,0.00,"112,971,150.11"
2024-04-01,0.00,0.00,0.00,"112,971,150.11"
2024-04-02,0.00,0.00,0.00,"112,971,150.11"
2024-04-03,0.00,0.00,0.00,"112,971,150.11"
2024-04-04,0.00,0.00,0.00,"112,971,150.11"
2024-04-05,0.00,0.00,0.00,"112,971,150.11"
2024-04-06,0.00,0.00,0.00,"112,971,150.11"
2024-04-07,0.00,0.00,0.00,"112,971,150.11"
2024-04-08,0.00,0.00,0.00,"112,971,150.11"
2024-04-09,0.00,0.00,0.00,"112,971,150.11"
2024-04-10,0.00,0.00,0.00,"112,971,150.11"
2024-04-11,0.00,0.00,0.00,"112,971,150.11"
2024-04-12,0.00,0.00,0.00,"112,971,150.11"
2024-04-13,0.00,0.00,0.00,"112,971,150.11"
2024-04-14,0.00,0.00,0.00,"112,971,150.11"
2024-04-15,0.00,0.00,0.00,"112,971,150.11"
2024-04-16,0.00,0.00,0.00,"112,971,150.11"
2024-04-17,0.00,0.00,0.00,"112,971,150.11"
2024-04-18,0.00,0.00,0.00,"112,971,150.11"
2024-04-19,0.00,0.00,0.00,"112,971,150.11"
2024-04-20,0.00,0.00,0.00,"112,971,150.11"
2024-04-21,0.00,0.00,0.00,"112,971,150.11"
2024-04-22,0.00,0.00,0.00,"112,971,150.11"
2024-04-23,0.00,0.00,0.00,"112,971,150.11"
2024-04-24,0.00,0.00,0.00,"112,971,150.11"
2024-04-25,0.00,0.00,0.00,"112,971,150.11"
2024-04-26,0.00,0.00,0.00,"112,971,150.11"
2024-04-27,0.00,0.00,0.00,"112,971,150.11"
2024-04-28,0.00,0.00,0.00,"112,971,150.11"
2024-04-29,0.00,0.00,0.00,"112,971,150.11"
2024-04-30,0.00,0.00,0.00,"112,971,150.11"
2024-05-01,0.00,0.00,0.00,"112,971,150.11"
2024-05-02,0.00,0.00,0.00,"112,971,150.11"
2024-05-03,0.00,0.00,0.00,"112,971,150.11"
2024-05-04,0.00,0.00,0.00,"112,971,150.11"
2024-05-05,0.00,0.00,0.00,"112,971,150.11"
2024-05-06,0.00,0.00,0.00,"112,971,150.11"
2024-05-07,0.00,0.00,0.00,"112,971,150.11"
2024-05-08,0.00,0.00,0.00,"112,971,150.11"
2024-05-09,0.00,0.00,0.00,"112,971,150.11"
2024-05-10,0.00,0.00,0.00,"112,971,150.11"
2024-05-11,0.00,0.00,0.00,"112,971,150.11"
2024-05-12,0.00,0.00,0.00,"112,971,150.11"
2024-05-13,0.00,0.00,0.00,"112,971,150.11"
2024-05-14,0.00,0.00,0.00,"112,971,150.11"
2024-05-15,0.00,0.00,0.00,"112,971,150.11"
2024-05-16,0.00,0.00,0.00,"112,971,150.11"
2024-05-17,0.00,0.00,0.00,"112,971,150.11"
2024-05-18,0.00,0.00,0.00,"112,971,150.11"
2024-05-19,0.00,0.00,0.00,"112,971,150.11"
2024-05-20,0.00,0.00,0.00,"112,971,150.11"
2024-05-21,0.00,0.00,0.00,"112,971,150.11"
2024-05-22,0.00,0.00,0.00,"112,971,150.11"
2024-05-23,0.00,0.00,0.00,"112,971,150.11"
2024-05-24,0.00,0.00,0.00,"112,971,150.11"
2024-05-25,0.00,0.00,0.00,"112,971,150.11"
2024-05-26,0.00,0.00,0.00,"112,971,150.11"
2024-05-27,0.00,0.00,0.00,"112,971,150.11"
2024-05-28,0.00,0.00,0.00,"112,971,150.11"
2024-05-29,0.00,0.00,0.00,"112,971,150.11"
2024-05-30,0.00,0.00,0.00,"112,971,150.11"
2024-05-31,0.00,0.00,0.00,"112,971,150.11"
2024-06-01,0.00,0.00,0.00,"112,971,150.11"
2024-06-02,0.00,0.00,0.00,"112,971,150.11"
2024-06-03,0.00,0.00,0.00,"112,971,150.11"
2024-06-04,0.00,0.00,0.00,"112,971,150.11"
2024-06-05,0.00,0.00,0.00,"112,971,150.11"
2024-06-06,0.00,0.00,0.00,"112,971,150.11"
2024-06-07,0.00,0.00,0.00,"112,971,150.11"
2024-06-08,0.00,0.00,0.00,"112,971,150.11"
2024-06-09,0.00,0.00,0.00,"112,971,150.11"
2024-06-10,0.00,0.00,0.00,"112,971,150.11"
2024-06-11,0.00,0.00,0.00,"112,971,150.11"
2024-06-12,0.00,0.00,0.00,"112,971,150.11"
2024-06-13,0.00,0.00,0.00,"112,971,150.11"
2024-06-14,0.00,0.00,0.00,"112,971,150.11"
2024-06-15,0.00,0.00,0.00,"112,971,150.11"
2024-06-16,0.00,0.00,0.00,"112,971,150.11"
2024-06-17,0.00,0.00,0.00,"112,971,150.11"
2024-06-18,0.00,0.00,0.00,"112,971,150.11"
2024-06-19,0.00,0.00,0.00,"112,971,150.11"
2024-06-20,0.00,0.00,0.00,"112,971,150.11"
2024-06-21,0.00,0.00,0.00,"112,971,150.11"
2024-06-22,0.00,0.00,0.00,"112,971,150.11"
2024-06-23,0.00,0.00,0.00,"112,971,150.11"
2024-06-24,0.00,0.00,0.00,"112,971,150.11"
2024-06-25,0.00,0.00,0.00,"112,971,150.11"
2024-06-26,0.00,0.00,0.00,"112,971,150.11"
2024-06-27,0.00,0.00,0.00,"112,971,150.11"
2024-06-28,0.00,0.00,0.00,"112,971,150.11"
2024-06-29,0.00,0.00,0.00,"112,971,150.11"
2024-06-30,0.00,0.00,0.00,"112,971,150.11"
2024-07-01,0.00,0.00,0.00,"112,971,150.11"
2024-07-02,0.00,0.00,0.00,"112,971,150.11"
2024-07-03,0.00,0.00,0.00,"112,971,150.11"
2024-07-04,0.00,0.00,0.00,"112,971,150.11"
2024-07-05,0.00,0.00,0.00,"112,971,150.11"
2024-07-06,0.00,0.00,0.00,"112,971,150.11"
2024-07-07,0.00,0.00,0.00,"112,971,150.11"
2024-07-08,0.00,0.00,0.00,"112,971,150.11"
2024-07-09,0.00,0.00,0.00,"112,971,150.11"
2024-07-10,0.00,0.00,0.00,"112,971,150.11"
2024-07-11,0.00,0.00,0.00,"112,971,150.11"
2024-07-12,0.00,0.00,0.00,"112,971,150.11"
2024-07-13,0.00,0.00,0.00,"112,971,150.11"
2024-07-14,0.00,0.00,0.00,"112,971,150.11"
2024-07-15,0.00,0.00,0.00,"112,971,150.11"
2024-07-16,0.00,0.00,0.00,"112,971,150.11"
2024-07-17,0.00,0.00,0.00,"112,971,150.11"
2024-07-18,0.00,0.00,0.00,"112,971,150.11"
2024-07-19,0.00,0.00,0.00,"112,971,150.11"
2024-07-20,0.00,0.00,0.00,"112,971,150.11"
2024-07-21,0.00,0.00,0.00,"112,971,150.11"
2024-07-22,0.00,0.00,0.00,"112,971,150.11"
2024-07-23,0.00,0.00,0.00,"112,971,150.11"
2024-07-24,0.00,0.00,0.00,"112,971,150.11"
2024-07-25,0.00,0.00,0.00,"112,971,150.11"
2024-07-26,0.00,0.00,0.00,"112,971,150.11"
2024-07-27,0.00,0.00,0.00,"112,971,150.11"
2024-07-28,0.00,0.00,0.00,"112,971,150.11"
2024-07-29,0.00,0.00,0.00,"112,971,150.11"
2024-07-30,0.00,0.00,0.00,"112,971,150.11"
2024-07-31,0.00,0.00,0.00,"112,971,150.11"
2024-08-01,0.00,0.00,0.00,"112,971,150.11"
2024-08-02,0.00,0.00,0.00,"112,971,150.11"
2024-08-03,0.00,0.00,0.00,"112,971,150.11"
2024-08-04,0.00,0.00,0.00,"112,971,150.11"
2024-08-05,0.00,0.00,0.00,"112,971,150.11"
2024-08-06,0.00,0.00,0.00,"112,971,150.11"
2024-08-07,0.00,0.00,0.00,"112,971,150.11"
2024-08-08,0.00,0.00,0.00,"112,971,150.11"
2024-08-09,0.00,0.00,0.00,"112,971,150.11"
2024-08-10,0.00,0.00,0.00,"112,971,150.11"
2024-08-11,0.00,0.00,0.00,"112,971,150.11"
2024-08-12,0.00,0.00,0.00,"112,971,150.11"
2024-08-13,0.00,0.00,0.00,"112,971,150.11"
2024-08-14,0.00,0.00,0.00,"112,971,150.11"
2024-08-15,0.00,0.00,0.00,"112,971,150.11"
2024-08-16,0.00,0.00,0.00,"112,971,150.11"
2024-08-17,0.00,0.00,0.00,"112,971,150.11"
2024-08-18,0.00,0.00,0.00,"112,971,150.11"
2024-08-19,0.00,0.00,0.00,"112,971,150.11"
2024-08-20,0.00,0.00,0.00,"112,971,150.11"
2024-08-21,0.00,0.00,0.00,"112,971,150.11"
2024-08-22,0.00,0.00,0.00,"112,971,150.11"
2024-08-23,0.00,0.00,0.00,"112,971,150.11"
2024-08-24,0.00,0.00,0.00,"112,971,150.11"
2024-08-25,0.00,0.00,0.00,"112,971,150.11"
2024-08-26,0.00,0.00,0.00,"112,971,150.11"
2024-08-27,0.00,0.00,0.00,"112,971,150.11"
2024-08-28,0.00,0.00,0.00,"112,971,150.11"
2024-08-29,0.00,0.00,0.00,"112,971,150.11"
2024-08-30,0.00,0.00,0.00,"112,971,150.11"
2024-08-31,0.00,0.00,0.00,"112,971,150.11"
2024-09-01,0.00,0.00,0.00,"112,971,150.11"
2024-09-02,0.00,0.00,0.00,"112,971,150.11"
2024-09-03,0.00,0.00,0.00,"112,971,150.11"
2024-09-04,0.00,0.00,0.00,"112,971,150.11"
2024-09-05,0.00,0.00,0.00,"112,971,150.11"
2024-09-06,0.00,0.00,0.00,"112,971,150.11"
2024-09-07,0.00,0.00,0.00,"112,971,150.11"
2024-09-08,0.00,0.00,0.00,"112,971,150.11"
2024-09-09,0.00,0.00,0.00,"112,971,150.11"
2024-09-10,0.00,0.00,0.00,"112,971,150.11"
2024-09-11,0.00,0.00,0.00,"112,971,150.11"
2024-09-12,0.00,0.00,0.00,"112,971,150.11"
2024-09-13,0.00,0.00,0.00,"112,971,150.11"
2024-09-14,0.00,0.00,0.00,"112,971,150.11"
2024-09-15,0.00,0.00,0.00,"112,971,150.11"
2024-09-16,0.00,0.00,0.00,"112,971,150.11"
2024-09-17,0.00,0.00,0.00,"112,971,150.11"
2024-09-18,0.00,"90,510,811.82","90,510,811.82","203,481,961.93"
2024-09-19,0.00,0.00,0.00,"203,481,961.93"
2024-09-20,0.00,0.00,0.00,"203,481,961.93"
2024-09-21,0.00,0.00,0.00,"203,481,961.93"
2024-09-22,0.00,0.00,0.00,"203,481,961.93"
2024-09-23,0.00,0.00,0.00,"203,481,961.93"
2024-09-24,0.00,0.00,0.00,"203,481,961.93"
2024-09-25,0.00,0.00,0.00,"203,481,961.93"
2024-09-26,0.00,0.00,0.00,"203,481,961.93"
2024-09-27,0.00,0.00,0.00,"203,481,961.93"
2024-09-28,0.00,0.00,0.00,"203,481,961.93"
2024-09-29,0.00,0.00,0.00,"203,481,961.93"
2024-09-30,0.00,0.00,0.00,"203,481,961.93"
2024-10-01,0.00,0.00,0.00,"203,481,961.93"
2024-10-02,0.00,0.00,0.00,"203,481,961.93"
2024-10-03,0.00,0.00,0.00,"203,481,961.93"
2024-10-04,0.00,0.00,0.00,"203,481,961.93"
2024-10-05,0.00,0.00,0.00,"203,481,961.93"
2024-10-06,0.00,0.00,0.00,"203,481,961.93"
2024-10-07,0.00,0.00,0.00,"203,481,961.93"
2024-10-08,0.00,0.00,0.00,"203,481,961.93"
2024-10-09,0.00,0.00,0.00,"203,481,961.93"
2024-10-10,0.00,0.00,0.00,"203,481,961.93"
2024-10-11,0.00,0.00,0.00,"203,481,961.93"
2024-10-12,0.00,0.00,0.00,"203,481,961.93"
2024-10-13,"10,711,338.68",0.00,"10,711,338.68","214,193,300.61"
2024-10-14,"183,413.33",0.00,"183,413.33","214,376,713.94"
2024-10-15,"183,413.33",0.00,"183,413.33","214,560,127.27"
2024-10-16,"183,413.33",0.00,"183,413.33","214,743,540.61"
2024-10-17,"183,413.33",0.00,"183,413.33","214,926,953.94"
2024-10-18,"183,413.33",0.00,"183,413.33","215,110,367.27"
2024-10-19,"183,413.33",0.00,"183,413.33","215,293,780.61"
2024-10-20,"183,413.33",0.00,"183,413.33","215,477,193.94"
2024-10-21,"183,413.33",0.00,"183,413.33","215,660,607.28"
2024-10-22,"183,413.33",0.00,"183,413.33","215,844,020.61"
2024-10-23,"183,413.33",0.00,"183,413.33","216,027,433.94"
2024-10-24,"183,413.33",0.00,"183,413.33","216,210,847.28"
2024-10-25,"183,413.33",0.00,"183,413.33","216,394,260.61"
2024-10-26,"183,413.33",0.00,"183,413.33","216,577,673.94"
2024-10-27,"183,413.33",0.00,"183,413.33","216,761,087.28"
2024-10-28,"183,413.33",0.00,"183,413.33","216,944,500.61"
2024-10-29,"183,413.33",0.00,"183,413.33","217,127,913.94"
2024-10-30,"183,413.33",0.00,"183,413.33","217,311,327.28"
2024-10-31,"183,413.33",0.00,"183,413.33","217,494,740.61"
2024-11-01,"183,413.33",0.00,"183,413.33","217,678,153.94"
2024-11-02,"183,413.33",0.00,"183,413.33","217,861,567.28"
2024-11-03,"183,413.33",0.00,"183,413.33","218,044,980.61"
2024-11-04,"183,413.33",0.00,"183,413.33","218,228,393.94"
2024-11-05,"183,413.33",0.00,"183,413.33","218,411,807.28"
2024-11-06,"183,413.33",0.00,"183,413.33","218,595,220.61"
2024-11-07,"183,413.33",0.00,"183,413.33","218,778,633.94"
2024-11-08,"183,413.33",0.00,"183,413.33","218,962,047.28"
2024-11-09,"183,413.33",0.00,"183,413.33","219,145,460.61"
2024-11-10,"183,413.33",0.00,"183,413.33","219,328,873.95"
2024-11-11,"183,413.33",0.00,"183,413.33","219,512,287.28"
2024-11-12,"183,413.33",0.00,"183,413.33","219,695,700.61"
2024-11-13,"183,413.33",0.00,"183,413.33","219,879,113.95"
2024-11-14,"183,413.33",0.00,"183,413.33","220,062,527.28"
2024-11-15,"183,413.33",0.00,"183,413.33","220,245,940.61"
2024-11-16,"183,413.33",0.00,"183,413.33","220,429,353.95"
2024-11-17,"183,413.33",0.00,"183,413.33","220,612,767.28"
2024-11-18,"183,413.33",0.00,"183,413.33","220,796,180.61"
2024-11-19,"183,413.33",0.00,"183,413.33","220,979,593.95"
2024-11-20,"183,413.33",0.00,"183,413.33","221,163,007.28"
2024-11-21,"183,413.33",0.00,"183,413.33","221,346,420.61"
2024-11-22,"183,413.33",0.00,"183,413.33","221,529,833.95"
2024-11-23,"183,413.33",0.00,"183,413.33","221,713,247.28"
2024-11-24,"183,413.33",0.00,"183,413.33","221,896,660.61"
2024-11-25,"183,413.33",0.00,"183,413.33","222,080,073.95"
2024-11-26,"183,413.33",0.00,"183,413.33","222,263,487.28"
2024-11-27,"183,413.33",0.00,"183,413.33","222,446,900.62"
2024-11-28,"183,413.33",0.00,"183,413.33","222,630,313.95"
2024-11-29,"183,413.33",0.00,"183,413.33","222,813,727.28"
2024-11-30,"183,413.33",0.00,"183,413.33","222,997,140.62"
2024-12-01,"183,413.33",0.00,"183,413.33","223,180,553.95"
2024-12-02,"183,413.33",0.00,"183,413.33","223,363,967.28"
2024-12-03,"183,413.33",0.00,"183,413.33","223,547,380.62"
2024-12-04,"183,413.33",0.00,"183,413.33","223,730,793.95"
2024-12-05,"183,413.33",0.00,"183,413.33","223,914,207.28"
2024-12-06,"183,413.33",0.00,"183,413.33","224,097,620.62"
2024-12-07,"183,413.33",0.00,"183,413.33","224,281,033.95"
2024-12-08,"183,413.33",0.00,"183,413.33","224,464,447.28"
2024-12-09,"183,413.33",0.00,"183,413.33","224,647,860.62"
2024-12-10,"183,413.33",0.00,"183,413.33","224,831,273.95"
2024-12-11,"183,413.33",0.00,"183,413.33","225,014,687.28"
2024-12-12,"183,413.33",0.00,"183,413.33","225,198,100.62"
2024-12-13,"183,413.33",0.00,"183,413.33","225,381,513.95"
2024-12-14,"183,413.33",0.00,"183,413.33","225,564,927.28"
2024-12-15,"183,413.33",0.00,"183,413.33","225,748,340.62"
2024-12-16,"183,413.33",0.00,"183,413.33","225,931,753.95"
2024-12-17,"183,413.33",0.00,"183,413.33","226,115,167.29"
2024-12-18,"183,413.33",0.00,"183,413.33","226,298,580.62"
2024-12-19,"183,413.33",0.00,"183,413.33","226,481,993.95"
2024-12-20,"183,413.33",0.00,"183,413.33","226,665,407.29"
2024-12-21,"183,413.33",0.00,"183,413.33","226,848,820.62"
2024-12-22,"183,413.33",0.00,"183,413.33","227,032,233.95"
2024-12-23,"183,413.33",0.00,"183,413.33","227,215,647.29"
2024-12-24,"183,413.33",0.00,"183,413.33","227,399,060.62"
2024-12-25,"183,413.33",0.00,"183,413.33","227,582,473.95"
2024-12-26,"183,413.33",0.00,"183,413.33","227,765,887.29"
2024-12-27,"183,413.33",0.00,"183,413.33","227,949,300.62"
2024-12-28,"183,413.33",0.00,"183,413.33","228,132,713.95"
2024-12-29,"183,413.33",0.00,"183,413.33","228,316,127.29"
2024-12-30,"183,413.33",0.00,"183,413.33","228,499,540.62"
2024-12-31,"183,413.33",0.00,"183,413.33","228,682,953.95"
2025-01-01,"183,413.33",0.00,"183,413.33","228,866,367.29"
2025-01-02,"183,413.33",0.00,"183,413.33","229,049,780.62"
2025-01-03,"183,413.33",0.00,"183,413.33","229,233,193.95"
2025-01-04,"183,413.33",0.00,"183,413.33","229,416,607.29"
2025-01-05,"183,413.33",0.00,"183,413.33","229,600,020.62"
2025-01-06,"183,413.33",0.00,"183,413.33","229,783,433.96"
2025-01-07,"183,413.33",0.00,"183,413.33","229,966,847.29"
2025-01-08,"183,413.33",0.00,"183,413.33","230,150,260.62"
2025-01-09,"183,413.33",0.00,"183,413.33","230,333,673.96"
2025-01-10,"183,413.33",0.00,"183,413.33","230,517,087.29"
2025-01-11,"183,413.33",0.00,"183,413.33","230,700,500.62"
2025-01-12,"183,413.33",0.00,"183,413.33","230,883,913.96"
2025-01-13,"183,413.33",0.00,"183,413.33","231,067,327.29"
2025-01-14,"183,413.33",0.00,"183,413.33","231,250,740.62"
2025-01-15,"183,413.33",0.00,"183,413.33","231,434,153.96"
2025-01-16,"183,413.33",0.00,"183,413.33","231,617,567.29"
2025-01-17,"183,413.33",0.00,"183,413.33","231,800,980.62"
2025-01-18,"183,413.33",0.00,"183,413.33","231,984,393.96"
2025-01-19,"183,413.33",0.00,"183,413.33","232,167,807.29"
2025-01-20,"183,413.33",0.00,"183,413.33","232,351,220.62"
2025-01-21,"183,413.33",0.00,"183,413.33","232,534,633.96"
2025-01-22,"183,413.33",0.00,"183,413.33","232,718,047.29"
2025-01-23,"183,413.33",0.00,"183,413.33","232,901,460.63"
2025-01-24,"183,413.33",0.00,"183,413.33","233,084,873.96"
2025-01-25,"183,413.33",0.00,"183,413.33","233,268,287.29"
2025-01-26,"183,413.33",0.00,"183,413.33","233,451,700.63"
2025-01-27,"183,413.33",0.00,"183,413.33","233,635,113.96"
2025-01-28,"183,413.33",0.00,"183,413.33","233,818,527.29"
2025-01-29,"183,413.33",0.00,"183,413.33","234,001,940.63"
2025-01-30,"183,413.33",0.00,"183,413.33","234,185,353.96"
2025-01-31,"183,413.33",0.00,"183,413.33","234,368,767.29"
2025-02-01,"183,413.33",0.00,"183,413.33","234,552,180.63"
2025-02-02,"183,413.33",0.00,"183,413.33","234,735,593.96"
2025-02-03,"183,413.33",0.00,"183,413.33","234,919,007.29"
2025-02-04,"183,413.33",0.00,"183,413.33","235,102,420.63"
2025-02-05,"183,413.33",0.00,"183,413.33","235,285,833.96"
2025-02-06,"183,413.33",0.00,"183,413.33","235,469,247.29"
2025-02-07,"183,413.33",0.00,"183,413.33","235,652,660.63"
2025-02-08,"183,413.33",0.00,"183,413.33","235,836,073.96"
2025-02-09,"183,413.33",0.00,"183,413.33","236,019,487.29"
2025-02-10,"183,413.33",0.00,"183,413.33","236,202,900.63"
2025-02-11,"183,413.33",0.00,"183,413.33","236,386,313.96"
2025-02-12,"183,413.33",0.00,"183,413.33","236,569,727.30"
2025-02-13,"183,413.33",0.00,"183,413.33","236,753,140.63"
2025-02-14,"183,413.33",0.00,"183,413.33","236,936,553.96"
2025-02-15,"183,413.33",0.00,"183,413.33","237,119,967.30"
2025-02-16,"183,413.33",0.00,"183,413.33","237,303,380.63"
2025-02-17,"183,413.33",0.00,"183,413.33","237,486,793.96"
2025-02-18,"183,413.33",0.00,"183,413.33","237,670,207.30"
2025-02-19,"183,413.33",0.00,"183,413.33","237,853,620.63"
2025-02-20,"183,413.33",0.00,"183,413.33","238,037,033.96"
2025-02-21,"183,413.33",0.00,"183,413.33","238,220,447.30"
2025-02-22,"183,413.33",0.00,"183,413.33","238,403,860.63"
2025-02-23,"183,413.33",0.00,"183,413.33","238,587,273.96"
2025-02-24,"183,413.33",0.00,"183,413.33","238,770,687.30"
2025-02-25,"183,413.33",0.00,"183,413.33","238,954,100.63"
2025-02-26,"183,413.33",0.00,"183,413.33","239,137,513.96"
2025-02-27,"183,413.33",0.00,"183,413.33","239,320,927.30"
2025-02-28,"183,413.33",0.00,"183,413.33","239,504,340.63"
2025-03-01,"183,413.33",0.00,"183,413.33","239,687,753.97"
2025-03-02,"183,413.33",0.00,"183,413.33","239,871,167.30"
2025-03-03,"183,413.33",0.00,"183,413.33","240,054,580.63"
2025-03-04,"183,413.33",0.00,"183,413.33","240,237,993.97"
2025-03-05,"183,413.33",0.00,"183,413.33","240,421,407.30"
2025-03-06,"183,413.33",0.00,"183,413.33","240,604,820.63"
2025-03-07,"183,413.33",0.00,"183,413.33","240,788,233.97"
2025-03-08,"183,413.33",0.00,"183,413.33","240,971,647.30"
2025-03-09,"183,413.33",0.00,"183,413.33","241,155,060.63"
2025-03-10,"183,413.33",0.00,"183,413.33","241,338,473.97"
2025-03-11,"183,413.33",0.00,"183,413.33","241,521,887.30"
2025-03-12,"183,413.33",0.00,"183,413.33","241,705,300.63"
2025-03-13,"183,413.33",0.00,"183,413.33","241,888,713.97"
2025-03-14,"183,413.33",0.00,"183,413.33","242,072,127.30"
2025-03-15,"183,413.33",0.00,"183,413.33","242,255,540.63"
2025-03-16,"183,413.33",0.00,"183,413.33","242,438,953.97"
2025-03-17,"183,413.33",0.00,"183,413.33","242,622,367.30"
2025-03-18,"183,413.33",0.00,"183,413.33","242,805,780.63"
2025-03-19,"183,413.33",0.00,"183,413.33","242,989,193.97"
2025-03-20,"183,413.33",0.00,"183,413.33","243,172,607.30"
2025-03-21,"183,413.33",0.00,"183,413.33","243,356,020.64"
2025-03-22,"183,413.33",0.00,"183,413.33","243,539,433.97"
2025-03-23,"183,413.33",0.00,"183,413.33","243,722,847.30"
2025-03-24,"183,413.33",0.00,"183,413.33","243,906,260.64"
2025-03-25,"183,413.33",0.00,"183,413.33","244,089,673.97"
2025-03-26,"183,413.33",0.00,"183,413.33","244,273,087.30"
2025-03-27,"183,413.33",0.00,"183,413.33","244,456,500.64"
2025-03-28,"183,413.33",0.00,"183,413.33","244,639,913.97"
2025-03-29,"183,413.33",0.00,"183,413.33","244,823,327.30"
2025-03-30,"183,413.33",0.00,"183,413.33","245,006,740.64"
2025-03-31,"183,413.33",0.00,"183,413.33","245,190,153.97"
2025-04-01,"183,413.33",0.00,"183,413.33","245,373,567.30"
2025-04-02,"183,413.33",0.00,"183,413.33","245,556,980.64"
2025-04-03,"183,413.33",0.00,"183,413.33","245,740,393.97"
2025-04-04,"183,413.33",0.00,"183,413.33","245,923,807.30"
2025-04-05,"183,413.33",0.00,"183,413.33","246,107,220.64"
2025-04-06,"183,413.33",0.00,"183,413.33","246,290,633.97"
2025-04-07,"183,413.33",0.00,"183,413.33","246,474,047.30"
2025-04-08,"183,413.33",0.00,"183,413.33","246,657,460.64"
2025-04-09,"183,413.33",0.00,"183,413.33","246,840,873.97"
2025-04-10,"183,413.33",0.00,"183,413.33","247,024,287.31"
2025-04-11,"183,413.33",0.00,"183,413.33","247,207,700.64"
2025-04-12,"183,413.33",0.00,"183,413.33","247,391,113.97"
2025-04-13,"183,413.33",0.00,"183,413.33","247,574,527.31"
2025-04-14,"183,413.33",0.00,"183,413.33","247,757,940.64"
2025-04-15,"183,413.33",0.00,"183,413.33","247,941,353.97"
2025-04-16,"183,413.33",0.00,"183,413.33","248,124,767.31"
2025-04-17,"183,413.33",0.00,"183,413.33","248,308,180.64"
2025-04-18,"183,413.33",0.00,"183,413.33","248,491,593.97"
2025-04-19,"183,413.33",0.00,"183,413.33","248,675,007.31"
2025-04-20,"183,413.33",0.00,"183,413.33","248,858,420.64"
2025-04-21,"183,413.33",0.00,"183,413.33","249,041,833.97"
2025-04-22,"183,413.33",0.00,"183,413.33","249,225,247.31"
2025-04-23,"183,413.33",0.00,"183,413.33","249,408,660.64"
2025-04-24,"183,413.33",0.00,"183,413.33","249,592,073.97"
2025-04-25,"183,413.33",0.00,"183,413.33","249,775,487.31"
2025-04-26,"183,413.33",0.00,"183,413.33","249,958,900.64"
2025-04-27,"183,413.33",0.00,"183,413.33","250,142,313.98"
2025-04-28,"183,413.33",0.00,"183,413.33","250,325,727.31"
2025-04-29,"183,413.33",0.00,"183,413.33","250,509,140.64"
2025-04-30,"183,413.33",0.00,"183,413.33","250,692,553.98"
2025-05-01,"183,413.33",0.00,"183,413.33","250,875,967.31"
2025-05-02,"183,413.33",0.00,"183,413.33","251,059,380.64"
2025-05-03,"183,413.33",0.00,"183,413.33","251,242,793.98"
2025-05-04,"183,413.33",0.00,"183,413.33","251,426,207.31"
2025-05-05,"183,413.33",0.00,"183,413.33","251,609,620.64"
2025-05-06,"183,413.33",0.00,"183,413.33","251,793,033.98"
2025-05-07,"183,413.33",0.00,"183,413.33","251,976,447.31"
2025-05-08,"183,413.33",0.00,"183,413.33","252,159,860.64"
2025-05-09,"183,413.33",0.00,"183,413.33","252,343,273.98"
2025-05-10,"183,413.33",0.00,"183,413.33","252,526,687.31"
2025-05-11,"183,413.33",0.00,"183,413.33","252,710,100.64"
2025-05-12,"183,413.33",0.00,"183,413.33","252,893,513.98"
2025-05-13,"183,413.33",0.00,"183,413.33","253,076,927.31"
2025-05-14,"183,413.33",0.00,"183,413.33","253,260,340.64"
2025-05-15,"183,413.33",0.00,"183,413.33","253,443,753.98"
2025-05-16,"183,413.33",0.00,"183,413.33","253,627,167.31"
2025-05-17,"183,413.33",0.00,"183,413.33","253,810,580.65"
2025-05-18,"183,413.33",0.00,"183,413.33","253,993,993.98"
2025-05-19,"183,413.33",0.00,"183,413.33","254,177,407.31"
2025-05-20,"183,413.33",0.00,"183,413.33","254,360,820.65"
2025-05-21,"183,413.33",0.00,"183,413.33","254,544,233.98"
2025-05-22,"183,413.33",0.00,"183,413.33","254,727,647.31"
2025-05-23,"183,413.33",0.00,"183,413.33","254,911,060.65"
2025-05-24,"183,413.33",0.00,"183,413.33","255,094,473.98"
2025-05-25,"183,413.33",0.00,"183,413.33","255,277,887.31"
2025-05-26,"183,413.33",0.00,"183,413.33","255,461,300.65"
2025-05-27,"183,413.33",0.00,"183,413.33","255,644,713.98"
2025-05-28,"183,413.33",0.00,"183,413.33","255,828,127.31"
2025-05-29,"183,413.33",0.00,"183,413.33","256,011,540.65"
2025-05-30,"183,413.33",0.00,"183,413.33","256,194,953.98"
2025-05-31,"183,413.33",0.00,"183,413.33","256,378,367.31"
2025-06-01,"183,413.33",0.00,"183,413.33","256,561,780.65"
2025-06-02,"183,413.33",0.00,"183,413.33","256,745,193.98"
2025-06-03,"183,413.33",0.00,"183,413.33","256,928,607.32"
2025-06-04,"183,413.33",0.00,"183,413.33","257,112,020.65"
2025-06-05,"183,413.33",0.00,"183,413.33","257,295,433.98"
2025-06-06,"183,413.33",0.00,"183,413.33","257,478,847.32"
2025-06-07,"183,413.33",0.00,"183,413.33","257,662,260.65"
2025-06-08,"183,413.33",0.00,"183,413.33","257,845,673.98"
2025-06-09,"183,413.33",0.00,"183,413.33","258,029,087.32"
2025-06-10,"183,413.33",0.00,"183,413.33","258,212,500.65"
2025-06-11,"183,413.33",0.00,"183,413.33","258,395,913.98"
2025-06-12,"183,413.33",0.00,"183,413.33","258,579,327.32"
2025-06-13,"183,413.33",0.00,"183,413.33","258,762,740.65"
2025-06-14,"183,413.33",0.00,"183,413.33","258,946,153.98"
2025-06-15,"183,413.33",0.00,"183,413.33","259,129,567.32"
2025-06-16,"183,413.33",0.00,"183,413.33","259,312,980.65"
2025-06-17,"183,413.33",0.00,"183,413.33","259,496,393.98"
2025-06-18,"183,413.33",0.00,"183,413.33","259,679,807.32"
2025-06-19,"183,413.33",0.00,"183,413.33","259,863,220.65"
2025-06-20,"183,413.33",0.00,"183,413.33","260,046,633.98"
2025-06-21,"183,413.33",0.00,"183,413.33","260,230,047.32"
2025-06-22,"183,413.33",0.00,"183,413.33","260,413,460.65"
2025-06-23,"183,413.33",0.00,"183,413.33","260,596,873.99"
2025-06-24,"183,413.33",0.00,"183,413.33","260,780,287.32"
2025-06-25,"183,413.33",0.00,"183,413.33","260,963,700.65"
2025-06-26,"183,413.33",0.00,"183,413.33","261,147,113.99"
2025-06-27,"183,413.33",0.00,"183,413.33","261,330,527.32"
2025-06-28,"183,413.33",0.00,"183,413.33","261,513,940.65"
2025-06-29,"183,413.33",0.00,"183,413.33","261,697,353.99"
2025-06-30,"183,413.33",0.00,"183,413.33","261,880,767.32"
2025-07-01,"183,413.33",0.00,"183,413.33","262,064,180.65"
2025-07-02,"183,413.33",0.00,"183,413.33","262,247,593.99"
2025-07-03,"183,413.33",0.00,"183,413.33","262,431,007.32"
2025-07-04,"183,413.33",0.00,"183,413.33","262,614,420.65"
2025-07-05,"183,413.33",0.00,"183,413.33","262,797,833.99"
2025-07-06,"183,413.33",0.00,"183,413.33","262,981,247.32"
2025-07-07,"183,413.33",0.00,"183,413.33","263,164,660.65"
2025-07-08,"183,413.33",0.00,"183,413.33","263,348,073.99"
2025-07-09,"183,413.33",0.00,"183,413.33","263,531,487.32"
2025-07-10,"183,413.33",0.00,"183,413.33","263,714,900.65"
2025-07-11,"183,413.33",0.00,"183,413.33","263,898,313.99"
2025-07-12,"183,413.33",0.00,"183,413.33","264,081,727.32"
2025-07-13,"183,413.33",0.00,"183,413.33","264,265,140.66"
2025-07-14,"183,413.33",0.00,"183,413.33","264,448,553.99"
2025-07-15,"183,413.33",0.00,"183,413.33","264,631,967.32"
2025-07-16,"183,413.33",0.00,"183,413.33","264,815,380.66"
2025-07-17,"183,413.33",0.00,"183,413.33","264,998,793.99"
2025-07-18,"183,413.33",0.00,"183,413.33","265,182,207.32"
2025-07-19,"183,413.33",0.00,"183,413.33","265,365,620.66"
2025-07-20,"183,413.33",0.00,"183,413.33","265,549,033.99"
2025-07-21,"183,413.33",0.00,"183,413.33","265,732,447.32"
2025-07-22,"183,413.33",0.00,"183,413.33","265,915,860.66"
2025-07-23,"183,413.33",0.00,"183,413.33","266,099,273.99"
2025-07-24,"183,413.33",0.00,"183,413.33","266,282,687.32"
2025-07-25,"183,413.33",0.00,"183,413.33","266,466,100.66"
2025-07-26,"183,413.33",0.00,"183,413.33","266,649,513.99"
2025-07-27,"183,413.33",0.00,"183,413.33","266,832,927.32"
2025-07-28,"183,413.33",0.00,"183,413.33","267,016,340.66"
2025-07-29,"183,413.33",0.00,"183,413.33","267,199,753.99"
2025-07-30,"183,413.33",0.00,"183,413.33","267,383,167.33"
2025-07-31,"183,413.33",0.00,"183,413.33","267,566,580.66"
2025-08-01,"183,413.33",0.00,"183,413.33","267,749,993.99"
2025-08-02,"183,413.33",0.00,"183,413.33","267,933,407.33"
2025-08-03,"183,413.33",0.00,"183,413.33","268,116,820.66"
2025-08-04,"183,413.33",0.00,"183,413.33","268,300,233.99"
2025-08-05,"183,413.33",0.00,"183,413.33","268,483,647.33"
2025-08-06,"183,413.33",0.00,"183,413.33","268,667,060.66"
2025-08-07,"183,413.33",0.00,"183,413.33","268,850,473.99"
2025-08-08,"183,413.33",0.00,"183,413.33","269,033,887.33"
2025-08-09,"183,413.33",0.00,"183,413.33","269,217,300.66"
2025-08-10,"183,413.33",0.00,"183,413.33","269,400,713.99"
2025-08-11,"183,413.33",0.00,"183,413.33","269,584,127.33"
2025-08-12,"183,413.33",0.00,"183,413.33","269,767,540.66"
2025-08-13,"183,413.33",0.00,"183,413.33","269,950,953.99"
2025-08-14,"183,413.33",0.00,"183,413.33","270,134,367.33"
2025-08-15,"183,413.33",0.00,"183,413.33","270,317,780.66"
2025-08-16,"183,413.33",0.00,"183,413.33","270,501,193.99"
2025-08-17,"183,413.33",0.00,"183,413.33","270,684,607.33"
2025-08-18,"183,413.33",0.00,"183,413.33","270,868,020.66"
2025-08-19,"183,413.33",0.00,"183,413.33","271,051,434.00"
2025-08-20,"183,413.33",0.00,"183,413.33","271,234,847.33"
2025-08-21,"183,413.33",0.00,"183,413.33","271,418,260.66"
2025-08-22,"183,413.33",0.00,"183,413.33","271,601,674.00"
2025-08-23,"183,413.33",0.00,"183,413.33","271,785,087.33"
2025-08-24,"183,413.33",0.00,"183,413.33","271,968,500.66"
2025-08-25,"183,413.33",0.00,"183,413.33","272,151,914.00"
2025-08-26,"183,413.33",0.00,"183,413.33","272,335,327.33"
2025-08-27,"183,413.33",0.00,"183,413.33","272,518,740.66"
2025-08-28,"183,413.33",0.00,"183,413.33","272,702,154.00"
2025-08-29,"183,413.33",0.00,"183,413.33","272,885,567.33"
2025-08-30,"183,413.33",0.00,"183,413.33","273,068,980.66"
2025-08-31,"183,413.33",0.00,"183,413.33","273,252,394.00"
2025-09-01,"183,413.33",0.00,"183,413.33","273,435,807.33"
2025-09-02,"183,413.33",0.00,"183,413.33","273,619,220.66"
2025-09-03,"183,413.33",0.00,"183,413.33","273,802,634.00"
2025-09-04,"183,413.33",0.00,"183,413.33","273,986,047.33"
2025-09-05,"183,413.33",0.00,"183,413.33","274,169,460.67"
2025-09-06,"183,413.33",0.00,"183,413.33","274,352,874.00"
2025-09-07,"183,413.33",0.00,"183,413.33","274,536,287.33"
2025-09-08,"183,413.33",0.00,"183,413.33","274,719,700.67"
2025-09-09,"183,413.33",0.00,"183,413.33","274,903,114.00"
2025-09-10,"183,413.33",0.00,"183,413.33","275,086,527.33"
2025-09-11,"183,413.33",0.00,"183,413.33","275,269,940.67"
2025-09-12,"183,413.33",0.00,"183,413.33","275,453,354.00"
2025-09-13,"183,413.33",0.00,"183,413.33","275,636,767.33"
2025-09-14,"183,413.33",0.00,"183,413.33","275,820,180.67"
2025-09-15,"183,413.33",0.00,"183,413.33","276,003,594.00"
2025-09-16,"183,413.33",0.00,"183,413.33","276,187,007.33"
2025-09-17,"183,413.33",0.00,"183,413.33","276,370,420.67"
2025-09-18,"183,413.33","1,227,340.89","1,410,754.22","277,781,174.89"
2025-09-19,"183,413.33","1,227,340.89","1,410,754.22","279,191,929.11"
2025-09-20,"183,413.33","1,227,340.89","1,410,754.22","280,602,683.34"
2025-09-21,"183,413.33","1,227,340.89","1,410,754.22","282,013,437.56"
2025-09-22,"183,413.33","1,227,340.89","1,410,754.22","283,424,191.79"
2025-09-23,"183,413.33","1,227,340.89","1,410,754.22","284,834,946.01"
2025-09-24,"183,413.33","1,227,340.89","1,410,754.22","286,245,700.23"
2025-09-25,"183,413.33","1,227,340.89","1,410,754.22","287,656,454.46"
2025-09-26,"183,413.33","1,227,340.89","1,410,754.22","289,067,208.68"
2025-09-27,"183,413.33","1,227,340.89","1,410,754.22","290,477,962.90"
2025-09-28,"183,413.33","1,227,340.89","1,410,754.22","291,888,717.13"
2025-09-29,"183,413.33","1,227,340.89","1,410,754.22","293,299,471.35"
2025-09-30,"183,413.33","1,227,340.89","1,410,754.22","294,710,225.58"
2025-10-01,"183,413.33","1,227,340.89","1,410,754.22","296,120,979.80"
2025-10-02,"183,413.33","1,227,340.89","1,410,754.22","297,531,734.02"
2025-10-03,"183,413.33","1,227,340.89","1,410,754.22","298,942,488.25"
2025-10-04,"183,413.33","1,227,340.89","1,410,754.22","300,353,242.47"
2025-10-05,"183,413.33","1,227,340.89","1,410,754.22","301,763,996.69"
2025-10-06,"183,413.33","1,227,340.89","1,410,754.22","303,174,750.92"
2025-10-07,"183,413.33","1,227,340.89","1,410,754.22","304,585,505.14"
2025-10-08,"183,413.33","1,227,340.89","1,410,754.22","305,996,259.36"
2025-10-09,"183,413.33","1,227,340.89","1,410,754.22","307,407,013.59"
2025-10-10,"183,413.33","1,227,340.89","1,410,754.22","308,817,767.81"
2025-10-11,"183,413.33","1,227,340.89","1,410,754.22","310,228,522.04"
2025-10-12,"183,413.33","1,227,340.89","1,410,754.22","311,639,276.26"
2025-10-13,"183,413.33","1,227,340.89","1,410,754.22","313,050,030.48"
2025-10-14,"183,413.33","1,227,340.89","1,410,754.22","314,460,784.71"
2025-10-15,"183,413.33","1,227,340.89","1,410,754.22","315,871,538.93"
2025-10-16,"183,413.33","1,227,340.89","1,410,754.22","317,282,293.15"
2025-10-17,"183,413.33","1,227,340.89","1,410,754.22","318,693,047.38"
2025-10-18,"183,413.33","1,227,340.89","1,410,754.22","320,103,801.60"
2025-10-19,"183,413.33","1,227,340.89","1,410,754.22","321,514,555.83"
2025-10-20,"183,413.33","1,227,340.89","1,410,754.22","322,925,310.05"
2025-10-21,"183,413.33","1,227,340.89","1,410,754.22","324,336,064.27"
2025-10-22,"183,413.33","1,227,340.89","1,410,754.22","325,746,818.50"
2025-10-23,"183,413.33","1,227,340.89","1,410,754.22","327,157,572.72"
2025-10-24,"183,413.33","1,227,340.89","1,410,754.22","328,568,326.94"
2025-10-25,"183,413.33","1,227,340.89","1,410,754.22","329,979,081.17"
2025-10-26,"183,413.33","1,227,340.89","1,410,754.22","331,389,835.39"
2025-10-27,"183,413.33","1,227,340.89","1,410,754.22","332,800,589.62"
2025-10-28,"183,413.33","1,227,340.89","1,410,754.22","334,211,343.84"
2025-10-29,"183,413.33","1,227,340.89","1,410,754.22","335,622,098.06"
2025-10-30,"183,413.33","1,227,340.89","1,410,754.22","337,032,852.29"
2025-10-31,"183,413.33","1,227,340.89","1,410,754.22","338,443,606.51"
2025-11-01,"183,413.33","1,227,340.89","1,410,754.22","339,854,360.73"
2025-11-02,"183,413.33","1,227,340.89","1,410,754.22","341,265,114.96"
2025-11-03,"183,413.33","1,227,340.89","1,410,754.22","342,675,869.18"
2025-11-04,"183,413.33","1,227,340.89","1,410,754.22","344,086,623.40"
2025-11-05,"183,413.33","1,227,340.89","1,410,754.22","345,497,377.63"
2025-11-06,"183,413.33","1,227,340.89","1,410,754.22","346,908,131.85"
2025-11-07,"183,413.33","1,227,340.89","1,410,754.22","348,318,886.08"
2025-11-08,"183,413.33","1,227,340.89","1,410,754.22","349,729,640.30"
2025-11-09,"183,413.33","1,227,340.89","1,410,754.22","351,140,394.52"
2025-11-10,"183,413.33","1,227,340.89","1,410,754.22","352,551,148.75"
2025-11-11,"183,413.33","1,227,340.89","1,410,754.22","353,961,902.97"
2025-11-12,"183,413.33","1,227,340.89","1,410,754.22","355,372,657.19"
2025-11-13,"183,413.33","1,227,340.89","1,410,754.22","356,783,411.42"
2025-11-14,"183,413.33","1,227,340.89","1,410,754.22","358,194,165.64"
2025-11-15,"183,413.33","1,227,340.89","1,410,754.22","359,604,919.87"
2025-11-16,"183,413.33","1,227,340.89","1,410,754.22","361,015,674.09"
2025-11-17,"183,413.33","1,227,340.89","1,410,754.22","362,426,428.31"
2025-11-18,"183,413.33","1,227,340.89","1,410,754.22","363,837,182.54"
2025-11-19,"183,413.33","1,227,340.89","1,410,754.22","365,247,936.76"
2025-11-20,"183,413.33","1,227,340.89","1,410,754.22","366,658,690.98"
2025-11-21,"183,413.33","1,227,340.89","1,410,754.22","368,069,445.21"
2025-11-22,"183,413.33","1,227,340.89","1,410,754.22","369,480,199.43"
2025-11-23,"183,413.33","1,227,340.89","1,410,754.22","370,890,953.66"
2025-11-24,"183,413.33","1,227,340.89","1,410,754.22","372,301,707.88"
2025-11-25,"183,413.33","1,227,340.89","1,410,754.22","373,712,462.10"
2025-11-26,"183,413.33","1,227,340.89","1,410,754.22","375,123,216.33"
2025-11-27,"183,413.33","1,227,340.89","1,410,754.22","376,533,970.55"
2025-11-28,"183,413.33","1,227,340.89","1,410,754.22","377,944,724.77"
2025-11-29,"183,413.33","1,227,340.89","1,410,754.22","379,355,479.00"
2025-11-30,"183,413.33","1,227,340.89","1,410,754.22","380,766,233.22"
2025-12-01,"183,413.33","1,227,340.89","1,410,754.22","382,176,987.44"
2025-12-02,"183,413.33","1,227,340.89","1,410,754.22","383,587,741.67"
2025-12-03,"183,413.33","1,227,340.89","1,410,754.22","384,998,495.89"
2025-12-04,"183,413.33","1,227,340.89","1,410,754.22","386,409,250.12"
2025-12-05,"183,413.33","1,227,340.89","1,410,754.22","387,820,004.34"
2025-12-06,"183,413.33","1,227,340.89","1,410,754.22","389,230,758.56"
2025-12-07,"183,413.33","1,227,340.89","1,410,754.22","390,641,512.79"
2025-12-08,"183,413.33","1,227,340.89","1,410,754.22","392,052,267.01"
2025-12-09,"183,413.33","1,227,340.89","1,410,754.22","393,463,021.23"
2025-12-10,"183,413.33","1,227,340.89","1,410,754.22","394,873,775.46"
2025-12-11,"183,413.33","1,227,340.89","1,410,754.22","396,284,529.68"
2025-12-12,"183,413.33","1,227,340.89","1,410,754.22","397,695,283.91"
2025-12-13,"183,413.33","1,227,340.89","1,410,754.22","399,106,038.13"
2025-12-14,"183,413.33","1,227,340.89","1,410,754.22","400,516,792.35"
2025-12-15,"183,413.33","1,227,340.89","1,410,754.22","401,927,546.58"
2025-12-16,"183,413.33","1,227,340.89","1,410,754.22","403,338,300.80"
2025-12-17,"183,413.33","1,227,340.89","1,410,754.22","404,749,055.02"
2025-12-18,"183,413.33","1,227,340.89","1,410,754.22","406,159,809.25"
2025-12-19,"183,413.33","1,227,340.89","1,410,754.22","407,570,563.47"
2025-12-20,"183,413.33","1,227,340.89","1,410,754.22","408,981,317.70"
2025-12-21,"183,413.33","1,227,340.89","1,410,754.22","410,392,071.92"
2025-12-22,"183,413.33","1,227,340.89","1,410,754.22","411,802,826.14"
2025-12-23,"183,413.33","1,227,340.89","1,410,754.22","413,213,580.37"
2025-12-24,"183,413.33","1,227,340.89","1,410,754.22","414,624,334.59"
2025-12-25,"183,413.33","1,227,340.89","1,410,754.22","416,035,088.81"
2025-12-26,"183,413.33","1,227,340.89","1,410,754.22","417,445,843.04"
2025-12-27,"183,413.33","1,227,340.89","1,410,754.22","418,856,597.26"
2025-12-28,"183,413.33","1,227,340.89","1,410,754.22","420,267,351.48"
2025-12-29,"183,413.33","1,227,340.89","1,410,754.22","421,678,105.71"
2025-12-30,"183,413.33","1,227,340.89","1,410,754.22","423,088,859.93"
2025-12-31,"183,413.33","1,227,340.89","1,410,754.22","424,499,614.16"
2026-01-01,"183,413.33","1,227,340.89","1,410,754.22","425,910,368.38"
2026-01-02,"183,413.33","1,227,340.89","1,410,754.22","427,321,122.60"
2026-01-03,"183,413.33","1,227,340.89","1,410,754.22","428,731,876.83"
2026-01-04,"183,413.33","1,227,340.89","1,410,754.22","430,142,631.05"
2026-01-05,"183,413.33","1,227,340.89","1,410,754.22","431,553,385.27"
2026-01-06,"183,413.33","1,227,340.89","1,410,754.22","432,964,139.50"
2026-01-07,"183,413.33","1,227,340.89","1,410,754.22","434,374,893.72"
2026-01-08,"183,413.33","1,227,340.89","1,410,754.22","435,785,647.95"
2026-01-09,"183,413.33","1,227,340.89","1,410,754.22","437,196,402.17"
2026-01-10,"183,413.33","1,227,340.89","1,410,754.22","438,607,156.39"
2026-01-11,"183,413.33","1,227,340.89","1,410,754.22","440,017,910.62"
2026-01-12,"183,413.33","1,227,340.89","1,410,754.22","441,428,664.84"
2026-01-13,"183,413.33","1,227,340.89","1,410,754.22","442,839,419.06"
2026-01-14,"183,413.33","1,227,340.89","1,410,754.22","444,250,173.29"
2026-01-15,"183,413.33","1,227,340.89","1,410,754.22","445,660,927.51"
2026-01-16,"183,413.33","1,227,340.89","1,410,754.22","447,071,681.74"
2026-01-17,"183,413.33","1,227,340.89","1,410,754.22","448,482,435.96"
2026-01-18,"183,413.33","1,227,340.89","1,410,754.22","449,893,190.18"
2026-01-19,"183,413.33","1,227,340.89","1,410,754.22","451,303,944.41"
2026-01-20,"183,413.33","1,227,340.89","1,410,754.22","452,714,698.63"
2026-01-21,"183,413.33","1,227,340.89","1,410,754.22","454,125,452.85"
2026-01-22,"183,413.33","1,227,340.89","1,410,754.22","455,536,207.08"
2026-01-23,"183,413.33","1,227,340.89","1,410,754.22","456,946,961.30"
2026-01-24,"183,413.33","1,227,340.89","1,410,754.22","458,357,715.52"
2026-01-25,"183,413.33","1,227,340.89","1,410,754.22","459,768,469.75"
2026-01-26,"183,413.33","1,227,340.89","1,410,754.22","461,179,223.97"
2026-01-27,"183,413.33","1,227,340.89","1,410,754.22","462,589,978.20"
2026-01-28,"183,413.33","1,227,340.89","1,410,754.22","464,000,732.42"
2026-01-29,"183,413.33","1,227,340.89","1,410,754.22","465,411,486.64"
2026-01-30,"183,413.33","1,227,340.89","1,410,754.22","466,822,240.87"
2026-01-31,"183,413.33","1,227,340.89","1,410,754.22","468,232,995.09"
2026-02-01,"183,413.33","1,227,340.89","1,410,754.22","469,643,749.31"
2026-02-02,"183,413.33","1,227,340.89","1,410,754.22","471,054,503.54"
2026-02-03,"183,413.33","1,227,340.89","1,410,754.22","472,465,257.76"
2026-02-04,"183,413.33","1,227,340.89","1,410,754.22","473,876,011.99"
2026-02-05,"183,413.33","1,227,340.89","1,410,754.22","475,286,766.21"
2026-02-06,"183,413.33","1,227,340.89","1,410,754.22","476,697,520.43"
2026-02-07,"183,413.33","1,227,340.89","1,410,754.22","478,108,274.66"
2026-02-08,"183,413.33","1,227,340.89","1,410,754.22","479,519,028.88"
2026-02-09,"183,413.33","1,227,340.89","1,410,754.22","480,929,783.10"
2026-02-10,"183,413.33","1,227,340.89","1,410,754.22","482,340,537.33"
2026-02-11,"183,413.33","1,227,340.89","1,410,754.22","483,751,291.55"
2026-02-12,"183,413.33","1,227,340.89","1,410,754.22","485,162,045.78"
2026-02-13,"183,413.33","1,227,340.89","1,410,754.22","486,572,800.00"
2026-02-14,"183,413.33","1,227,340.89","1,410,754.22","487,983,554.22"
2026-02-15,"183,413.33","1,227,340.89","1,410,754.22","489,394,308.45"
2026-02-16,"183,413.33","1,227,340.89","1,410,754.22","490,805,062.67"
2026-02-17,"183,413.33","1,227,340.89","1,410,754.22","492,215,816.89"
2026-02-18,"183,413.33","1,227,340.89","1,410,754.22","493,626,571.12"
2026-02-19,"183,413.33","1,227,340.89","1,410,754.22","495,037,325.34"
2026-02-20,"183,413.33","1,227,340.89","1,410,754.22","496,448,079.56"
2026-02-21,"183,413.33","1,227,340.89","1,410,754.22","497,858,833.79"
2026-02-22,"183,413.33","1,227,340.89","1,410,754.22","499,269,588.01"
2026-02-23,"183,413.33","1,227,340.89","1,410,754.22","500,680,342.24"
2026-02-24,"183,413.33","1,227,340.89","1,410,754.22","502,091,096.46"
2026-02-25,"183,413.33","1,227,340.89","1,410,754.22","503,501,850.68"
2026-02-26,"183,413.33","1,227,340.89","1,410,754.22","504,912,604.91"
2026-02-27,"183,413.33","1,227,340.89","1,410,754.22","506,323,359.13"
2026-02-28,"183,413.33","1,227,340.89","1,410,754.22","507,734,113.35"
2026-03-01,"183,413.33","1,227,340.89","1,410,754.22","509,144,867.58"
2026-03-02,"183,413.33","1,227,340.89","1,410,754.22","510,555,621.80"
2026-03-03,"183,413.33","1,227,340.89","1,410,754.22","511,966,376.03"
2026-03-04,"183,413.33","1,227,340.89","1,410,754.22","513,377,130.25"
2026-03-05,"183,413.33","1,227,340.89","1,410,754.22","514,787,884.47"
2026-03-06,"183,413.33","1,227,340.89","1,410,754.22","516,198,638.70"
2026-03-07,"183,413.33","1,227,340.89","1,410,754.22","517,609,392.92"
2026-03-08,"183,413.33","1,227,340.89","1,410,754.22","519,020,147.14"
2026-03-09,"183,413.33","1,227,340.89","1,410,754.22","520,430,901.37"
2026-03-10,"183,413.33","1,227,340.89","1,410,754.22","521,841,655.59"
2026-03-11,"183,413.33","1,227,340.89","1,410,754.22","523,252,409.82"
2026-03-12,"183,413.33","1,227,340.89","1,410,754.22","524,663,164.04"
2026-03-13,"183,413.33","1,227,340.89","1,410,754.22","526,073,918.26"
2026-03-14,"183,413.33","1,227,340.89","1,410,754.22","527,484,672.49"
2026-03-15,"183,413.33","1,227,340.89","1,410,754.22","528,895,426.71"
2026-03-16,"183,413.33","1,227,340.89","1,410,754.22","530,306,180.93"
2026-03-17,"183,413.33","1,227,340.89","1,410,754.22","531,716,935.16"
2026-03-18,"183,413.33","1,227,340.89","1,410,754.22","533,127,689.38"
2026-03-19,"183,413.33","1,227,340.89","1,410,754.22","534,538,443.60"
2026-03-20,"183,413.33","1,227,340.89","1,410,754.22","535,949,197.83"
2026-03-21,"183,413.33","1,227,340.89","1,410,754.22","537,359,952.05"
2026-03-22,"183,413.33","1,227,340.89","1,410,754.22","538,770,706.28"
2026-03-23,"183,413.33","1,227,340.89","1,410,754.22","540,181,460.50"
2026-03-24,"183,413.33","1,227,340.89","1,410,754.22","541,592,214.72"
2026-03-25,"183,413.33","1,227,340.89","1,410,754.22","543,002,968.95"
2026-03-26,"183,413.33","1,227,340.89","1,410,754.22","544,413,723.17"
2026-03-27,"183,413.33","1,227,340.89","1,410,754.22","545,824,477.39"
2026-03-28,"183,413.33","1,227,340.89","1,410,754.22","547,235,231.62"
2026-03-29,"183,413.33","1,227,340.89","1,410,754.22","548,645,985.84"
2026-03-30,"183,413.33","1,227,340.89","1,410,754.22","550,056,740.07"
2026-03-31,"183,413.33","1,227,340.89","1,410,754.22","551,467,494.29"
2026-04-01,"183,413.33","1,227,340.89","1,410,754.22","552,878,248.51"
2026-04-02,"183,413.33","1,227,340.89","1,410,754.22","554,289,002.74"
2026-04-03,"183,413.33","1,227,340.89","1,410,754.22","555,699,756.96"
2026-04-04,"183,413.33","1,227,340.89","1,410,754.22","557,110,511.18"
2026-04-05,"183,413.33","1,227,340.89","1,410,754.22","558,521,265.41"
2026-04-06,"183,413.33","1,227,340.89","1,410,754.22","559,932,019.63"
2026-04-07,"183,413.33","1,227,340.89","1,410,754.22","561,342,773.86"
2026-04-08,"183,413.33","1,227,340.89","1,410,754.22","562,753,528.08"
2026-04-09,"183,413.33","1,227,340.89","1,410,754.22","564,164,282.30"
2026-04-10,"183,413.33","1,227,340.89","1,410,754.22","565,575,036.53"
2026-04-11,"183,413.33","1,227,340.89","1,410,754.22","566,985,790.75"
2026-04-12,"183,413.33","1,227,340.89","1,410,754.22","568,396,544.97"
2026-04-13,"183,413.33","1,227,340.89","1,410,754.22","569,807,299.20"
2026-04-14,"183,413.33","1,227,340.89","1,410,754.22","571,218,053.42"
2026-04-15,"183,413.33","1,227,340.89","1,410,754.22","572,628,807.64"
2026-04-16,"183,413.33","1,227,340.89","1,410,754.22","574,039,561.87"
2026-04-17,"183,413.33","1,227,340.89","1,410,754.22","575,450,316.09"
2026-04-18,"183,413.33","1,227,340.89","1,410,754.22","576,861,070.32"
2026-04-19,"183,413.33","1,227,340.89","1,410,754.22","578,271,824.54"
2026-04-20,"183,413.33","1,227,340.89","1,410,754.22","579,682,578.76"
2026-04-21,"183,413.33","1,227,340.89","1,410,754.22","581,093,332.99"
2026-04-22,"183,413.33","1,227,340.89","1,410,754.22","582,504,087.21"
2026-04-23,"183,413.33","1,227,340.89","1,410,754.22","583,914,841.43"
2026-04-24,"183,413.33","1,227,340.89","1,410,754.22","585,325,595.66"
2026-04-25,"183,413.33","1,227,340.89","1,410,754.22","586,736,349.88"
2026-04-26,"183,413.33","1,227,340.89","1,410,754.22","588,147,104.11"
2026-04-27,"183,413.33","1,227,340.89","1,410,754.22","589,557,858.33"
2026-04-28,"183,413.33","1,227,340.89","1,410,754.22","590,968,612.55"
2026-04-29,"183,413.33","1,227,340.89","1,410,754.22","592,379,366.78"
2026-04-30,"183,413.33","1,227,340.89","1,410,754.22","593,790,121.00"
2026-05-01,"183,413.33","1,227,340.89","1,410,754.22","595,200,875.22"
2026-05-02,"183,413.33","1,227,340.89","1,410,754.22","596,611,629.45"
2026-05-03,"183,413.33","1,227,340.89","1,410,754.22","598,022,383.67"
2026-05-04,"183,413.33","1,227,340.89","1,410,754.22","599,433,137.90"
2026-05-05,"183,413.33","1,227,340.89","1,410,754.22","600,843,892.12"
2026-05-06,"183,413.33","1,227,340.89","1,410,754.22","602,254,646.34"
2026-05-07,"183,413.33","1,227,340.89","1,410,754.22","603,665,400.57"
2026-05-08,"183,413.33","1,227,340.89","1,410,754.22","605,076,154.79"
2026-05-09,"183,413.33","1,227,340.89","1,410,754.22","606,486,909.01"
2026-05-10,"183,413.33","1,227,340.89","1,410,754.22","607,897,663.24"
2026-05-11,"183,413.33","1,227,340.89","1,410,754.22","609,308,417.46"
2026-05-12,"183,413.33","1,227,340.89","1,410,754.22","610,719,171.68"
2026-05-13,"183,413.33","1,227,340.89","1,410,754.22","612,129,925.91"
2026-05-14,"183,413.33","1,227,340.89","1,410,754.22","613,540,680.13"
2026-05-15,"183,413.33","1,227,340.89","1,410,754.22","614,951,434.36"
2026-05-16,"183,413.33","1,227,340.89","1,410,754.22","616,362,188.58"
2026-05-17,"183,413.33","1,227,340.89","1,410,754.22","617,772,942.80"
2026-05-18,"183,413.33","1,227,340.89","1,410,754.22","619,183,697.03"
2026-05-19,"183,413.33","1,227,340.89","1,410,754.22","620,594,451.25"
2026-05-20,"183,413.33","1,227,340.89","1,410,754.22","622,005,205.47"
2026-05-21,"183,413.33","1,227,340.89","1,410,754.22","623,415,959.70"
2026-05-22,"183,413.33","1,227,340.89","1,410,754.22","624,826,713.92"
2026-05-23,"183,413.33","1,227,340.89","1,410,754.22","626,237,468.15"
2026-05-24,"183,413.33","1,227,340.89","1,410,754.22","627,648,222.37"
2026-05-25,"183,413.33","1,227,340.89","1,410,754.22","629,058,976.59"
2026-05-26,"183,413.33","1,227,340.89","1,410,754.22","630,469,730.82"
2026-05-27,"183,413.33","1,227,340.89","1,410,754.22","631,880,485.04"
2026-05-28,"183,413.33","1,227,340.89","1,410,754.22","633,291,239.26"
2026-05-29,"183,413.33","1,227,340.89","1,410,754.22","634,701,993.49"
2026-05-30,"183,413.33","1,227,340.89","1,410,754.22","636,112,747.71"
2026-05-31,"183,413.33","1,227,340.89","1,410,754.22","637,523,501.94"
2026-06-01,"183,413.33","1,227,340.89","1,410,754.22","638,934,256.16"
2026-06-02,"183,413.33","1,227,340.89","1,410,754.22","640,345,010.38"
2026-06-03,"183,413.33","1,227,340.89","1,410,754.22","641,755,764.61"
2026-06-04,"183,413.33","1,227,340.89","1,410,754.22","643,166,518.83"
2026-06-05,"183,413.33","1,227,340.89","1,410,754.22","644,577,273.05"
2026-06-06,"183,413.33","1,227,340.89","1,410,754.22","645,988,027.28"
2026-06-07,"183,413.33","1,227,340.89","1,410,754.22","647,398,781.50"
2026-06-08,"183,413.33","1,227,340.89","1,410,754.22","648,809,535.72"
2026-06-09,"183,413.33","1,227,340.89","1,410,754.22","650,220,289.95"
2026-06-10,"183,413.33","1,227,340.89","1,410,754.22","651,631,044.17"
2026-06-11,"183,413.33","1,227,340.89","1,410,754.22","653,041,798.40"
2026-06-12,"183,413.33","1,227,340.89","1,410,754.22","654,452,552.62"
2026-06-13,"183,413.33","1,227,340.89","1,410,754.22","655,863,306.84"
2026-06-14,"183,413.33","1,227,340.89","1,410,754.22","657,274,061.07"
2026-06-15,"183,413.33","1,227,340.89","1,410,754.22","658,684,815.29"
2026-06-16,"183,413.33","1,227,340.89","1,410,754.22","660,095,569.51"
2026-06-17,"183,413.33","1,227,340.89","1,410,754.22","661,506,323.74"
2026-06-18,"183,413.33","1,227,340.89","1,410,754.22","662,917,077.96"
2026-06-19,"183,413.33","1,227,340.89","1,410,754.22","664,327,832.19"
2026-06-20,"183,413.33","1,227,340.89","1,410,754.22","665,738,586.41"
2026-06-21,"183,413.33","1,227,340.89","1,410,754.22","667,149,340.63"
2026-06-22,"183,413.33","1,227,340.89","1,410,754.22","668,560,094.86"
2026-06-23,"183,413.33","1,227,340.89","1,410,754.22","669,970,849.08"
2026-06-24,"183,413.33","1,227,340.89","1,410,754.22","671,381,603.30"
2026-06-25,"183,413.33","1,227,340.89","1,410,754.22","672,792,357.53"
2026-06-26,"183,413.33","1,227,340.89","1,410,754.22","674,203,111.75"
2026-06-27,"183,413.33","1,227,340.89","1,410,754.22","675,613,865.98"
2026-06-28,"183,413.33","1,227,340.89","1,410,754.22","677,024,620.20"
2026-06-29,"183,413.33","1,227,340.89","1,410,754.22","678,435,374.42"
2026-06-30,"183,413.33","1,227,340.89","1,410,754.22","679,846,128.65"
2026-07-01,"183,413.33","1,227,340.89","1,410,754.22","681,256,882.87"
2026-07-02,"183,413.33","1,227,340.89","1,410,754.22","682,667,637.09"
2026-07-03,"183,413.33","1,227,340.89","1,410,754.22","684,078,391.32"
2026-07-04,"183,413.33","1,227,340.89","1,410,754.22","685,489,145.54"
2026-07-05,"183,413.33","1,227,340.89","1,410,754.22","686,899,899.76"
2026-07-06,"183,413.33","1,227,340.89","1,410,754.22","688,310,653.99"
2026-07-07,"183,413.33","1,227,340.89","1,410,754.22","689,721,408.21"
2026-07-08,"183,413.33","1,227,340.89","1,410,754.22","691,132,162.44"
2026-07-09,"183,413.33","1,227,340.89","1,410,754.22","692,542,916.66"
2026-07-10,"183,413.33","1,227,340.89","1,410,754.22","693,953,670.88"
2026-07-11,"183,413.33","1,227,340.89","1,410,754.22","695,364,425.11"
2026-07-12,"183,413.33","1,227,340.89","1,410,754.22","696,775,179.33"
2026-07-13,"183,413.33","1,227,340.89","1,410,754.22","698,185,933.55"
2026-07-14,"183,413.33","1,227,340.89","1,410,754.22","699,596,687.78"
2026-07-15,"183,413.33","1,227,340.89","1,410,754.22","701,007,442.00"
2026-07-16,"183,413.33","1,227,340.89","1,410,754.22","702,418,196.23"
2026-07-17,"183,413.33","1,227,340.89","1,410,754.22","703,828,950.45"
2026-07-18,"183,413.33","1,227,340.89","1,410,754.22","705,239,704.67"
2026-07-19,"183,413.33","1,227,340.89","1,410,754.22","706,650,458.90"
2026-07-20,"183,413.33","1,227,340.89","1,410,754.22","708,061,213.12"
2026-07-21,"183,413.33","1,227,340.89","1,410,754.22","709,471,967.34"
2026-07-22,"183,413.33","1,227,340.89","1,410,754.22","710,882,721.57"
2026-07-23,"183,413.33","1,227,340.89","1,410,754.22","712,293,475.79"
2026-07-24,"183,413.33","1,227,340.89","1,410,754.22","713,704,230.01"
2026-07-25,"183,413.33","1,227,340.89","1,410,754.22","715,114,984.24"
2026-07-26,"183,413.33","1,227,340.89","1,410,754.22","716,525,738.46"
2026-07-27,"183,413.33","1,227,340.89","1,410,754.22","717,936,492.69"
2026-07-28,"183,413.33","1,227,340.89","1,410,754.22","719,347,246.91"
2026-07-29,"183,413.33","1,227,340.89","1,410,754.22","720,758,001.13"
2026-07-30,"183,413.33","1,227,340.89","1,410,754.22","722,168,755.36"
2026-07-31,"183,413.33","1,227,340.89","1,410,754.22","723,579,509.58"
2026-08-01,"183,413.33","1,227,340.89","1,410,754.22","724,990,263.80"
2026-08-02,"183,413.33","1,227,340.89","1,410,754.22","726,401,018.03"
2026-08-03,"183,413.33","1,227,340.89","1,410,754.22","727,811,772.25"
2026-08-04,"183,413.33","1,227,340.89","1,410,754.22","729,222,526.48"
2026-08-05,"183,413.33","1,227,340.89","1,410,754.22","730,633,280.70"
2026-08-06,"183,413.33","1,227,340.89","1,410,754.22","732,044,034.92"
2026-08-07,"183,413.33","1,227,340.89","1,410,754.22","733,454,789.15"
2026-08-08,"183,413.33","1,227,340.89","1,410,754.22","734,865,543.37"
2026-08-09,"183,413.33","1,227,340.89","1,410,754.22","736,276,297.59"
2026-08-10,"183,413.33","1,227,340.89","1,410,754.22","737,687,051.82"
2026-08-11,"183,413.33","1,227,340.89","1,410,754.22","739,097,806.04"
2026-08-12,"183,413.33","1,227,340.89","1,410,754.22","740,508,560.27"
2026-08-13,"183,413.33","1,227,340.89","1,410,754.22","741,919,314.49"
2026-08-14,"183,413.33","1,227,340.89","1,410,754.22","743,330,068.71"
2026-08-15,"183,413.33","1,227,340.89","1,410,754.22","744,740,822.94"
2026-08-16,"183,413.33","1,227,340.89","1,410,754.22","746,151,577.16"
2026-08-17,"183,413.33","1,227,340.89","1,410,754.22","747,562,331.38"
2026-08-18,"183,413.33","1,227,340.89","1,410,754.22","748,973,085.61"
2026-08-19,"183,413.33","1,227,340.89","1,410,754.22","750,383,839.83"
2026-08-20,"183,413.33","1,227,340.89","1,410,754.22","751,794,594.05"
2026-08-21,"183,413.33","1,227,340.89","1,410,754.22","753,205,348.28"
2026-08-22,"183,413.33","1,227,340.89","1,410,754.22","754,616,102.50"
2026-08-23,"183,413.33","1,227,340.89","1,410,754.22","756,026,856.73"
2026-08-24,"183,413.33","1,227,340.89","1,410,754.22","757,437,610.95"
2026-08-25,"183,413.33","1,227,340.89","1,410,754.22","758,848,365.17"
2026-08-26,"183,413.33","1,227,340.89","1,410,754.22","760,259,119.40"
2026-08-27,"183,413.33","1,227,340.89","1,410,754.22","761,669,873.62"
2026-08-28,"183,413.33","1,227,340.89","1,410,754.22","763,080,627.84"
2026-08-29,"183,413.33","1,227,340.89","1,410,754.22","764,491,382.07"
2026-08-30,"183,413.33","1,227,340.89","1,410,754.22","765,902,136.29"
2026-08-31,"183,413.33","1,227,340.89","1,410,754.22","767,312,890.52"
2026-09-01,"183,413.33","1,227,340.89","1,410,754.22","768,723,644.74"
2026-09-02,"183,413.33","1,227,340.89","1,410,754.22","770,134,398.96"
2026-09-03,"183,413.33","1,227,340.89","1,410,754.22","771,545,153.19"
2026-09-04,"183,413.33","1,227,340.89","1,410,754.22","772,955,907.41"
2026-09-05,"183,413.33","1,227,340.89","1,410,754.22","774,366,661.63"
2026-09-06,"183,413.33","1,227,340.89","1,410,754.22","775,777,415.86"
2026-09-07,"183,413.33","1,227,340.89","1,410,754.22","777,188,170.08"
2026-09-08,"183,413.33","1,227,340.89","1,410,754.22","778,598,924.31"
2026-09-09,"183,413.33","1,227,340.89","1,410,754.22","780,009,678.53"
2026-09-10,"183,413.33","1,227,340.89","1,410,754.22","781,420,432.75"
2026-09-11,"183,413.33","1,227,340.89","1,410,754.22","782,831,186.98"
2026-09-12,"183,413.33","1,227,340.89","1,410,754.22","784,241,941.20"
2026-09-13,"183,413.33","1,227,340.89","1,410,754.22","785,652,695.42"
2026-09-14,"183,413.33","1,227,340.89","1,410,754.22","787,063,449.65"
2026-09-15,"183,413.33","1,227,340.89","1,410,754.22","788,474,203.87"
2026-09-16,"183,413.33","1,227,340.89","1,410,754.22","789,884,958.09"
2026-09-17,"183,413.33","1,227,340.89","1,410,754.22","791,295,712.32"
2026-09-18,"183,413.33","1,227,340.89","1,410,754.22","792,706,466.54"
2026-09-19,"183,413.33","1,227,340.89","1,410,754.22","794,117,220.77"
2026-09-20,"183,413.33","1,227,340.89","1,410,754.22","795,527,974.99"
2026-09-21,"183,413.33","1,227,340.89","1,410,754.22","796,938,729.21"
2026-09-22,"183,413.33","1,227,340.89","1,410,754.22","798,349,483.44"
2026-09-23,"183,413.33","1,227,340.89","1,410,754.22","799,760,237.66"
2026-09-24,"183,413.33","1,227,340.89","1,410,754.22","801,170,991.88"
2026-09-25,"183,413.33","1,227,340.89","1,410,754.22","802,581,746.11"
2026-09-26,"183,413.33","1,227,340.89","1,410,754.22","803,992,500.33"
2026-09-27,"183,413.33","1,227,340.89","1,410,754.22","805,403,254.56"
2026-09-28,"183,413.33","1,227,340.89","1,410,754.22","806,814,008.78"
2026-09-29,"183,413.33","1,227,340.89","1,410,754.22","808,224,763.00"
2026-09-30,"183,413.33","1,227,340.89","1,410,754.22","809,635,517.23"
2026-10-01,"183,413.33","1,227,340.89","1,410,754.22","811,046,271.45"
2026-10-02,"183,413.33","1,227,340.89","1,410,754.22","812,457,025.67"
2026-10-03,"183,413.33","1,227,340.89","1,410,754.22","813,867,779.90"
2026-10-04,"183,413.33","1,227,340.89","1,410,754.22","815,278,534.12"
2026-10-05,"183,413.33","1,227,340.89","1,410,754.22","816,689,288.35"
2026-10-06,"183,413.33","1,227,340.89","1,410,754.22","818,100,042.57"
2026-10-07,"183,413.33","1,227,340.89","1,410,754.22","819,510,796.79"
2026-10-08,"183,413.33","1,227,340.89","1,410,754.22","820,921,551.02"
2026-10-09,"183,413.33","1,227,340.89","1,410,754.22","822,332,305.24"
2026-10-10,"183,413.33","1,227,340.89","1,410,754.22","823,743,059.46"
2026-10-11,"183,413.33","1,227,340.89","1,410,754.22","825,153,813.69"
2026-10-12,"183,413.33","1,227,340.89","1,410,754.22","826,564,567.91"
2026-10-13,"183,413.33","1,227,340.89","1,410,754.22","827,975,322.13"
2026-10-14,"183,413.33","1,227,340.89","1,410,754.22","829,386,076.36"
2026-10-15,"183,413.33","1,227,340.89","1,410,754.22","830,796,830.58"
2026-10-16,"183,413.33","1,227,340.89","1,410,754.22","832,207,584.81"
2026-10-17,"183,413.33","1,227,340.89","1,410,754.22","833,618,339.03"
2026-10-18,"183,413.33","1,227,340.89","1,410,754.22","835,029,093.25"
2026-10-19,"183,413.33","1,227,340.89","1,410,754.22","836,439,847.48"
2026-10-20,"183,413.33","1,227,340.89","1,410,754.22","837,850,601.70"
2026-10-21,"183,413.33","1,227,340.89","1,410,754.22","839,261,355.92"
2026-10-22,"183,413.33","1,227,340.89","1,410,754.22","840,672,110.15"
2026-10-23,"183,413.33","1,227,340.89","1,410,754.22","842,082,864.37"
2026-10-24,"183,413.33","1,227,340.89","1,410,754.22","843,493,618.60"
2026-10-25,"183,413.33","1,227,340.89","1,410,754.22","844,904,372.82"
2026-10-26,"183,413.33","1,227,340.89","1,410,754.22","846,315,127.04"
2026-10-27,"183,413.33","1,227,340.89","1,410,754.22","847,725,881.27"
2026-10-28,"183,413.33","1,227,340.89","1,410,754.22","849,136,635.49"
2026-10-29,"183,413.33","1,227,340.89","1,410,754.22","850,547,389.71"
2026-10-30,"183,413.33","1,227,340.89","1,410,754.22","851,958,143.94"
2026-10-31,"183,413.33","1,227,340.89","1,410,754.22","853,368,898.16"
2026-11-01,"183,413.33","1,227,340.89","1,410,754.22","854,779,652.39"
2026-11-02,"183,413.33","1,227,340.89","1,410,754.22","856,190,406.61"
2026-11-03,"183,413.33","1,227,340.89","1,410,754.22","857,601,160.83"
2026-11-04,"183,413.33","1,227,340.89","1,410,754.22","859,011,915.06"
2026-11-05,"183,413.33","1,227,340.89","1,410,754.22","860,422,669.28"
2026-11-06,"183,413.33","1,227,340.89","1,410,754.22","861,833,423.50"
2026-11-07,"183,413.33","1,227,340.89","1,410,754.22","863,244,177.73"
2026-11-08,"183,413.33","1,227,340.89","1,410,754.22","864,654,931.95"
2026-11-09,"183,413.33","1,227,340.89","1,410,754.22","866,065,686.17"
2026-11-10,"183,413.33","1,227,340.89","1,410,754.22","867,476,440.40"
2026-11-11,"183,413.33","1,227,340.89","1,410,754.22","868,887,194.62"
2026-11-12,"183,413.33","1,227,340.89","1,410,754.22","870,297,948.85"
2026-11-13,"183,413.33","1,227,340.89","1,410,754.22","871,708,703.07"
2026-11-14,"183,413.33","1,227,340.89","1,410,754.22","873,119,457.29"
2026-11-15,"183,413.33","1,227,340.89","1,410,754.22","874,530,211.52"
2026-11-16,"183,413.33","1,227,340.89","1,410,754.22","875,940,965.74"
2026-11-17,"183,413.33","1,227,340.89","1,410,754.22","877,351,719.96"
2026-11-18,"183,413.33","1,227,340.89","1,410,754.22","878,762,474.19"
2026-11-19,"183,413.33","1,227,340.89","1,410,754.22","880,173,228.41"
2026-11-20,"183,413.33","1,227,340.89","1,410,754.22","881,583,982.64"
2026-11-21,"183,413.33","1,227,340.89","1,410,754.22","882,994,736.86"
2026-11-22,"183,413.33","1,227,340.89","1,410,754.22","884,405,491.08"
2026-11-23,"183,413.33","1,227,340.89","1,410,754.22","885,816,245.31"
2026-11-24,"183,413.33","1,227,340.89","1,410,754.22","887,226,999.53"
2026-11-25,"183,413.33","1,227,340.89","1,410,754.22","888,637,753.75"
2026-11-26,"183,413.33","1,227,340.89","1,410,754.22","890,048,507.98"
2026-11-27,"183,413.33","1,227,340.89","1,410,754.22","891,459,262.20"
2026-11-28,"183,413.33","1,227,340.89","1,410,754.22","892,870,016.43"
2026-11-29,"183,413.33","1,227,340.89","1,410,754.22","894,280,770.65"
2026-11-30,"183,413.33","1,227,340.89","1,410,754.22","895,691,524.87"
2026-12-01,"183,413.33","1,227,340.89","1,410,754.22","897,102,279.10"
2026-12-02,"183,413.33","1,227,340.89","1,410,754.22","898,513,033.32"
2026-12-03,"183,413.33","1,227,340.89","1,410,754.22","899,923,787.54"
2026-12-04,"183,413.33","1,227,340.89","1,410,754.22","901,334,541.77"
2026-12-05,"183,413.33","1,227,340.89","1,410,754.22","902,745,295.99"
2026-12-06,"183,413.33","1,227,340.89","1,410,754.22","904,156,050.21"
2026-12-07,"183,413.33","1,227,340.89","1,410,754.22","905,566,804.44"
2026-12-08,"183,413.33","1,227,340.89","1,410,754.22","906,977,558.66"
2026-12-09,"183,413.33","1,227,340.89","1,410,754.22","908,388,312.89"
2026-12-10,"183,413.33","1,227,340.89","1,410,754.22","909,799,067.11"
2026-12-11,"183,413.33","1,227,340.89","1,410,754.22","911,209,821.33"
2026-12-12,"183,413.33","1,227,340.89","1,410,754.22","912,620,575.56"
2026-12-13,"183,413.33","1,227,340.89","1,410,754.22","914,031,329.78"
2026-12-14,"183,413.33","1,227,340.89","1,410,754.22","915,442,084.00"
2026-12-15,"183,413.33","1,227,340.89","1,410,754.22","916,852,838.23"
2026-12-16,"183,413.33","1,227,340.89","1,410,754.22","918,263,592.45"
2026-12-17,"183,413.33","1,227,340.89","1,410,754.22","919,674,346.68"
2026-12-18,"183,413.33","1,227,340.89","1,410,754.22","921,085,100.90"
2026-12-19,"183,413.33","1,227,340.89","1,410,754.22","922,495,855.12"
2026-12-20,"183,413.33","1,227,340.89","1,410,754.22","923,906,609.35"
2026-12-21,"183,413.33","1,227,340.89","1,410,754.22","925,317,363.57"
2026-12-22,"183,413.33","1,227,340.89","1,410,754.22","926,728,117.79"
2026-12-23,"183,413.33","1,227,340.89","1,410,754.22","928,138,872.02"
2026-12-24,"183,413.33","1,227,340.89","1,410,754.22","929,549,626.24"
2026-12-25,"183,413.33","1,227,340.89","1,410,754.22","930,960,380.47"
2026-12-26,"183,413.33","1,227,340.89","1,410,754.22","932,371,134.69"
2026-12-27,"183,413.33","1,227,340.89","1,410,754.22","933,781,888.91"
2026-12-28,"183,413.33","1,227,340.89","1,410,754.22","935,192,643.14"
2026-12-29,"183,413.33","1,227,340.89","1,410,754.22","936,603,397.36"
2026-12-30,"183,413.33","1,227,340.89","1,410,754.22","938,014,151.58"
2026-12-31,"183,413.33","1,227,340.89","1,410,754.22","939,424,905.81"
2027-01-01,"183,413.33","1,227,340.89","1,410,754.22","940,835,660.03"
2027-01-02,"183,413.33","1,227,340.89","1,410,754.22","942,246,414.25"
2027-01-03,"183,413.33","1,227,340.89","1,410,754.22","943,657,168.48"
2027-01-04,"183,413.33","1,227,340.89","1,410,754.22","945,067,922.70"
2027-01-05,"183,413.33","1,227,340.89","1,410,754.22","946,478,676.93"
2027-01-06,"183,413.33","1,227,340.89","1,410,754.22","947,889,431.15"
2027-01-07,"183,413.33","1,227,340.89","1,410,754.22","949,300,185.37"
2027-01-08,"183,413.33","1,227,340.89","1,410,754.22","950,710,939.60"
2027-01-09,"183,413.33","1,227,340.89","1,410,754.22","952,121,693.82"
2027-01-10,"183,413.33","1,227,340.89","1,410,754.22","953,532,448.04"
2027-01-11,"183,413.33","1,227,340.89","1,410,754.22","954,943,202.27"
2027-01-12,"183,413.33","1,227,340.89","1,410,754.22","956,353,956.49"
2027-01-13,"183,413.33","1,227,340.89","1,410,754.22","957,764,710.72"
2027-01-14,"183,413.33","1,227,340.89","1,410,754.22","959,175,464.94"
2027-01-15,"183,413.33","1,227,340.89","1,410,754.22","960,586,219.16"
2027-01-16,"183,413.33","1,227,340.89","1,410,754.22","961,996,973.39"
2027-01-17,"183,413.33","1,227,340.89","1,410,754.22","963,407,727.61"
2027-01-18,"183,413.33","1,227,340.89","1,410,754.22","964,818,481.83"
2027-01-19,"183,413.33","1,227,340.89","1,410,754.22","966,229,236.06"
2027-01-20,"183,413.33","1,227,340.89","1,410,754.22","967,639,990.28"
2027-01-21,"183,413.33","1,227,340.89","1,410,754.22","969,050,744.51"
2027-01-22,"183,413.33","1,227,340.89","1,410,754.22","970,461,498.73"
2027-01-23,"183,413.33","1,227,340.89","1,410,754.22","971,872,252.95"
2027-01-24,"183,413.33","1,227,340.89","1,410,754.22","973,283,007.18"
2027-01-25,"183,413.33","1,227,340.89","1,410,754.22","974,693,761.40"
2027-01-26,"183,413.33","1,227,340.89","1,410,754.22","976,104,515.62"
2027-01-27,"183,413.33","1,227,340.89","1,410,754.22","977,515,269.85"
2027-01-28,"183,413.33","1,227,340.89","1,410,754.22","978,926,024.07"
2027-01-29,"183,413.33","1,227,340.89","1,410,754.22","980,336,778.29"
2027-01-30,"183,413.33","1,227,340.89","1,410,754.22","981,747,532.52"
2027-01-31,"183,413.33","1,227,340.89","1,410,754.22","983,158,286.74"
2027-02-01,"183,413.33","1,227,340.89","1,410,754.22","984,569,040.97"
2027-02-02,"183,413.33","1,227,340.89","1,410,754.22","985,979,795.19"
2027-02-03,"183,413.33","1,227,340.89","1,410,754.22","987,390,549.41"
2027-02-04,"183,413.33","1,227,340.89","1,410,754.22","988,801,303.64"
2027-02-05,"183,413.33","1,227,340.89","1,410,754.22","990,212,057.86"
2027-02-06,"183,413.33","1,227,340.89","1,410,754.22","991,622,812.08"
2027-02-07,"183,413.33","1,227,340.89","1,410,754.22","993,033,566.31"
2027-02-08,"183,413.33","1,227,340.89","1,410,754.22","994,444,320.53"
2027-02-09,"183,413.33","1,227,340.89","1,410,754.22","995,855,074.76"
2027-02-10,"183,413.33","1,227,340.89","1,410,754.22","997,265,828.98"
2027-02-11,"183,413.33","1,227,340.89","1,410,754.22","998,676,583.20"
2027-02-12,"183,413.33","1,227,340.89","1,410,754.22","1,000,087,337.43"
2027-02-13,"183,413.33","1,227,340.89","1,410,754.22","1,001,498,091.65"
2027-02-14,"183,413.33","1,227,340.89","1,410,754.22","1,002,908,845.87"
2027-02-15,"183,413.33","1,227,340.89","1,410,754.22","1,004,319,600.10"
2027-02-16,"183,413.33","1,227,340.89","1,410,754.22","1,005,730,354.32"
2027-02-17,"183,413.33","1,227,340.89","1,410,754.22","1,007,141,108.55"
2027-02-18,"183,413.33","1,227,340.89","1,410,754.22","1,008,551,862.77"
2027-02-19,"183,413.33","1,227,340.89","1,410,754.22","1,009,962,616.99"
2027-02-20,"183,413.33","1,227,340.89","1,410,754.22","1,011,373,371.22"
2027-02-21,"183,413.33","1,227,340.89","1,410,754.22","1,012,784,125.44"
2027-02-22,"183,413.33","1,227,340.89","1,410,754.22","1,014,194,879.66"
2027-02-23,"183,413.33","1,227,340.89","1,410,754.22","1,015,605,633.89"
2027-02-24,"183,413.33","1,227,340.89","1,410,754.22","1,017,016,388.11"
2027-02-25,"183,413.33","1,227,340.89","1,410,754.22","1,018,427,142.33"
2027-02-26,"183,413.33","1,227,340.89","1,410,754.22","1,019,837,896.56"
2027-02-27,"183,413.33","1,227,340.89","1,410,754.22","1,021,248,650.78"
2027-02-28,"183,413.33","1,227,340.89","1,410,754.22","1,022,659,405.01"
2027-03-01,"183,413.33","1,227,340.89","1,410,754.22","1,024,070,159.23"
2027-03-02,"183,413.33","1,227,340.89","1,410,754.22","1,025,480,913.45"
2027-03-03,"183,413.33","1,227,340.89","1,410,754.22","1,026,891,667.68"
2027-03-04,"183,413.33","1,227,340.89","1,410,754.22","1,028,302,421.90"
2027-03-05,"183,413.33","1,227,340.89","1,410,754.22","1,029,713,176.12"
2027-03-06,"183,413.33","1,227,340.89","1,410,754.22","1,031,123,930.35"
2027-03-07,"183,413.33","1,227,340.89","1,410,754.22","1,032,534,684.57"
2027-03-08,"183,413.33","1,227,340.89","1,410,754.22","1,033,945,438.80"
2027-03-09,"183,413.33","1,227,340.89","1,410,754.22","1,035,356,193.02"
2027-03-10,"183,413.33","1,227,340.89","1,410,754.22","1,036,766,947.24"
2027-03-11,"183,413.33","1,227,340.89","1,410,754.22","1,038,177,701.47"
2027-03-12,"183,413.33","1,227,340.89","1,410,754.22","1,039,588,455.69"
2027-03-13,"183,413.33","1,227,340.89","1,410,754.22","1,040,999,209.91"
2027-03-14,"183,413.33","1,227,340.89","1,410,754.22","1,042,409,964.14"
2027-03-15,"183,413.33","1,227,340.89","1,410,754.22","1,043,820,718.36"
2027-03-16,"183,413.33","1,227,340.89","1,410,754.22","1,045,231,472.59"
2027-03-17,"183,413.33","1,227,340.89","1,410,754.22","1,046,642,226.81"
2027-03-18,"183,413.33","1,227,340.89","1,410,754.22","1,048,052,981.03"
2027-03-19,"183,413.33","1,227,340.89","1,410,754.22","1,049,463,735.26"
2027-03-20,"183,413.33","1,227,340.89","1,410,754.22","1,050,874,489.48"
2027-03-21,"183,413.33","1,227,340.89","1,410,754.22","1,052,285,243.70"
2027-03-22,"183,413.33","1,227,340.89","1,410,754.22","1,053,695,997.93"
2027-03-23,"183,413.33","1,227,340.89","1,410,754.22","1,055,106,752.15"
2027-03-24,"183,413.33","1,227,340.89","1,410,754.22","1,056,517,506.37"
2027-03-25,"183,413.33","1,227,340.89","1,410,754.22","1,057,928,260.60"
2027-03-26,"183,413.33","1,227,340.89","1,410,754.22","1,059,339,014.82"
2027-03-27,"183,413.33","1,227,340.89","1,410,754.22","1,060,749,769.05"
2027-03-28,"183,413.33","1,227,340.89","1,410,754.22","1,062,160,523.27"
2027-03-29,"183,413.33","1,227,340.89","1,410,754.22","1,063,571,277.49"
2027-03-30,"183,413.33","1,227,340.89","1,410,754.22","1,064,982,031.72"
2027-03-31,"183,413.33","1,227,340.89","1,410,754.22","1,066,392,785.94"
2027-04-01,"183,413.33","1,227,340.89","1,410,754.22","1,067,803,540.16"
2027-04-02,"183,413.33","1,227,340.89","1,410,754.22","1,069,214,294.39"
2027-04-03,"183,413.33","1,227,340.89","1,410,754.22","1,070,625,048.61"
2027-04-04,"183,413.33","1,227,340.89","1,410,754.22","1,072,035,802.84"
2027-04-05,"183,413.33","1,227,340.89","1,410,754.22","1,073,446,557.06"
2027-04-06,"183,413.33","1,227,340.89","1,410,754.22","1,074,857,311.28"
2027-04-07,"183,413.33","1,227,340.89","1,410,754.22","1,076,268,065.51"
2027-04-08,"183,413.33","1,227,340.89","1,410,754.22","1,077,678,819.73"
2027-04-09,"183,413.33","1,227,340.89","1,410,754.22","1,079,089,573.95"
2027-04-10,"183,413.33","1,227,340.89","1,410,754.22","1,080,500,328.18"
2027-04-11,"183,413.33","1,227,340.89","1,410,754.22","1,081,911,082.40"
2027-04-12,"183,413.33","1,227,340.89","1,410,754.22","1,083,321,836.63"
2027-04-13,"183,413.33","1,227,340.89","1,410,754.22","1,084,732,590.85"
2027-04-14,"183,413.33","1,227,340.89","1,410,754.22","1,086,143,345.07"
2027-04-15,"183,413.33","1,227,340.89","1,410,754.22","1,087,554,099.30"
2027-04-16,"183,413.33","1,227,340.89","1,410,754.22","1,088,964,853.52"
2027-04-17,"183,413.33","1,227,340.89","1,410,754.22","1,090,375,607.74"
2027-04-18,"183,413.33","1,227,340.89","1,410,754.22","1,091,786,361.97"
2027-04-19,"183,413.33","1,227,340.89","1,410,754.22","1,093,197,116.19"
2027-04-20,"183,413.33","1,227,340.89","1,410,754.22","1,094,607,870.41"
2027-04-21,"183,413.33","1,227,340.89","1,410,754.22","1,096,018,624.64"
2027-04-22,"183,413.33","1,227,340.89","1,410,754.22","1,097,429,378.86"
2027-04-23,"183,413.33","1,227,340.89","1,410,754.22","1,098,840,133.09"
2027-04-24,"183,413.33","1,227,340.89","1,410,754.22","1,100,250,887.31"
2027-04-25,"183,413.33","1,227,340.89","1,410,754.22","1,101,661,641.53"
2027-04-26,"183,413.33","1,227,340.89","1,410,754.22","1,103,072,395.76"
2027-04-27,"183,413.33","1,227,340.89","1,410,754.22","1,104,483,149.98"
2027-04-28,"183,413.33","1,227,340.89","1,410,754.22","1,105,893,904.20"
2027-04-29,"183,413.33","1,227,340.89","1,410,754.22","1,107,304,658.43"
2027-04-30,"183,413.33","1,227,340.89","1,410,754.22","1,108,715,412.65"
2027-05-01,"183,413.33","1,227,340.89","1,410,754.22","1,110,126,166.88"
2027-05-02,"183,413.33","1,227,340.89","1,410,754.22","1,111,536,921.10"
2027-05-03,"183,413.33","1,227,340.89","1,410,754.22","1,112,947,675.32"
2027-05-04,"183,413.33","1,227,340.89","1,410,754.22","1,114,358,429.55"
2027-05-05,"183,413.33","1,227,340.89","1,410,754.22","1,115,769,183.77"
2027-05-06,"183,413.33","1,227,340.89","1,410,754.22","1,117,179,937.99"
2027-05-07,"183,413.33","1,227,340.89","1,410,754.22","1,118,590,692.22"
2027-05-08,"183,413.33","1,227,340.89","1,410,754.22","1,120,001,446.44"
2027-05-09,"183,413.33","1,227,340.89","1,410,754.22","1,121,412,200.67"
2027-05-10,"183,413.33","1,227,340.89","1,410,754.22","1,122,822,954.89"
2027-05-11,"183,413.33","1,227,340.89","1,410,754.22","1,124,233,709.11"
2027-05-12,"183,413.33","1,227,340.89","1,410,754.22","1,125,644,463.34"
2027-05-13,"183,413.33","1,227,340.89","1,410,754.22","1,127,055,217.56"
2027-05-14,"183,413.33","1,227,340.89","1,410,754.22","1,128,465,971.78"
2027-05-15,"183,413.33","1,227,340.89","1,410,754.22","1,129,876,726.01"
2027-05-16,"183,413.33","1,227,340.89","1,410,754.22","1,131,287,480.23"
2027-05-17,"183,413.33","1,227,340.89","1,410,754.22","1,132,698,234.45"
2027-05-18,"183,413.33","1,227,340.89","1,410,754.22","1,134,108,988.68"
2027-05-19,"183,413.33","1,227,340.89","1,410,754.22","1,135,519,742.90"
2027-05-20,"183,413.33","1,227,340.89","1,410,754.22","1,136,930,497.13"
2027-05-21,"183,413.33","1,227,340.89","1,410,754.22","1,138,341,251.35"
2027-05-22,"183,413.33","1,227,340.89","1,410,754.22","1,139,752,005.57"
2027-05-23,"183,413.33","1,227,340.89","1,410,754.22","1,141,162,759.80"
2027-05-24,"183,413.33","1,227,340.89","1,410,754.22","1,142,573,514.02"
2027-05-25,"183,413.33","1,227,340.89","1,410,754.22","1,143,984,268.24"
2027-05-26,"183,413.33","1,227,340.89","1,410,754.22","1,145,395,022.47"
2027-05-27,"183,413.33","1,227,340.89","1,410,754.22","1,146,805,776.69"
2027-05-28,"183,413.33","1,227,340.89","1,410,754.22","1,148,216,530.92"
2027-05-29,"183,413.33","1,227,340.89","1,410,754.22","1,149,627,285.14"
2027-05-30,"183,413.33","1,227,340.89","1,410,754.22","1,151,038,039.36"
2027-05-31,"183,413.33","1,227,340.89","1,410,754.22","1,152,448,793.59"
2027-06-01,"183,413.33","1,227,340.89","1,410,754.22","1,153,859,547.81"
2027-06-02,"183,413.33","1,227,340.89","1,410,754.22","1,155,270,302.03"
2027-06-03,"183,413.33","1,227,340.89","1,410,754.22","1,156,681,056.26"
2027-06-04,"183,413.33","1,227,340.89","1,410,754.22","1,158,091,810.48"
2027-06-05,"183,413.33","1,227,340.89","1,410,754.22","1,159,502,564.71"
2027-06-06,"183,413.33","1,227,340.89","1,410,754.22","1,160,913,318.93"
2027-06-07,"183,413.33","1,227,340.89","1,410,754.22","1,162,324,073.15"
2027-06-08,"183,413.33","1,227,340.89","1,410,754.22","1,163,734,827.38"
2027-06-09,"183,413.33","1,227,340.89","1,410,754.22","1,165,145,581.60"
2027-06-10,"183,413.33","1,227,340.89","1,410,754.22","1,166,556,335.82"
2027-06-11,"183,413.33","1,227,340.89","1,410,754.22","1,167,967,090.05"
2027-06-12,"183,413.33","1,227,340.89","1,410,754.22","1,169,377,844.27"
2027-06-13,"183,413.33","1,227,340.89","1,410,754.22","1,170,788,598.49"
2027-06-14,"183,413.33","1,227,340.89","1,410,754.22","1,172,199,352.72"
2027-06-15,"183,413.33","1,227,340.89","1,410,754.22","1,173,610,106.94"
2027-06-16,"183,413.33","1,227,340.89","1,410,754.22","1,175,020,861.17"
2027-06-17,"183,413.33","1,227,340.89","1,410,754.22","1,176,431,615.39"
2027-06-18,"183,413.33","1,227,340.89","1,410,754.22","1,177,842,369.61"
2027-06-19,"183,413.33","1,227,340.89","1,410,754.22","1,179,253,123.84"
2027-06-20,"183,413.33","1,227,340.89","1,410,754.22","1,180,663,878.06"
2027-06-21,"183,413.33","1,227,340.89","1,410,754.22","1,182,074,632.28"
2027-06-22,"183,413.33","1,227,340.89","1,410,754.22","1,183,485,386.51"
2027-06-23,"183,413.33","1,227,340.89","1,410,754.22","1,184,896,140.73"
2027-06-24,"183,413.33","1,227,340.89","1,410,754.22","1,186,306,894.96"
2027-06-25,"183,413.33","1,227,340.89","1,410,754.22","1,187,717,649.18"
2027-06-26,"183,413.33","1,227,340.89","1,410,754.22","1,189,128,403.40"
2027-06-27,"183,413.33","1,227,340.89","1,410,754.22","1,190,539,157.63"
2027-06-28,"183,413.33","1,227,340.89","1,410,754.22","1,191,949,911.85"
2027-06-29,"183,413.33","1,227,340.89","1,410,754.22","1,193,360,666.07"
2027-06-30,"183,413.33","1,227,340.89","1,410,754.22","1,194,771,420.30"
2027-07-01,"183,413.33","1,227,340.89","1,410,754.22","1,196,182,174.52"
2027-07-02,"183,413.33","1,227,340.89","1,410,754.22","1,197,592,928.75"
2027-07-03,"183,413.33","1,227,340.89","1,410,754.22","1,199,003,682.97"
2027-07-04,"183,413.33","1,227,340.89","1,410,754.22","1,200,414,437.19"
2027-07-05,"183,413.33","1,227,340.89","1,410,754.22","1,201,825,191.42"
2027-07-06,"183,413.33","1,227,340.89","1,410,754.22","1,203,235,945.64"
2027-07-07,"183,413.33","1,227,340.89","1,410,754.22","1,204,646,699.86"
2027-07-08,"183,413.33","1,227,340.89","1,410,754.22","1,206,057,454.09"
2027-07-09,"183,413.33","1,227,340.89","1,410,754.22","1,207,468,208.31"
2027-07-10,"183,413.33","1,227,340.89","1,410,754.22","1,208,878,962.53"
2027-07-11,"183,413.33","1,227,340.89","1,410,754.22","1,210,289,716.76"
2027-07-12,"183,413.33","1,227,340.89","1,410,754.22","1,211,700,470.98"
2027-07-13,"183,413.33","1,227,340.89","1,410,754.22","1,213,111,225.21"
2027-07-14,"183,413.33","1,227,340.89","1,410,754.22","1,214,521,979.43"
2027-07-15,"183,413.33","1,227,340.89","1,410,754.22","1,215,932,733.65"
2027-07-16,"183,413.33","1,227,340.89","1,410,754.22","1,217,343,487.88"
2027-07-17,"183,413.33","1,227,340.89","1,410,754.22","1,218,754,242.10"
2027-07-18,"183,413.33","1,227,340.89","1,410,754.22","1,220,164,996.32"
2027-07-19,"183,413.33","1,227,340.89","1,410,754.22","1,221,575,750.55"
2027-07-20,"183,413.33","1,227,340.89","1,410,754.22","1,222,986,504.77"
2027-07-21,"183,413.33","1,227,340.89","1,410,754.22","1,224,397,259.00"
2027-07-22,"183,413.33","1,227,340.89","1,410,754.22","1,225,808,013.22"
2027-07-23,"183,413.33","1,227,340.89","1,410,754.22","1,227,218,767.44"
2027-07-24,"183,413.33","1,227,340.89","1,410,754.22","1,228,629,521.67"
2027-07-25,"183,413.33","1,227,340.89","1,410,754.22","1,230,040,275.89"
2027-07-26,"183,413.33","1,227,340.89","1,410,754.22","1,231,451,030.11"
2027-07-27,"183,413.33","1,227,340.89","1,410,754.22","1,232,861,784.34"
2027-07-28,"183,413.33","1,227,340.89","1,410,754.22","1,234,272,538.56"
2027-07-29,"183,413.33","1,227,340.89","1,410,754.22","1,235,683,292.78"
2027-07-30,"183,413.33","1,227,340.89","1,410,754.22","1,237,094,047.01"
2027-07-31,"183,413.33","1,227,340.89","1,410,754.22","1,238,504,801.23"
2027-08-01,"183,413.33","1,227,340.89","1,410,754.22","1,239,915,555.46"
2027-08-02,"183,413.33","1,227,340.89","1,410,754.22","1,241,326,309.68"
2027-08-03,"183,413.33","1,227,340.89","1,410,754.22","1,242,737,063.90"
2027-08-04,"183,413.33","1,227,340.89","1,410,754.22","1,244,147,818.13"
2027-08-05,"183,413.33","1,227,340.89","1,410,754.22","1,245,558,572.35"
2027-08-06,"183,413.33","1,227,340.89","1,410,754.22","1,246,969,326.57"
2027-08-07,"183,413.33","1,227,340.89","1,410,754.22","1,248,380,080.80"
2027-08-08,"183,413.33","1,227,340.89","1,410,754.22","1,249,790,835.02"
2027-08-09,"183,413.33","1,227,340.89","1,410,754.22","1,251,201,589.25"
2027-08-10,"183,413.33","1,227,340.89","1,410,754.22","1,252,612,343.47"
2027-08-11,"183,413.33","1,227,340.89","1,410,754.22","1,254,023,097.69"
2027-08-12,"183,413.33","1,227,340.89","1,410,754.22","1,255,433,851.92"
2027-08-13,"183,413.33","1,227,340.89","1,410,754.22","1,256,844,606.14"
2027-08-14,"183,413.33","1,227,340.89","1,410,754.22","1,258,255,360.36"
2027-08-15,"183,413.33","1,227,340.89","1,410,754.22","1,259,666,114.59"
2027-08-16,"183,413.33","1,227,340.89","1,410,754.22","1,261,076,868.81"
2027-08-17,"183,413.33","1,227,340.89","1,410,754.22","1,262,487,623.04"
2027-08-18,"183,413.33","1,227,340.89","1,410,754.22","1,263,898,377.26"
2027-08-19,"183,413.33","1,227,340.89","1,410,754.22","1,265,309,131.48"
2027-08-20,"183,413.33","1,227,340.89","1,410,754.22","1,266,719,885.71"
2027-08-21,"183,413.33","1,227,340.89","1,410,754.22","1,268,130,639.93"
2027-08-22,"183,413.33","1,227,340.89","1,410,754.22","1,269,541,394.15"
2027-08-23,"183,413.33","1,227,340.89","1,410,754.22","1,270,952,148.38"
2027-08-24,"183,413.33","1,227,340.89","1,410,754.22","1,272,362,902.60"
2027-08-25,"183,413.33","1,227,340.89","1,410,754.22","1,273,773,656.82"
2027-08-26,"183,413.33","1,227,340.89","1,410,754.22","1,275,184,411.05"
2027-08-27,"183,413.33","1,227,340.89","1,410,754.22","1,276,595,165.27"
2027-08-28,"183,413.33","1,227,340.89","1,410,754.22","1,278,005,919.50"
2027-08-29,"183,413.33","1,227,340.89","1,410,754.22","1,279,416,673.72"
2027-08-30,"183,413.33","1,227,340.89","1,410,754.22","1,280,827,427.94"
2027-08-31,"183,413.33","1,227,340.89","1,410,754.22","1,282,238,182.17"
2027-09-01,"183,413.33","1,227,340.89","1,410,754.22","1,283,648,936.39"
2027-09-02,"183,413.33","1,227,340.89","1,410,754.22","1,285,059,690.61"
2027-09-03,"183,413.33","1,227,340.89","1,410,754.22","1,286,470,444.84"
2027-09-04,"183,413.33","1,227,340.89","1,410,754.22","1,287,881,199.06"
2027-09-05,"183,413.33","1,227,340.89","1,410,754.22","1,289,291,953.29"
2027-09-06,"183,413.33","1,227,340.89","1,410,754.22","1,290,702,707.51"
2027-09-07,"183,413.33","1,227,340.89","1,410,754.22","1,292,113,461.73"
2027-09-08,"183,413.33","1,227,340.89","1,410,754.22","1,293,524,215.96"
2027-09-09,"183,413.33","1,227,340.89","1,410,754.22","1,294,934,970.18"
2027-09-10,"183,413.33","1,227,340.89","1,410,754.22","1,296,345,724.40"
2027-09-11,"183,413.33","1,227,340.89","1,410,754.22","1,297,756,478.63"
2027-09-12,"183,413.33","1,227,340.89","1,410,754.22","1,299,167,232.85"
2027-09-13,"183,413.33","1,227,340.89","1,410,754.22","1,300,577,987.08"
2027-09-14,"183,413.33","1,227,340.89","1,410,754.22","1,301,988,741.30"
2027-09-15,"183,413.33","1,227,340.89","1,410,754.22","1,303,399,495.52"
2027-09-16,"183,413.33","1,227,340.89","1,410,754.22","1,304,810,249.75"
2027-09-17,"183,413.33","1,227,340.89","1,410,754.22","1,306,221,003.97"
2027-09-18,"183,413.33","1,227,340.89","1,410,754.22","1,307,631,758.19"