DATE,AIRDROP_DAILY,INVESTORS_DAILY,CONTRIBUTORS_DAILY,TOTAL_DAILY,CUMULATIVE_UNLOCKED
2023-12-07,27397.260274,0.00000000,0.00000000,27397.26027400,27397.26027400
2023-12-08,27397.260274,0.00000000,0.00000000,27397.26027400,54794.52054800
2023-12-09,27397.260274,0.00000000,0.00000000,27397.26027400,82191.78082200
2023-12-10,27397.260274,0.00000000,0.00000000,27397.26027400,109589.04109600
2023-12-11,27397.260274,0.00000000,0.00000000,27397.26027400,136986.30137000
2023-12-12,27397.260274,0.00000000,0.00000000,27397.26027400,164383.56164400
2023-12-13,27397.260274,0.00000000,0.00000000,27397.26027400,191780.82191800
2023-12-14,27397.260274,0.00000000,0.00000000,27397.26027400,219178.08219200
2023-12-15,27397.260274,0.00000000,0.00000000,27397.26027400,246575.34246600
2023-12-16,27397.260274,0.00000000,0.00000000,27397.26027400,273972.60274000
2023-12-17,27397.260274,0.00000000,0.00000000,27397.26027400,301369.86301400
2023-12-18,27397.260274,0.00000000,0.00000000,27397.26027400,328767.12328800
2023-12-19,27397.260274,0.00000000,0.00000000,27397.26027400,356164.38356200
2023-12-20,27397.260274,0.00000000,0.00000000,27397.26027400,383561.64383600
2023-12-21,27397.260274,0.00000000,0.00000000,27397.26027400,410958.90411000
2023-12-22,27397.260274,0.00000000,0.00000000,27397.26027400,438356.16438400
2023-12-23,27397.260274,0.00000000,0.00000000,27397.26027400,465753.42465800
2023-12-24,27397.260274,0.00000000,0.00000000,27397.26027400,493150.68493200
2023-12-25,27397.260274,0.00000000,0.00000000,27397.26027400,520547.94520600
2023-12-26,27397.260274,0.00000000,0.00000000,27397.26027400,547945.20548000
2023-12-27,27397.260274,0.00000000,0.00000000,27397.26027400,575342.46575400
2023-12-28,27397.260274,0.00000000,0.00000000,27397.26027400,602739.72602800
2023-12-29,27397.260274,0.00000000,0.00000000,27397.26027400,630136.98630200
2023-12-30,27397.260274,0.00000000,0.00000000,27397.26027400,657534.24657600
2023-12-31,27397.260274,0.00000000,0.00000000,27397.26027400,684931.50685000
2024-01-01,27397.260274,0.00000000,0.00000000,27397.26027400,712328.76712400
2024-01-02,27397.260274,0.00000000,0.00000000,27397.26027400,739726.02739800
2024-01-03,27397.260274,0.00000000,0.00000000,27397.26027400,767123.28767200
2024-01-04,27397.260274,0.00000000,0.00000000,27397.26027400,794520.54794600
2024-01-05,27397.260274,0.00000000,0.00000000,27397.26027400,821917.80822000
2024-01-06,27397.260274,0.00000000,0.00000000,27397.26027400,849315.06849400
2024-01-07,27397.260274,0.00000000,0.00000000,27397.26027400,876712.32876800
2024-01-08,27397.260274,0.00000000,0.00000000,27397.26027400,904109.58904200
2024-01-09,27397.260274,0.00000000,0.00000000,27397.26027400,931506.84931600
2024-01-10,27397.260274,0.00000000,0.00000000,27397.26027400,958904.10959000
2024-01-11,27397.260274,0.00000000,0.00000000,27397.26027400,986301.36986400
2024-01-12,27397.260274,0.00000000,0.00000000,27397.26027400,1013698.63013800
2024-01-13,27397.260274,0.00000000,0.00000000,27397.26027400,1041095.89041200
2024-01-14,27397.260274,0.00000000,0.00000000,27397.26027400,1068493.15068600
2024-01-15,27397.260274,0.00000000,0.00000000,27397.26027400,1095890.41096000
2024-01-16,27397.260274,0.00000000,0.00000000,27397.26027400,1123287.67123400
2024-01-17,27397.260274,0.00000000,0.00000000,27397.26027400,1150684.93150800
2024-01-18,27397.260274,0.00000000,0.00000000,27397.26027400,1178082.19178200
2024-01-19,27397.260274,0.00000000,0.00000000,27397.26027400,1205479.45205600
2024-01-20,27397.260274,0.00000000,0.00000000,27397.26027400,1232876.71233000
2024-01-21,27397.260274,0.00000000,0.00000000,27397.26027400,1260273.97260400
2024-01-22,27397.260274,0.00000000,0.00000000,27397.26027400,1287671.23287800
2024-01-23,27397.260274,0.00000000,0.00000000,27397.26027400,1315068.49315200
2024-01-24,27397.260274,0.00000000,0.00000000,27397.26027400,1342465.75342600
2024-01-25,27397.260274,0.00000000,0.00000000,27397.26027400,1369863.01370000
2024-01-26,27397.260274,0.00000000,0.00000000,27397.26027400,1397260.27397400
2024-01-27,27397.260274,0.00000000,0.00000000,27397.26027400,1424657.53424800
2024-01-28,27397.260274,0.00000000,0.00000000,27397.26027400,1452054.79452200
2024-01-29,27397.260274,0.00000000,0.00000000,27397.26027400,1479452.05479600
2024-01-30,27397.260274,0.00000000,0.00000000,27397.26027400,1506849.31507000
2024-01-31,27397.260274,0.00000000,0.00000000,27397.26027400,1534246.57534400
2024-02-01,27397.260274,0.00000000,0.00000000,27397.26027400,1561643.83561800
2024-02-02,27397.260274,0.00000000,0.00000000,27397.26027400,1589041.09589200
2024-02-03,27397.260274,0.00000000,0.00000000,27397.26027400,1616438.35616600
2024-02-04,27397.260274,0.00000000,0.00000000,27397.26027400,1643835.61644000
2024-02-05,27397.260274,0.00000000,0.00000000,27397.26027400,1671232.87671400
2024-02-06,27397.260274,0.00000000,0.00000000,27397.26027400,1698630.13698800
2024-02-07,27397.260274,0.00000000,0.00000000,27397.26027400,1726027.39726200
2024-02-08,27397.260274,0.00000000,0.00000000,27397.26027400,1753424.65753600
2024-02-09,27397.260274,0.00000000,0.00000000,27397.26027400,1780821.91781000
2024-02-10,27397.260274,0.00000000,0.00000000,27397.26027400,1808219.17808400
2024-02-11,27397.260274,0.00000000,0.00000000,27397.26027400,1835616.43835800
2024-02-12,27397.260274,0.00000000,0.00000000,27397.26027400,1863013.69863200
2024-02-13,27397.260274,0.00000000,0.00000000,27397.26027400,1890410.95890600
2024-02-14,27397.260274,0.00000000,0.00000000,27397.26027400,1917808.21918000
2024-02-15,27397.260274,0.00000000,0.00000000,27397.26027400,1945205.47945400
2024-02-16,27397.260274,0.00000000,0.00000000,27397.26027400,1972602.73972800
2024-02-17,27397.260274,0.00000000,0.00000000,27397.26027400,2000000.00000200
2024-02-18,27397.260274,0.00000000,0.00000000,27397.26027400,2027397.26027600
2024-02-19,27397.260274,0.00000000,0.00000000,27397.26027400,2054794.52055000
2024-02-20,27397.260274,0.00000000,0.00000000,27397.26027400,2082191.78082400
2024-02-21,27397.260274,0.00000000,0.00000000,27397.26027400,2109589.04109800
2024-02-22,27397.260274,0.00000000,0.00000000,27397.26027400,2136986.30137200
2024-02-23,27397.260274,0.00000000,0.00000000,27397.26027400,2164383.56164600
2024-02-24,27397.260274,0.00000000,0.00000000,27397.26027400,2191780.82192000
2024-02-25,27397.260274,0.00000000,0.00000000,27397.26027400,2219178.08219400
2024-02-26,27397.260274,0.00000000,0.00000000,27397.26027400,2246575.34246800
2024-02-27,27397.260274,0.00000000,0.00000000,27397.26027400,2273972.60274200
2024-02-28,27397.260274,0.00000000,0.00000000,27397.26027400,2301369.86301600
2024-02-29,27397.260274,0.00000000,0.00000000,27397.26027400,2328767.12329000
2024-03-01,27397.260274,0.00000000,0.00000000,27397.26027400,2356164.38356400
2024-03-02,27397.260274,0.00000000,0.00000000,27397.26027400,2383561.64383800
2024-03-03,27397.260274,0.00000000,0.00000000,27397.26027400,2410958.90411200
2024-03-04,27397.260274,0.00000000,0.00000000,27397.26027400,2438356.16438600
2024-03-05,27397.260274,0.00000000,0.00000000,27397.26027400,2465753.42466000
2024-03-06,27397.260274,0.00000000,0.00000000,27397.26027400,2493150.68493400
2024-03-07,27397.260274,0.00000000,0.00000000,27397.26027400,2520547.94520800
2024-03-08,27397.260274,0.00000000,0.00000000,27397.26027400,2547945.20548200
2024-03-09,27397.260274,0.00000000,0.00000000,27397.26027400,2575342.46575600
2024-03-10,27397.260274,0.00000000,0.00000000,27397.26027400,2602739.72603000
2024-03-11,27397.260274,0.00000000,0.00000000,27397.26027400,2630136.98630400
2024-03-12,27397.260274,0.00000000,0.00000000,27397.26027400,2657534.24657800
2024-03-13,27397.260274,0.00000000,0.00000000,27397.26027400,2684931.50685200
2024-03-14,27397.260274,0.00000000,0.00000000,27397.26027400,2712328.76712600
2024-03-15,27397.260274,0.00000000,0.00000000,27397.26027400,2739726.02740000
2024-03-16,27397.260274,0.00000000,0.00000000,27397.26027400,2767123.28767400
2024-03-17,27397.260274,0.00000000,0.00000000,27397.26027400,2794520.54794800
2024-03-18,27397.260274,0.00000000,0.00000000,27397.26027400,2821917.80822200
2024-03-19,27397.260274,0.00000000,0.00000000,27397.26027400,2849315.06849600
2024-03-20,27397.260274,0.00000000,0.00000000,27397.26027400,2876712.32877000
2024-03-21,27397.260274,0.00000000,0.00000000,27397.26027400,2904109.58904400
2024-03-22,27397.260274,0.00000000,0.00000000,27397.26027400,2931506.84931800
2024-03-23,27397.260274,0.00000000,0.00000000,27397.26027400,2958904.10959200
2024-03-24,27397.260274,0.00000000,0.00000000,27397.26027400,2986301.36986600
2024-03-25,27397.260274,0.00000000,0.00000000,27397.26027400,3013698.63014000
2024-03-26,27397.260274,0.00000000,0.00000000,27397.26027400,3041095.89041400
2024-03-27,27397.260274,0.00000000,0.00000000,27397.26027400,3068493.15068800
2024-03-28,27397.260274,0.00000000,0.00000000,27397.26027400,3095890.41096200
2024-03-29,27397.260274,0.00000000,0.00000000,27397.26027400,3123287.67123600
2024-03-30,27397.260274,0.00000000,0.00000000,27397.26027400,3150684.93151000
2024-03-31,27397.260274,0.00000000,0.00000000,27397.26027400,3178082.19178400
2024-04-01,27397.260274,0.00000000,0.00000000,27397.26027400,3205479.45205800
2024-04-02,27397.260274,0.00000000,0.00000000,27397.26027400,3232876.71233200
2024-04-03,27397.260274,0.00000000,0.00000000,27397.26027400,3260273.97260600
2024-04-04,27397.260274,0.00000000,0.00000000,27397.26027400,3287671.23288000
2024-04-05,27397.260274,0.00000000,0.00000000,27397.26027400,3315068.49315400
2024-04-06,27397.260274,0.00000000,0.00000000,27397.26027400,3342465.75342800
2024-04-07,27397.260274,0.00000000,0.00000000,27397.26027400,3369863.01370200
2024-04-08,27397.260274,0.00000000,0.00000000,27397.26027400,3397260.27397600
2024-04-09,27397.260274,0.00000000,0.00000000,27397.26027400,3424657.53425000
2024-04-10,27397.260274,0.00000000,0.00000000,27397.26027400,3452054.79452400
2024-04-11,27397.260274,0.00000000,0.00000000,27397.26027400,3479452.05479800
2024-04-12,27397.260274,0.00000000,0.00000000,27397.26027400,3506849.31507200
2024-04-13,27397.260274,0.00000000,0.00000000,27397.26027400,3534246.57534600
2024-04-14,27397.260274,0.00000000,0.00000000,27397.26027400,3561643.83562000
2024-04-15,27397.260274,0.00000000,0.00000000,27397.26027400,3589041.09589400
2024-04-16,27397.260274,0.00000000,0.00000000,27397.26027400,3616438.35616800
2024-04-17,27397.260274,0.00000000,0.00000000,27397.26027400,3643835.61644200
2024-04-18,27397.260274,0.00000000,0.00000000,27397.26027400,3671232.87671600
2024-04-19,27397.260274,0.00000000,0.00000000,27397.26027400,3698630.13699000
2024-04-20,27397.260274,0.00000000,0.00000000,27397.26027400,3726027.39726400
2024-04-21,27397.260274,0.00000000,0.00000000,27397.26027400,3753424.65753800
2024-04-22,27397.260274,0.00000000,0.00000000,27397.26027400,3780821.91781200
2024-04-23,27397.260274,0.00000000,0.00000000,27397.26027400,3808219.17808600
2024-04-24,27397.260274,0.00000000,0.00000000,27397.26027400,3835616.43836000
2024-04-25,27397.260274,0.00000000,0.00000000,27397.26027400,3863013.69863400
2024-04-26,27397.260274,0.00000000,0.00000000,27397.26027400,3890410.95890800
2024-04-27,27397.260274,0.00000000,0.00000000,27397.26027400,3917808.21918200
2024-04-28,27397.260274,0.00000000,0.00000000,27397.26027400,3945205.47945600
2024-04-29,27397.260274,0.00000000,0.00000000,27397.26027400,3972602.73973000
2024-04-30,27397.260274,0.00000000,0.00000000,27397.26027400,4000000.00000400
2024-05-01,27397.260274,0.00000000,0.00000000,27397.26027400,4027397.26027800
2024-05-02,27397.260274,0.00000000,0.00000000,27397.26027400,4054794.52055200
2024-05-03,27397.260274,0.00000000,0.00000000,27397.26027400,4082191.78082600
2024-05-04,27397.260274,0.00000000,0.00000000,27397.26027400,4109589.04110000
2024-05-05,27397.260274,0.00000000,0.00000000,27397.26027400,4136986.30137400
2024-05-06,27397.260274,0.00000000,0.00000000,27397.26027400,4164383.56164800
2024-05-07,27397.260274,0.00000000,0.00000000,27397.26027400,4191780.82192200
2024-05-08,27397.260274,0.00000000,0.00000000,27397.26027400,4219178.08219600
2024-05-09,27397.260274,0.00000000,0.00000000,27397.26027400,4246575.34247000
2024-05-10,27397.260274,0.00000000,0.00000000,27397.26027400,4273972.60274400
2024-05-11,27397.260274,0.00000000,0.00000000,27397.26027400,4301369.86301800
2024-05-12,27397.260274,0.00000000,0.00000000,27397.26027400,4328767.12329200
2024-05-13,27397.260274,0.00000000,0.00000000,27397.26027400,4356164.38356600
2024-05-14,27397.260274,0.00000000,0.00000000,27397.26027400,4383561.64384000
2024-05-15,27397.260274,0.00000000,0.00000000,27397.26027400,4410958.90411400
2024-05-16,27397.260274,0.00000000,0.00000000,27397.26027400,4438356.16438800
2024-05-17,27397.260274,0.00000000,0.00000000,27397.26027400,4465753.42466200
2024-05-18,27397.260274,0.00000000,0.00000000,27397.26027400,4493150.68493600
2024-05-19,27397.260274,0.00000000,0.00000000,27397.26027400,4520547.94521000
2024-05-20,27397.260274,0.00000000,0.00000000,27397.26027400,4547945.20548400
2024-05-21,27397.260274,0.00000000,0.00000000,27397.26027400,4575342.46575800
2024-05-22,27397.260274,0.00000000,0.00000000,27397.26027400,4602739.72603200
2024-05-23,27397.260274,0.00000000,0.00000000,27397.26027400,4630136.98630600
2024-05-24,27397.260274,0.00000000,0.00000000,27397.26027400,4657534.24658000
2024-05-25,27397.260274,0.00000000,0.00000000,27397.26027400,4684931.50685400
2024-05-26,27397.260274,0.00000000,0.00000000,27397.26027400,4712328.76712800
2024-05-27,27397.260274,0.00000000,0.00000000,27397.26027400,4739726.02740200
2024-05-28,27397.260274,0.00000000,0.00000000,27397.26027400,4767123.28767600
2024-05-29,27397.260274,0.00000000,0.00000000,27397.26027400,4794520.54795000
2024-05-30,27397.260274,0.00000000,0.00000000,27397.26027400,4821917.80822400
2024-05-31,27397.260274,0.00000000,0.00000000,27397.26027400,4849315.06849800
2024-06-01,27397.260274,0.00000000,0.00000000,27397.26027400,4876712.32877200
2024-06-02,27397.260274,0.00000000,0.00000000,27397.26027400,4904109.58904600
2024-06-03,27397.260274,0.00000000,0.00000000,27397.26027400,4931506.84932000
2024-06-04,27397.260274,0.00000000,0.00000000,27397.26027400,4958904.10959400
2024-06-05,27397.260274,0.00000000,0.00000000,27397.26027400,4986301.36986800
2024-06-06,27397.260274,0.00000000,0.00000000,27397.26027400,5013698.63014200
2024-06-07,27397.260274,0.00000000,0.00000000,27397.26027400,5041095.89041600
2024-06-08,27397.260274,0.00000000,0.00000000,27397.26027400,5068493.15069000
2024-06-09,27397.260274,0.00000000,0.00000000,27397.26027400,5095890.41096400
2024-06-10,27397.260274,0.00000000,0.00000000,27397.26027400,5123287.67123800
2024-06-11,27397.260274,0.00000000,0.00000000,27397.26027400,5150684.93151200
2024-06-12,27397.260274,0.00000000,0.00000000,27397.26027400,5178082.19178600
2024-06-13,27397.260274,0.00000000,0.00000000,27397.26027400,5205479.45206000
2024-06-14,27397.260274,0.00000000,0.00000000,27397.26027400,5232876.71233400
2024-06-15,27397.260274,0.00000000,0.00000000,27397.26027400,5260273.97260800
2024-06-16,27397.260274,0.00000000,0.00000000,27397.26027400,5287671.23288200
2024-06-17,27397.260274,0.00000000,0.00000000,27397.26027400,5315068.49315600
2024-06-18,27397.260274,0.00000000,0.00000000,27397.26027400,5342465.75343000
2024-06-19,27397.260274,0.00000000,0.00000000,27397.26027400,5369863.01370400
2024-06-20,27397.260274,0.00000000,0.00000000,27397.26027400,5397260.27397800
2024-06-21,27397.260274,0.00000000,0.00000000,27397.26027400,5424657.53425200
2024-06-22,27397.260274,0.00000000,0.00000000,27397.26027400,5452054.79452600
2024-06-23,27397.260274,0.00000000,0.00000000,27397.26027400,5479452.05480000
2024-06-24,27397.260274,0.00000000,0.00000000,27397.26027400,5506849.31507400
2024-06-25,27397.260274,0.00000000,0.00000000,27397.26027400,5534246.57534800
2024-06-26,27397.260274,0.00000000,0.00000000,27397.26027400,5561643.83562200
2024-06-27,27397.260274,0.00000000,0.00000000,27397.26027400,5589041.09589600
2024-06-28,27397.260274,0.00000000,0.00000000,27397.26027400,5616438.35617000
2024-06-29,27397.260274,0.00000000,0.00000000,27397.26027400,5643835.61644400
2024-06-30,27397.260274,0.00000000,0.00000000,27397.26027400,5671232.87671800
2024-07-01,27397.260274,0.00000000,0.00000000,27397.26027400,5698630.13699200
2024-07-02,27397.260274,0.00000000,0.00000000,27397.26027400,5726027.39726600
2024-07-03,27397.260274,0.00000000,0.00000000,27397.26027400,5753424.65754000
2024-07-04,27397.260274,0.00000000,0.00000000,27397.26027400,5780821.91781400
2024-07-05,27397.260274,0.00000000,0.00000000,27397.26027400,5808219.17808800
2024-07-06,27397.260274,0.00000000,0.00000000,27397.26027400,5835616.43836200
2024-07-07,27397.260274,0.00000000,0.00000000,27397.26027400,5863013.69863600
2024-07-08,27397.260274,0.00000000,0.00000000,27397.26027400,5890410.95891000
2024-07-09,27397.260274,0.00000000,0.00000000,27397.26027400,5917808.21918400
2024-07-10,27397.260274,0.00000000,0.00000000,27397.26027400,5945205.47945800
2024-07-11,27397.260274,0.00000000,0.00000000,27397.26027400,5972602.73973200
2024-07-12,27397.260274,0.00000000,0.00000000,27397.26027400,6000000.00000600
2024-07-13,27397.260274,0.00000000,0.00000000,27397.26027400,6027397.26028000
2024-07-14,27397.260274,0.00000000,0.00000000,27397.26027400,6054794.52055400
2024-07-15,27397.260274,0.00000000,0.00000000,27397.26027400,6082191.78082800
2024-07-16,27397.260274,0.00000000,0.00000000,27397.26027400,6109589.04110200
2024-07-17,27397.260274,0.00000000,0.00000000,27397.26027400,6136986.30137600
2024-07-18,27397.260274,0.00000000,0.00000000,27397.26027400,6164383.56165000
2024-07-19,27397.260274,0.00000000,0.00000000,27397.26027400,6191780.82192400
2024-07-20,27397.260274,0.00000000,0.00000000,27397.26027400,6219178.08219800
2024-07-21,27397.260274,0.00000000,0.00000000,27397.26027400,6246575.34247200
2024-07-22,27397.260274,0.00000000,0.00000000,27397.26027400,6273972.60274600
2024-07-23,27397.260274,0.00000000,0.00000000,27397.26027400,6301369.86302000
2024-07-24,27397.260274,0.00000000,0.00000000,27397.26027400,6328767.12329400
2024-07-25,27397.260274,0.00000000,0.00000000,27397.26027400,6356164.38356800
2024-07-26,27397.260274,0.00000000,0.00000000,27397.26027400,6383561.64384200
2024-07-27,27397.260274,0.00000000,0.00000000,27397.26027400,6410958.90411600
2024-07-28,27397.260274,0.00000000,0.00000000,27397.26027400,6438356.16439000
2024-07-29,27397.260274,0.00000000,0.00000000,27397.26027400,6465753.42466400
2024-07-30,27397.260274,0.00000000,0.00000000,27397.26027400,6493150.68493800
2024-07-31,27397.260274,0.00000000,0.00000000,27397.26027400,6520547.94521200
2024-08-01,27397.260274,0.00000000,0.00000000,27397.26027400,6547945.20548600
2024-08-02,27397.260274,0.00000000,0.00000000,27397.26027400,6575342.46576000
2024-08-03,27397.260274,0.00000000,0.00000000,27397.26027400,6602739.72603400
2024-08-04,27397.260274,0.00000000,0.00000000,27397.26027400,6630136.98630800
2024-08-05,27397.260274,0.00000000,0.00000000,27397.26027400,6657534.24658200
2024-08-06,27397.260274,0.00000000,0.00000000,27397.26027400,6684931.50685600
2024-08-07,27397.260274,0.00000000,0.00000000,27397.26027400,6712328.76713000
2024-08-08,27397.260274,0.00000000,0.00000000,27397.26027400,6739726.02740400
2024-08-09,27397.260274,0.00000000,0.00000000,27397.26027400,6767123.28767800
2024-08-10,27397.260274,0.00000000,0.00000000,27397.26027400,6794520.54795200
2024-08-11,27397.260274,0.00000000,0.00000000,27397.26027400,6821917.80822600
2024-08-12,27397.260274,0.00000000,0.00000000,27397.26027400,6849315.06850000
2024-08-13,27397.260274,0.00000000,0.00000000,27397.26027400,6876712.32877400
2024-08-14,27397.260274,0.00000000,0.00000000,27397.26027400,6904109.58904800
2024-08-15,27397.260274,0.00000000,0.00000000,27397.26027400,6931506.84932200
2024-08-16,27397.260274,0.00000000,0.00000000,27397.26027400,6958904.10959600
2024-08-17,27397.260274,0.00000000,0.00000000,27397.26027400,6986301.36987000
2024-08-18,27397.260274,0.00000000,0.00000000,27397.26027400,7013698.63014400
2024-08-19,27397.260274,0.00000000,0.00000000,27397.26027400,7041095.89041800
2024-08-20,27397.260274,0.00000000,0.00000000,27397.26027400,7068493.15069200
2024-08-21,27397.260274,0.00000000,0.00000000,27397.26027400,7095890.41096600
2024-08-22,27397.260274,0.00000000,0.00000000,27397.26027400,7123287.67124000
2024-08-23,27397.260274,0.00000000,0.00000000,27397.26027400,7150684.93151400
2024-08-24,27397.260274,0.00000000,0.00000000,27397.26027400,7178082.19178800
2024-08-25,27397.260274,0.00000000,0.00000000,27397.26027400,7205479.45206200
2024-08-26,27397.260274,0.00000000,0.00000000,27397.26027400,7232876.71233600
2024-08-27,27397.260274,0.00000000,0.00000000,27397.26027400,7260273.97261000
2024-08-28,27397.260274,0.00000000,0.00000000,27397.26027400,7287671.23288400
2024-08-29,27397.260274,0.00000000,0.00000000,27397.26027400,7315068.49315800
2024-08-30,27397.260274,0.00000000,0.00000000,27397.26027400,7342465.75343200
2024-08-31,27397.260274,0.00000000,0.00000000,27397.26027400,7369863.01370600
2024-09-01,27397.260274,0.00000000,0.00000000,27397.26027400,7397260.27398000
2024-09-02,27397.260274,0.00000000,0.00000000,27397.26027400,7424657.53425400
2024-09-03,27397.260274,0.00000000,0.00000000,27397.26027400,7452054.79452800
2024-09-04,27397.260274,0.00000000,0.00000000,27397.26027400,7479452.05480200
2024-09-05,27397.260274,0.00000000,0.00000000,27397.26027400,7506849.31507600
2024-09-06,27397.260274,0.00000000,0.00000000,27397.26027400,7534246.57535000
2024-09-07,27397.260274,0.00000000,0.00000000,27397.26027400,7561643.83562400
2024-09-08,27397.260274,0.00000000,0.00000000,27397.26027400,7589041.09589800
2024-09-09,27397.260274,0.00000000,0.00000000,27397.26027400,7616438.35617200
2024-09-10,27397.260274,0.00000000,0.00000000,27397.26027400,7643835.61644600
2024-09-11,27397.260274,0.00000000,0.00000000,27397.26027400,7671232.87672000
2024-09-12,27397.260274,0.00000000,0.00000000,27397.26027400,7698630.13699400
2024-09-13,27397.260274,0.00000000,0.00000000,27397.26027400,7726027.39726800
2024-09-14,27397.260274,0.00000000,0.00000000,27397.26027400,7753424.65754200
2024-09-15,27397.260274,0.00000000,0.00000000,27397.26027400,7780821.91781600
2024-09-16,27397.260274,0.00000000,0.00000000,27397.26027400,7808219.17809000
2024-09-17,27397.260274,0.00000000,0.00000000,27397.26027400,7835616.43836400
2024-09-18,27397.260274,0.00000000,0.00000000,27397.26027400,7863013.69863800
2024-09-19,27397.260274,0.00000000,0.00000000,27397.26027400,7890410.95891200
2024-09-20,27397.260274,0.00000000,0.00000000,27397.26027400,7917808.21918600
2024-09-21,27397.260274,0.00000000,0.00000000,27397.26027400,7945205.47946000
2024-09-22,27397.260274,0.00000000,0.00000000,27397.26027400,7972602.73973400
2024-09-23,27397.260274,0.00000000,0.00000000,27397.26027400,8000000.00000800
2024-09-24,27397.260274,0.00000000,0.00000000,27397.26027400,8027397.26028200
2024-09-25,27397.260274,0.00000000,0.00000000,27397.26027400,8054794.52055600
2024-09-26,27397.260274,0.00000000,0.00000000,27397.26027400,8082191.78083000
2024-09-27,27397.260274,0.00000000,0.00000000,27397.26027400,8109589.04110400
2024-09-28,27397.260274,0.00000000,0.00000000,27397.26027400,8136986.30137800
2024-09-29,27397.260274,0.00000000,0.00000000,27397.26027400,8164383.56165200
2024-09-30,27397.260274,0.00000000,0.00000000,27397.26027400,8191780.82192600
2024-10-01,27397.260274,0.00000000,0.00000000,27397.26027400,8219178.08220000
2024-10-02,27397.260274,0.00000000,0.00000000,27397.26027400,8246575.34247400
2024-10-03,27397.260274,0.00000000,0.00000000,27397.26027400,8273972.60274800
2024-10-04,27397.260274,0.00000000,0.00000000,27397.26027400,8301369.86302200
2024-10-05,27397.260274,0.00000000,0.00000000,27397.26027400,8328767.12329600
2024-10-06,27397.260274,0.00000000,0.00000000,27397.26027400,8356164.38357000
2024-10-07,27397.260274,0.00000000,0.00000000,27397.26027400,8383561.64384400
2024-10-08,27397.260274,0.00000000,0.00000000,27397.26027400,8410958.90411800
2024-10-09,27397.260274,0.00000000,0.00000000,27397.26027400,8438356.16439200
2024-10-10,27397.260274,0.00000000,0.00000000,27397.26027400,8465753.42466600
2024-10-11,27397.260274,0.00000000,0.00000000,27397.26027400,8493150.68494000
2024-10-12,27397.260274,0.00000000,0.00000000,27397.26027400,8520547.94521400
2024-10-13,27397.260274,0.00000000,0.00000000,27397.26027400,8547945.20548800
2024-10-14,27397.260274,0.00000000,0.00000000,27397.26027400,8575342.46576200
2024-10-15,27397.260274,0.00000000,0.00000000,27397.26027400,8602739.72603600
2024-10-16,27397.260274,0.00000000,0.00000000,27397.26027400,8630136.98631000
2024-10-17,27397.260274,0.00000000,0.00000000,27397.26027400,8657534.24658400
2024-10-18,27397.260274,0.00000000,0.00000000,27397.26027400,8684931.50685800
2024-10-19,27397.260274,0.00000000,0.00000000,27397.26027400,8712328.76713200
2024-10-20,27397.260274,0.00000000,0.00000000,27397.26027400,8739726.02740600
2024-10-21,27397.260274,0.00000000,0.00000000,27397.26027400,8767123.28768000
2024-10-22,27397.260274,0.00000000,0.00000000,27397.26027400,8794520.54795400
2024-10-23,27397.260274,0.00000000,0.00000000,27397.26027400,8821917.80822800
2024-10-24,27397.260274,0.00000000,0.00000000,27397.26027400,8849315.06850200
2024-10-25,27397.260274,0.00000000,0.00000000,27397.26027400,8876712.32877600
2024-10-26,27397.260274,0.00000000,0.00000000,27397.26027400,8904109.58905000
2024-10-27,27397.260274,0.00000000,0.00000000,27397.26027400,8931506.84932400
2024-10-28,27397.260274,0.00000000,0.00000000,27397.26027400,8958904.10959800
2024-10-29,27397.260274,0.00000000,0.00000000,27397.26027400,8986301.36987200
2024-10-30,27397.260274,0.00000000,0.00000000,27397.26027400,9013698.63014600
2024-10-31,27397.260274,0.00000000,0.00000000,27397.26027400,9041095.89042000
2024-11-01,27397.260274,0.00000000,0.00000000,27397.26027400,9068493.15069400
2024-11-02,27397.260274,0.00000000,0.00000000,27397.26027400,9095890.41096800
2024-11-03,27397.260274,0.00000000,0.00000000,27397.26027400,9123287.67124200
2024-11-04,27397.260274,0.00000000,0.00000000,27397.26027400,9150684.93151600
2024-11-05,27397.260274,0.00000000,0.00000000,27397.26027400,9178082.19179000
2024-11-06,27397.260274,0.00000000,0.00000000,27397.26027400,9205479.45206400
2024-11-07,27397.260274,0.00000000,0.00000000,27397.26027400,9232876.71233800
2024-11-08,27397.260274,0.00000000,0.00000000,27397.26027400,9260273.97261200
2024-11-09,27397.260274,0.00000000,0.00000000,27397.26027400,9287671.23288600
2024-11-10,27397.260274,0.00000000,0.00000000,27397.26027400,9315068.49316000
2024-11-11,27397.260274,0.00000000,0.00000000,27397.26027400,9342465.75343400
2024-11-12,27397.260274,0.00000000,0.00000000,27397.26027400,9369863.01370800
2024-11-13,27397.260274,0.00000000,0.00000000,27397.26027400,9397260.27398200
2024-11-14,27397.260274,0.00000000,0.00000000,27397.26027400,9424657.53425600
2024-11-15,27397.260274,0.00000000,0.00000000,27397.26027400,9452054.79453000
2024-11-16,27397.260274,0.00000000,0.00000000,27397.26027400,9479452.05480400
2024-11-17,27397.260274,0.00000000,0.00000000,27397.26027400,9506849.31507800
2024-11-18,27397.260274,0.00000000,0.00000000,27397.26027400,9534246.57535200
2024-11-19,27397.260274,0.00000000,0.00000000,27397.26027400,9561643.83562600
2024-11-20,27397.260274,0.00000000,0.00000000,27397.26027400,9589041.09590000
2024-11-21,27397.260274,0.00000000,0.00000000,27397.26027400,9616438.35617400
2024-11-22,27397.260274,0.00000000,0.00000000,27397.26027400,9643835.61644800
2024-11-23,27397.260274,0.00000000,0.00000000,27397.26027400,9671232.87672200
2024-11-24,27397.260274,0.00000000,0.00000000,27397.26027400,9698630.13699600
2024-11-25,27397.260274,0.00000000,0.00000000,27397.26027400,9726027.39727000
2024-11-26,27397.260274,0.00000000,0.00000000,27397.26027400,9753424.65754400
2024-11-27,27397.260274,0.00000000,0.00000000,27397.26027400,9780821.91781800
2024-11-28,27397.260274,0.00000000,0.00000000,27397.26027400,9808219.17809200
2024-11-29,27397.260274,0.00000000,0.00000000,27397.26027400,9835616.43836600
2024-11-30,27397.260274,0.00000000,0.00000000,27397.26027400,9863013.69864000
2024-12-01,27397.260274,0.00000000,0.00000000,27397.26027400,9890410.95891400
2024-12-02,27397.260274,0.00000000,0.00000000,27397.26027400,9917808.21918800
2024-12-03,27397.260274,0.00000000,0.00000000,27397.26027400,9945205.47946200
2024-12-04,27397.260274,0.00000000,0.00000000,27397.26027400,9972602.73973600
2024-12-05,27397.260274,0.00000000,0.00000000,27397.26027400,10000000.00001000
2024-12-06,27397.260274,0.00000000,0.00000000,27397.26027400,10027397.26028400
2024-12-07,0.000000,53507142.81000000,80850000.00000000,134357142.81000000,144384540.07028400
2024-12-08,0.000000,148816.04683562,224863.01369863,373679.06053425,144758219.13081825
2024-12-09,0.000000,148816.04683562,224863.01369863,373679.06053425,145131898.19135250
2024-12-10,0.000000,148816.04683562,224863.01369863,373679.06053425,145505577.25188675
2024-12-11,0.000000,148816.04683562,224863.01369863,373679.06053425,145879256.31242100
2024-12-12,0.000000,148816.04683562,224863.01369863,373679.06053425,146252935.37295525
2024-12-13,0.000000,148816.04683562,224863.01369863,373679.06053425,146626614.43348950
2024-12-14,0.000000,148816.04683562,224863.01369863,373679.06053425,147000293.49402375
2024-12-15,0.000000,148816.04683562,224863.01369863,373679.06053425,147373972.55455800
2024-12-16,0.000000,148816.04683562,224863.01369863,373679.06053425,147747651.61509225
2024-12-17,0.000000,148816.04683562,224863.01369863,373679.06053425,148121330.67562650
2024-12-18,0.000000,148816.04683562,224863.01369863,373679.06053425,148495009.73616075
2024-12-19,0.000000,148816.04683562,224863.01369863,373679.06053425,148868688.79669500
2024-12-20,0.000000,148816.04683562,224863.01369863,373679.06053425,149242367.85722925
2024-12-21,0.000000,148816.04683562,224863.01369863,373679.06053425,149616046.91776350
2024-12-22,0.000000,148816.04683562,224863.01369863,373679.06053425,149989725.97829775
2024-12-23,0.000000,148816.04683562,224863.01369863,373679.06053425,150363405.03883200
2024-12-24,0.000000,148816.04683562,224863.01369863,373679.06053425,150737084.09936625
2024-12-25,0.000000,148816.04683562,224863.01369863,373679.06053425,151110763.15990050
2024-12-26,0.000000,148816.04683562,224863.01369863,373679.06053425,151484442.22043475
2024-12-27,0.000000,148816.04683562,224863.01369863,373679.06053425,151858121.28096900
2024-12-28,0.000000,148816.04683562,224863.01369863,373679.06053425,152231800.34150325
2024-12-29,0.000000,148816.04683562,224863.01369863,373679.06053425,152605479.40203750
2024-12-30,0.000000,148816.04683562,224863.01369863,373679.06053425,152979158.46257175
2024-12-31,0.000000,148816.04683562,224863.01369863,373679.06053425,153352837.52310600
2025-01-01,0.000000,148816.04683562,224863.01369863,373679.06053425,153726516.58364025
2025-01-02,0.000000,148816.04683562,224863.01369863,373679.06053425,154100195.64417450
2025-01-03,0.000000,148816.04683562,224863.01369863,373679.06053425,154473874.70470875
2025-01-04,0.000000,148816.04683562,224863.01369863,373679.06053425,154847553.76524300
2025-01-05,0.000000,148816.04683562,224863.01369863,373679.06053425,155221232.82577725
2025-01-06,0.000000,148816.04683562,224863.01369863,373679.06053425,155594911.88631150
2025-01-07,0.000000,148816.04683562,224863.01369863,373679.06053425,155968590.94684575
2025-01-08,0.000000,148816.04683562,224863.01369863,373679.06053425,156342270.00738000
2025-01-09,0.000000,148816.04683562,224863.01369863,373679.06053425,156715949.06791425
2025-01-10,0.000000,148816.04683562,224863.01369863,373679.06053425,157089628.12844850
2025-01-11,0.000000,148816.04683562,224863.01369863,373679.06053425,157463307.18898275
2025-01-12,0.000000,148816.04683562,224863.01369863,373679.06053425,157836986.24951700
2025-01-13,0.000000,148816.04683562,224863.01369863,373679.06053425,158210665.31005125
2025-01-14,0.000000,148816.04683562,224863.01369863,373679.06053425,158584344.37058550
2025-01-15,0.000000,148816.04683562,224863.01369863,373679.06053425,158958023.43111975
2025-01-16,0.000000,148816.04683562,224863.01369863,373679.06053425,159331702.49165400
2025-01-17,0.000000,148816.04683562,224863.01369863,373679.06053425,159705381.55218825
2025-01-18,0.000000,148816.04683562,224863.01369863,373679.06053425,160079060.61272250
2025-01-19,0.000000,148816.04683562,224863.01369863,373679.06053425,160452739.67325675
2025-01-20,0.000000,148816.04683562,224863.01369863,373679.06053425,160826418.73379100
2025-01-21,0.000000,148816.04683562,224863.01369863,373679.06053425,161200097.79432525
2025-01-22,0.000000,148816.04683562,224863.01369863,373679.06053425,161573776.85485950
2025-01-23,0.000000,148816.04683562,224863.01369863,373679.06053425,161947455.91539375
2025-01-24,0.000000,148816.04683562,224863.01369863,373679.06053425,162321134.97592800
2025-01-25,0.000000,148816.04683562,224863.01369863,373679.06053425,162694814.03646225
2025-01-26,0.000000,148816.04683562,224863.01369863,373679.06053425,163068493.09699650
2025-01-27,0.000000,148816.04683562,224863.01369863,373679.06053425,163442172.15753075
2025-01-28,0.000000,148816.04683562,224863.01369863,373679.06053425,163815851.21806500
2025-01-29,0.000000,148816.04683562,224863.01369863,373679.06053425,164189530.27859925
2025-01-30,0.000000,148816.04683562,224863.01369863,373679.06053425,164563209.33913350
2025-01-31,0.000000,148816.04683562,224863.01369863,373679.06053425,164936888.39966775
2025-02-01,0.000000,148816.04683562,224863.01369863,373679.06053425,165310567.46020200
2025-02-02,0.000000,148816.04683562,224863.01369863,373679.06053425,165684246.52073625
2025-02-03,0.000000,148816.04683562,224863.01369863,373679.06053425,166057925.58127050
2025-02-04,0.000000,148816.04683562,224863.01369863,373679.06053425,166431604.64180475
2025-02-05,0.000000,148816.04683562,224863.01369863,373679.06053425,166805283.70233900
2025-02-06,0.000000,148816.04683562,224863.01369863,373679.06053425,167178962.76287325
2025-02-07,0.000000,148816.04683562,224863.01369863,373679.06053425,167552641.82340750
2025-02-08,0.000000,148816.04683562,224863.01369863,373679.06053425,167926320.88394175
2025-02-09,0.000000,148816.04683562,224863.01369863,373679.06053425,168299999.94447600
2025-02-10,0.000000,148816.04683562,224863.01369863,373679.06053425,168673679.00501025
2025-02-11,0.000000,148816.04683562,224863.01369863,373679.06053425,169047358.06554450
2025-02-12,0.000000,148816.04683562,224863.01369863,373679.06053425,169421037.12607875
2025-02-13,0.000000,148816.04683562,224863.01369863,373679.06053425,169794716.18661300
2025-02-14,0.000000,148816.04683562,224863.01369863,373679.06053425,170168395.24714725
2025-02-15,0.000000,148816.04683562,224863.01369863,373679.06053425,170542074.30768150
2025-02-16,0.000000,148816.04683562,224863.01369863,373679.06053425,170915753.36821575
2025-02-17,0.000000,148816.04683562,224863.01369863,373679.06053425,171289432.42875000
2025-02-18,0.000000,148816.04683562,224863.01369863,373679.06053425,171663111.48928425
2025-02-19,0.000000,148816.04683562,224863.01369863,373679.06053425,172036790.54981850
2025-02-20,0.000000,148816.04683562,224863.01369863,373679.06053425,172410469.61035275
2025-02-21,0.000000,148816.04683562,224863.01369863,373679.06053425,172784148.67088700
2025-02-22,0.000000,148816.04683562,224863.01369863,373679.06053425,173157827.73142125
2025-02-23,0.000000,148816.04683562,224863.01369863,373679.06053425,173531506.79195550
2025-02-24,0.000000,148816.04683562,224863.01369863,373679.06053425,173905185.85248975
2025-02-25,0.000000,148816.04683562,224863.01369863,373679.06053425,174278864.91302400
2025-02-26,0.000000,148816.04683562,224863.01369863,373679.06053425,174652543.97355825
2025-02-27,0.000000,148816.04683562,224863.01369863,373679.06053425,175026223.03409250
2025-02-28,0.000000,148816.04683562,224863.01369863,373679.06053425,175399902.09462675
2025-03-01,0.000000,148816.04683562,224863.01369863,373679.06053425,175773581.15516100
2025-03-02,0.000000,148816.04683562,224863.01369863,373679.06053425,176147260.21569525
2025-03-03,0.000000,148816.04683562,224863.01369863,373679.06053425,176520939.27622950
2025-03-04,0.000000,148816.04683562,224863.01369863,373679.06053425,176894618.33676375
2025-03-05,0.000000,148816.04683562,224863.01369863,373679.06053425,177268297.39729800
2025-03-06,0.000000,148816.04683562,224863.01369863,373679.06053425,177641976.45783225
2025-03-07,0.000000,148816.04683562,224863.01369863,373679.06053425,178015655.51836650
2025-03-08,0.000000,148816.04683562,224863.01369863,373679.06053425,178389334.57890075
2025-03-09,0.000000,148816.04683562,224863.01369863,373679.06053425,178763013.63943500
2025-03-10,0.000000,148816.04683562,224863.01369863,373679.06053425,179136692.69996925
2025-03-11,0.000000,148816.04683562,224863.01369863,373679.06053425,179510371.76050350
2025-03-12,0.000000,148816.04683562,224863.01369863,373679.06053425,179884050.82103775
2025-03-13,0.000000,148816.04683562,224863.01369863,373679.06053425,180257729.88157200
2025-03-14,0.000000,148816.04683562,224863.01369863,373679.06053425,180631408.94210625
2025-03-15,0.000000,148816.04683562,224863.01369863,373679.06053425,181005088.00264050
2025-03-16,0.000000,148816.04683562,224863.01369863,373679.06053425,181378767.06317475
2025-03-17,0.000000,148816.04683562,224863.01369863,373679.06053425,181752446.12370900
2025-03-18,0.000000,148816.04683562,224863.01369863,373679.06053425,182126125.18424325
2025-03-19,0.000000,148816.04683562,224863.01369863,373679.06053425,182499804.24477750
2025-03-20,0.000000,148816.04683562,224863.01369863,373679.06053425,182873483.30531175
2025-03-21,0.000000,148816.04683562,224863.01369863,373679.06053425,183247162.36584600
2025-03-22,0.000000,148816.04683562,224863.01369863,373679.06053425,183620841.42638025
2025-03-23,0.000000,148816.04683562,224863.01369863,373679.06053425,183994520.48691450
2025-03-24,0.000000,148816.04683562,224863.01369863,373679.06053425,184368199.54744875
2025-03-25,0.000000,148816.04683562,224863.01369863,373679.06053425,184741878.60798300
2025-03-26,0.000000,148816.04683562,224863.01369863,373679.06053425,185115557.66851725
2025-03-27,0.000000,148816.04683562,224863.01369863,373679.06053425,185489236.72905150
2025-03-28,0.000000,148816.04683562,224863.01369863,373679.06053425,185862915.78958575
2025-03-29,0.000000,148816.04683562,224863.01369863,373679.06053425,186236594.85012000
2025-03-30,0.000000,148816.04683562,224863.01369863,373679.06053425,186610273.91065425
2025-03-31,0.000000,148816.04683562,224863.01369863,373679.06053425,186983952.97118850
2025-04-01,0.000000,148816.04683562,224863.01369863,373679.06053425,187357632.03172275
2025-04-02,0.000000,148816.04683562,224863.01369863,373679.06053425,187731311.09225700
2025-04-03,0.000000,148816.04683562,224863.01369863,373679.06053425,188104990.15279125
2025-04-04,0.000000,148816.04683562,224863.01369863,373679.06053425,188478669.21332550
2025-04-05,0.000000,148816.04683562,224863.01369863,373679.06053425,188852348.27385975
2025-04-06,0.000000,148816.04683562,224863.01369863,373679.06053425,189226027.33439400
2025-04-07,0.000000,148816.04683562,224863.01369863,373679.06053425,189599706.39492825
2025-04-08,0.000000,148816.04683562,224863.01369863,373679.06053425,189973385.45546250
2025-04-09,0.000000,148816.04683562,224863.01369863,373679.06053425,190347064.51599675
2025-04-10,0.000000,148816.04683562,224863.01369863,373679.06053425,190720743.57653100
2025-04-11,0.000000,148816.04683562,224863.01369863,373679.06053425,191094422.63706525
2025-04-12,0.000000,148816.04683562,224863.01369863,373679.06053425,191468101.69759950
2025-04-13,0.000000,148816.04683562,224863.01369863,373679.06053425,191841780.75813375
2025-04-14,0.000000,148816.04683562,224863.01369863,373679.06053425,192215459.81866800
2025-04-15,0.000000,148816.04683562,224863.01369863,373679.06053425,192589138.87920225
2025-04-16,0.000000,148816.04683562,224863.01369863,373679.06053425,192962817.93973650
2025-04-17,0.000000,148816.04683562,224863.01369863,373679.06053425,193336497.00027075
2025-04-18,0.000000,148816.04683562,224863.01369863,373679.06053425,193710176.06080500
2025-04-19,0.000000,148816.04683562,224863.01369863,373679.06053425,194083855.12133925
2025-04-20,0.000000,148816.04683562,224863.01369863,373679.06053425,194457534.18187350
2025-04-21,0.000000,148816.04683562,224863.01369863,373679.06053425,194831213.24240775
2025-04-22,0.000000,148816.04683562,224863.01369863,373679.06053425,195204892.30294200
2025-04-23,0.000000,148816.04683562,224863.01369863,373679.06053425,195578571.36347625
2025-04-24,0.000000,148816.04683562,224863.01369863,373679.06053425,195952250.42401050
2025-04-25,0.000000,148816.04683562,224863.01369863,373679.06053425,196325929.48454475
2025-04-26,0.000000,148816.04683562,224863.01369863,373679.06053425,196699608.54507900
2025-04-27,0.000000,148816.04683562,224863.01369863,373679.06053425,197073287.60561325
2025-04-28,0.000000,148816.04683562,224863.01369863,373679.06053425,197446966.66614750
2025-04-29,0.000000,148816.04683562,224863.01369863,373679.06053425,197820645.72668175
2025-04-30,0.000000,148816.04683562,224863.01369863,373679.06053425,198194324.78721600
2025-05-01,0.000000,148816.04683562,224863.01369863,373679.06053425,198568003.84775025
2025-05-02,0.000000,148816.04683562,224863.01369863,373679.06053425,198941682.90828450
2025-05-03,0.000000,148816.04683562,224863.01369863,373679.06053425,199315361.96881875
2025-05-04,0.000000,148816.04683562,224863.01369863,373679.06053425,199689041.02935300
2025-05-05,0.000000,148816.04683562,224863.01369863,373679.06053425,200062720.08988725
2025-05-06,0.000000,148816.04683562,224863.01369863,373679.06053425,200436399.15042150
2025-05-07,0.000000,148816.04683562,224863.01369863,373679.06053425,200810078.21095575
2025-05-08,0.000000,148816.04683562,224863.01369863,373679.06053425,201183757.27149000
2025-05-09,0.000000,148816.04683562,224863.01369863,373679.06053425,201557436.33202425
2025-05-10,0.000000,148816.04683562,224863.01369863,373679.06053425,201931115.39255850
2025-05-11,0.000000,148816.04683562,224863.01369863,373679.06053425,202304794.45309275
2025-05-12,0.000000,148816.04683562,224863.01369863,373679.06053425,202678473.51362700
2025-05-13,0.000000,148816.04683562,224863.01369863,373679.06053425,203052152.57416125
2025-05-14,0.000000,148816.04683562,224863.01369863,373679.06053425,203425831.63469550
2025-05-15,0.000000,148816.04683562,224863.01369863,373679.06053425,203799510.69522975
2025-05-16,0.000000,148816.04683562,224863.01369863,373679.06053425,204173189.75576400
2025-05-17,0.000000,148816.04683562,224863.01369863,373679.06053425,204546868.81629825
2025-05-18,0.000000,148816.04683562,224863.01369863,373679.06053425,204920547.87683250
2025-05-19,0.000000,148816.04683562,224863.01369863,373679.06053425,205294226.93736675
2025-05-20,0.000000,148816.04683562,224863.01369863,373679.06053425,205667905.99790100
2025-05-21,0.000000,148816.04683562,224863.01369863,373679.06053425,206041585.05843525
2025-05-22,0.000000,148816.04683562,224863.01369863,373679.06053425,206415264.11896950
2025-05-23,0.000000,148816.04683562,224863.01369863,373679.06053425,206788943.17950375
2025-05-24,0.000000,148816.04683562,224863.01369863,373679.06053425,207162622.24003800
2025-05-25,0.000000,148816.04683562,224863.01369863,373679.06053425,207536301.30057225
2025-05-26,0.000000,148816.04683562,224863.01369863,373679.06053425,207909980.36110650
2025-05-27,0.000000,148816.04683562,224863.01369863,373679.06053425,208283659.42164075
2025-05-28,0.000000,148816.04683562,224863.01369863,373679.06053425,208657338.48217500
2025-05-29,0.000000,148816.04683562,224863.01369863,373679.06053425,209031017.54270925
2025-05-30,0.000000,148816.04683562,224863.01369863,373679.06053425,209404696.60324350
2025-05-31,0.000000,148816.04683562,224863.01369863,373679.06053425,209778375.66377775
2025-06-01,0.000000,148816.04683562,224863.01369863,373679.06053425,210152054.72431200
2025-06-02,0.000000,148816.04683562,224863.01369863,373679.06053425,210525733.78484625
2025-06-03,0.000000,148816.04683562,224863.01369863,373679.06053425,210899412.84538050
2025-06-04,0.000000,148816.04683562,224863.01369863,373679.06053425,211273091.90591475
2025-06-05,0.000000,148816.04683562,224863.01369863,373679.06053425,211646770.96644900
2025-06-06,0.000000,148816.04683562,224863.01369863,373679.06053425,212020450.02698325
2025-06-07,0.000000,148816.04683562,224863.01369863,373679.06053425,212394129.08751750
2025-06-08,0.000000,148816.04683562,224863.01369863,373679.06053425,212767808.14805175
2025-06-09,0.000000,148816.04683562,224863.01369863,373679.06053425,213141487.20858600
2025-06-10,0.000000,148816.04683562,224863.01369863,373679.06053425,213515166.26912025
2025-06-11,0.000000,148816.04683562,224863.01369863,373679.06053425,213888845.32965450
2025-06-12,0.000000,148816.04683562,224863.01369863,373679.06053425,214262524.39018875
2025-06-13,0.000000,148816.04683562,224863.01369863,373679.06053425,214636203.45072300
2025-06-14,0.000000,148816.04683562,224863.01369863,373679.06053425,215009882.51125725
2025-06-15,0.000000,148816.04683562,224863.01369863,373679.06053425,215383561.57179150
2025-06-16,0.000000,148816.04683562,224863.01369863,373679.06053425,215757240.63232575
2025-06-17,0.000000,148816.04683562,224863.01369863,373679.06053425,216130919.69286000
2025-06-18,0.000000,148816.04683562,224863.01369863,373679.06053425,216504598.75339425
2025-06-19,0.000000,148816.04683562,224863.01369863,373679.06053425,216878277.81392850
2025-06-20,0.000000,148816.04683562,224863.01369863,373679.06053425,217251956.87446275
2025-06-21,0.000000,148816.04683562,224863.01369863,373679.06053425,217625635.93499700
2025-06-22,0.000000,148816.04683562,224863.01369863,373679.06053425,217999314.99553125
2025-06-23,0.000000,148816.04683562,224863.01369863,373679.06053425,218372994.05606550
2025-06-24,0.000000,148816.04683562,224863.01369863,373679.06053425,218746673.11659975
2025-06-25,0.000000,148816.04683562,224863.01369863,373679.06053425,219120352.17713400
2025-06-26,0.000000,148816.04683562,224863.01369863,373679.06053425,219494031.23766825
2025-06-27,0.000000,148816.04683562,224863.01369863,373679.06053425,219867710.29820250
2025-06-28,0.000000,148816.04683562,224863.01369863,373679.06053425,220241389.35873675
2025-06-29,0.000000,148816.04683562,224863.01369863,373679.06053425,220615068.41927100
2025-06-30,0.000000,148816.04683562,224863.01369863,373679.06053425,220988747.47980525
2025-07-01,0.000000,148816.04683562,224863.01369863,373679.06053425,221362426.54033950
2025-07-02,0.000000,148816.04683562,224863.01369863,373679.06053425,221736105.60087375
2025-07-03,0.000000,148816.04683562,224863.01369863,373679.06053425,222109784.66140800
2025-07-04,0.000000,148816.04683562,224863.01369863,373679.06053425,222483463.72194225
2025-07-05,0.000000,148816.04683562,224863.01369863,373679.06053425,222857142.78247650
2025-07-06,0.000000,148816.04683562,224863.01369863,373679.06053425,223230821.84301075
2025-07-07,0.000000,148816.04683562,224863.01369863,373679.06053425,223604500.90354500
2025-07-08,0.000000,148816.04683562,224863.01369863,373679.06053425,223978179.96407925
2025-07-09,0.000000,148816.04683562,224863.01369863,373679.06053425,224351859.02461350
2025-07-10,0.000000,148816.04683562,224863.01369863,373679.06053425,224725538.08514775
2025-07-11,0.000000,148816.04683562,224863.01369863,373679.06053425,225099217.14568200
2025-07-12,0.000000,148816.04683562,224863.01369863,373679.06053425,225472896.20621625
2025-07-13,0.000000,148816.04683562,224863.01369863,373679.06053425,225846575.26675050
2025-07-14,0.000000,148816.04683562,224863.01369863,373679.06053425,226220254.32728475
2025-07-15,0.000000,148816.04683562,224863.01369863,373679.06053425,226593933.38781900
2025-07-16,0.000000,148816.04683562,224863.01369863,373679.06053425,226967612.44835325
2025-07-17,0.000000,148816.04683562,224863.01369863,373679.06053425,227341291.50888750
2025-07-18,0.000000,148816.04683562,224863.01369863,373679.06053425,227714970.56942175
2025-07-19,0.000000,148816.04683562,224863.01369863,373679.06053425,228088649.62995600
2025-07-20,0.000000,148816.04683562,224863.01369863,373679.06053425,228462328.69049025
2025-07-21,0.000000,148816.04683562,224863.01369863,373679.06053425,228836007.75102450
2025-07-22,0.000000,148816.04683562,224863.01369863,373679.06053425,229209686.81155875
2025-07-23,0.000000,148816.04683562,224863.01369863,373679.06053425,229583365.87209300
2025-07-24,0.000000,148816.04683562,224863.01369863,373679.06053425,229957044.93262725
2025-07-25,0.000000,148816.04683562,224863.01369863,373679.06053425,230330723.99316150
2025-07-26,0.000000,148816.04683562,224863.01369863,373679.06053425,230704403.05369575
2025-07-27,0.000000,148816.04683562,224863.01369863,373679.06053425,231078082.11423000
2025-07-28,0.000000,148816.04683562,224863.01369863,373679.06053425,231451761.17476425
2025-07-29,0.000000,148816.04683562,224863.01369863,373679.06053425,231825440.23529850
2025-07-30,0.000000,148816.04683562,224863.01369863,373679.06053425,232199119.29583275
2025-07-31,0.000000,148816.04683562,224863.01369863,373679.06053425,232572798.35636700
2025-08-01,0.000000,148816.04683562,224863.01369863,373679.06053425,232946477.41690125
2025-08-02,0.000000,148816.04683562,224863.01369863,373679.06053425,233320156.47743550
2025-08-03,0.000000,148816.04683562,224863.01369863,373679.06053425,233693835.53796975
2025-08-04,0.000000,148816.04683562,224863.01369863,373679.06053425,234067514.59850400
2025-08-05,0.000000,148816.04683562,224863.01369863,373679.06053425,234441193.65903825
2025-08-06,0.000000,148816.04683562,224863.01369863,373679.06053425,234814872.71957250
2025-08-07,0.000000,148816.04683562,224863.01369863,373679.06053425,235188551.78010675
2025-08-08,0.000000,148816.04683562,224863.01369863,373679.06053425,235562230.84064100
2025-08-09,0.000000,148816.04683562,224863.01369863,373679.06053425,235935909.90117525
2025-08-10,0.000000,148816.04683562,224863.01369863,373679.06053425,236309588.96170950
2025-08-11,0.000000,148816.04683562,224863.01369863,373679.06053425,236683268.02224375
2025-08-12,0.000000,148816.04683562,224863.01369863,373679.06053425,237056947.08277800
2025-08-13,0.000000,148816.04683562,224863.01369863,373679.06053425,237430626.14331225
2025-08-14,0.000000,148816.04683562,224863.01369863,373679.06053425,237804305.20384650
2025-08-15,0.000000,148816.04683562,224863.01369863,373679.06053425,238177984.26438075
2025-08-16,0.000000,148816.04683562,224863.01369863,373679.06053425,238551663.32491500
2025-08-17,0.000000,148816.04683562,224863.01369863,373679.06053425,238925342.38544925
2025-08-18,0.000000,148816.04683562,224863.01369863,373679.06053425,239299021.44598350
2025-08-19,0.000000,148816.04683562,224863.01369863,373679.06053425,239672700.50651775
2025-08-20,0.000000,148816.04683562,224863.01369863,373679.06053425,240046379.56705200
2025-08-21,0.000000,148816.04683562,224863.01369863,373679.06053425,240420058.62758625
2025-08-22,0.000000,148816.04683562,224863.01369863,373679.06053425,240793737.68812050
2025-08-23,0.000000,148816.04683562,224863.01369863,373679.06053425,241167416.74865475
2025-08-24,0.000000,148816.04683562,224863.01369863,373679.06053425,241541095.80918900
2025-08-25,0.000000,148816.04683562,224863.01369863,373679.06053425,241914774.86972325
2025-08-26,0.000000,148816.04683562,224863.01369863,373679.06053425,242288453.93025750
2025-08-27,0.000000,148816.04683562,224863.01369863,373679.06053425,242662132.99079175
2025-08-28,0.000000,148816.04683562,224863.01369863,373679.06053425,243035812.05132600
2025-08-29,0.000000,148816.04683562,224863.01369863,373679.06053425,243409491.11186025
2025-08-30,0.000000,148816.04683562,224863.01369863,373679.06053425,243783170.17239450
2025-08-31,0.000000,148816.04683562,224863.01369863,373679.06053425,244156849.23292875
2025-09-01,0.000000,148816.04683562,224863.01369863,373679.06053425,244530528.29346300
2025-09-02,0.000000,148816.04683562,224863.01369863,373679.06053425,244904207.35399725
2025-09-03,0.000000,148816.04683562,224863.01369863,373679.06053425,245277886.41453150
2025-09-04,0.000000,148816.04683562,224863.01369863,373679.06053425,245651565.47506575
2025-09-05,0.000000,148816.04683562,224863.01369863,373679.06053425,246025244.53560000
2025-09-06,0.000000,148816.04683562,224863.01369863,373679.06053425,246398923.59613425
2025-09-07,0.000000,148816.04683562,224863.01369863,373679.06053425,246772602.65666850
2025-09-08,0.000000,148816.04683562,224863.01369863,373679.06053425,247146281.71720275
2025-09-09,0.000000,148816.04683562,224863.01369863,373679.06053425,247519960.77773700
2025-09-10,0.000000,148816.04683562,224863.01369863,373679.06053425,247893639.83827125
2025-09-11,0.000000,148816.04683562,224863.01369863,373679.06053425,248267318.89880550
2025-09-12,0.000000,148816.04683562,224863.01369863,373679.06053425,248640997.95933975
2025-09-13,0.000000,148816.04683562,224863.01369863,373679.06053425,249014677.01987400
2025-09-14,0.000000,148816.04683562,224863.01369863,373679.06053425,249388356.08040825
2025-09-15,0.000000,148816.04683562,224863.01369863,373679.06053425,249762035.14094250
2025-09-16,0.000000,148816.04683562,224863.01369863,373679.06053425,250135714.20147675
2025-09-17,0.000000,148816.04683562,224863.01369863,373679.06053425,250509393.26201100
2025-09-18,0.000000,148816.04683562,224863.01369863,373679.06053425,250883072.32254525
2025-09-19,0.000000,148816.04683562,224863.01369863,373679.06053425,251256751.38307950
2025-09-20,0.000000,148816.04683562,224863.01369863,373679.06053425,251630430.44361375
2025-09-21,0.000000,148816.04683562,224863.01369863,373679.06053425,252004109.50414800
2025-09-22,0.000000,148816.04683562,224863.01369863,373679.06053425,252377788.56468225
2025-09-23,0.000000,148816.04683562,224863.01369863,373679.06053425,252751467.62521650
2025-09-24,0.000000,148816.04683562,224863.01369863,373679.06053425,253125146.68575075
2025-09-25,0.000000,148816.04683562,224863.01369863,373679.06053425,253498825.74628500
2025-09-26,0.000000,148816.04683562,224863.01369863,373679.06053425,253872504.80681925
2025-09-27,0.000000,148816.04683562,224863.01369863,373679.06053425,254246183.86735350
2025-09-28,0.000000,148816.04683562,224863.01369863,373679.06053425,254619862.92788775
2025-09-29,0.000000,148816.04683562,224863.01369863,373679.06053425,254993541.98842200
2025-09-30,0.000000,148816.04683562,224863.01369863,373679.06053425,255367221.04895625
2025-10-01,0.000000,148816.04683562,224863.01369863,373679.06053425,255740900.10949050
2025-10-02,0.000000,148816.04683562,224863.01369863,373679.06053425,256114579.17002475
2025-10-03,0.000000,148816.04683562,224863.01369863,373679.06053425,256488258.23055900
2025-10-04,0.000000,148816.04683562,224863.01369863,373679.06053425,256861937.29109325
2025-10-05,0.000000,148816.04683562,224863.01369863,373679.06053425,257235616.35162750
2025-10-06,0.000000,148816.04683562,224863.01369863,373679.06053425,257609295.41216175
2025-10-07,0.000000,148816.04683562,224863.01369863,373679.06053425,257982974.47269600
2025-10-08,0.000000,148816.04683562,224863.01369863,373679.06053425,258356653.53323025
2025-10-09,0.000000,148816.04683562,224863.01369863,373679.06053425,258730332.59376450
2025-10-10,0.000000,148816.04683562,224863.01369863,373679.06053425,259104011.65429875
2025-10-11,0.000000,148816.04683562,224863.01369863,373679.06053425,259477690.71483300
2025-10-12,0.000000,148816.04683562,224863.01369863,373679.06053425,259851369.77536725
2025-10-13,0.000000,148816.04683562,224863.01369863,373679.06053425,260225048.83590150
2025-10-14,0.000000,148816.04683562,224863.01369863,373679.06053425,260598727.89643575
2025-10-15,0.000000,148816.04683562,224863.01369863,373679.06053425,260972406.95697000
2025-10-16,0.000000,148816.04683562,224863.01369863,373679.06053425,261346086.01750425
2025-10-17,0.000000,148816.04683562,224863.01369863,373679.06053425,261719765.07803850
2025-10-18,0.000000,148816.04683562,224863.01369863,373679.06053425,262093444.13857275
2025-10-19,0.000000,148816.04683562,224863.01369863,373679.06053425,262467123.19910700
2025-10-20,0.000000,148816.04683562,224863.01369863,373679.06053425,262840802.25964125
2025-10-21,0.000000,148816.04683562,224863.01369863,373679.06053425,263214481.32017550
2025-10-22,0.000000,148816.04683562,224863.01369863,373679.06053425,263588160.38070975
2025-10-23,0.000000,148816.04683562,224863.01369863,373679.06053425,263961839.44124400
2025-10-24,0.000000,148816.04683562,224863.01369863,373679.06053425,264335518.50177825
2025-10-25,0.000000,148816.04683562,224863.01369863,373679.06053425,264709197.56231250
2025-10-26,0.000000,148816.04683562,224863.01369863,373679.06053425,265082876.62284675
2025-10-27,0.000000,148816.04683562,224863.01369863,373679.06053425,265456555.68338100
2025-10-28,0.000000,148816.04683562,224863.01369863,373679.06053425,265830234.74391525
2025-10-29,0.000000,148816.04683562,224863.01369863,373679.06053425,266203913.80444950
2025-10-30,0.000000,148816.04683562,224863.01369863,373679.06053425,266577592.86498375
2025-10-31,0.000000,148816.04683562,224863.01369863,373679.06053425,266951271.92551800
2025-11-01,0.000000,148816.04683562,224863.01369863,373679.06053425,267324950.98605225
2025-11-02,0.000000,148816.04683562,224863.01369863,373679.06053425,267698630.04658650
2025-11-03,0.000000,148816.04683562,224863.01369863,373679.06053425,268072309.10712075
2025-11-04,0.000000,148816.04683562,224863.01369863,373679.06053425,268445988.16765500
2025-11-05,0.000000,148816.04683562,224863.01369863,373679.06053425,268819667.22818925
2025-11-06,0.000000,148816.04683562,224863.01369863,373679.06053425,269193346.28872350
2025-11-07,0.000000,148816.04683562,224863.01369863,373679.06053425,269567025.34925775
2025-11-08,0.000000,148816.04683562,224863.01369863,373679.06053425,269940704.40979200
2025-11-09,0.000000,148816.04683562,224863.01369863,373679.06053425,270314383.47032625
2025-11-10,0.000000,148816.04683562,224863.01369863,373679.06053425,270688062.53086050
2025-11-11,0.000000,148816.04683562,224863.01369863,373679.06053425,271061741.59139475
2025-11-12,0.000000,148816.04683562,224863.01369863,373679.06053425,271435420.65192900
2025-11-13,0.000000,148816.04683562,224863.01369863,373679.06053425,271809099.71246325
2025-11-14,0.000000,148816.04683562,224863.01369863,373679.06053425,272182778.77299750
2025-11-15,0.000000,148816.04683562,224863.01369863,373679.06053425,272556457.83353175
2025-11-16,0.000000,148816.04683562,224863.01369863,373679.06053425,272930136.89406600
2025-11-17,0.000000,148816.04683562,224863.01369863,373679.06053425,273303815.95460025
2025-11-18,0.000000,148816.04683562,224863.01369863,373679.06053425,273677495.01513450
2025-11-19,0.000000,148816.04683562,224863.01369863,373679.06053425,274051174.07566875
2025-11-20,0.000000,148816.04683562,224863.01369863,373679.06053425,274424853.13620300
2025-11-21,0.000000,148816.04683562,224863.01369863,373679.06053425,274798532.19673725
2025-11-22,0.000000,148816.04683562,224863.01369863,373679.06053425,275172211.25727150
2025-11-23,0.000000,148816.04683562,224863.01369863,373679.06053425,275545890.31780575
2025-11-24,0.000000,148816.04683562,224863.01369863,373679.06053425,275919569.37834000
2025-11-25,0.000000,148816.04683562,224863.01369863,373679.06053425,276293248.43887425
2025-11-26,0.000000,148816.04683562,224863.01369863,373679.06053425,276666927.49940850
2025-11-27,0.000000,148816.04683562,224863.01369863,373679.06053425,277040606.55994275
2025-11-28,0.000000,148816.04683562,224863.01369863,373679.06053425,277414285.62047700
2025-11-29,0.000000,148816.04683562,224863.01369863,373679.06053425,277787964.68101125
2025-11-30,0.000000,148816.04683562,224863.01369863,373679.06053425,278161643.74154550
2025-12-01,0.000000,148816.04683562,224863.01369863,373679.06053425,278535322.80207975
2025-12-02,0.000000,148816.04683562,224863.01369863,373679.06053425,278909001.86261400
2025-12-03,0.000000,148816.04683562,224863.01369863,373679.06053425,279282680.92314825
2025-12-04,0.000000,148816.04683562,224863.01369863,373679.06053425,279656359.98368250
2025-12-05,0.000000,148816.04683562,224863.01369863,373679.06053425,280030039.04421675
2025-12-06,0.000000,148816.04683562,224863.01369863,373679.06053425,280403718.10475100
2025-12-07,0.000000,148816.04683562,224863.01369863,373679.06053425,280777397.16528525
2025-12-08,0.000000,148816.04683562,224863.01369863,373679.06053425,281151076.22581950
2025-12-09,0.000000,148816.04683562,224863.01369863,373679.06053425,281524755.28635375
2025-12-10,0.000000,148816.04683562,224863.01369863,373679.06053425,281898434.34688800
2025-12-11,0.000000,148816.04683562,224863.01369863,373679.06053425,282272113.40742225
2025-12-12,0.000000,148816.04683562,224863.01369863,373679.06053425,282645792.46795650
2025-12-13,0.000000,148816.04683562,224863.01369863,373679.06053425,283019471.52849075
2025-12-14,0.000000,148816.04683562,224863.01369863,373679.06053425,283393150.58902500
2025-12-15,0.000000,148816.04683562,224863.01369863,373679.06053425,283766829.64955925
2025-12-16,0.000000,148816.04683562,224863.01369863,373679.06053425,284140508.71009350
2025-12-17,0.000000,148816.04683562,224863.01369863,373679.06053425,284514187.77062775
2025-12-18,0.000000,148816.04683562,224863.01369863,373679.06053425,284887866.83116200
2025-12-19,0.000000,148816.04683562,224863.01369863,373679.06053425,285261545.89169625
2025-12-20,0.000000,148816.04683562,224863.01369863,373679.06053425,285635224.95223050
2025-12-21,0.000000,148816.04683562,224863.01369863,373679.06053425,286008904.01276475
2025-12-22,0.000000,148816.04683562,224863.01369863,373679.06053425,286382583.07329900
2025-12-23,0.000000,148816.04683562,224863.01369863,373679.06053425,286756262.13383325
2025-12-24,0.000000,148816.04683562,224863.01369863,373679.06053425,287129941.19436750
2025-12-25,0.000000,148816.04683562,224863.01369863,373679.06053425,287503620.25490175
2025-12-26,0.000000,148816.04683562,224863.01369863,373679.06053425,287877299.31543600
2025-12-27,0.000000,148816.04683562,224863.01369863,373679.06053425,288250978.37597025
2025-12-28,0.000000,148816.04683562,224863.01369863,373679.06053425,288624657.43650450
2025-12-29,0.000000,148816.04683562,224863.01369863,373679.06053425,288998336.49703875
2025-12-30,0.000000,148816.04683562,224863.01369863,373679.06053425,289372015.55757300
2025-12-31,0.000000,148816.04683562,224863.01369863,373679.06053425,289745694.61810725
2026-01-01,0.000000,148816.04683562,224863.01369863,373679.06053425,290119373.67864150
2026-01-02,0.000000,148816.04683562,224863.01369863,373679.06053425,290493052.73917575
2026-01-03,0.000000,148816.04683562,224863.01369863,373679.06053425,290866731.79971000
2026-01-04,0.000000,148816.04683562,224863.01369863,373679.06053425,291240410.86024425
2026-01-05,0.000000,148816.04683562,224863.01369863,373679.06053425,291614089.92077850
2026-01-06,0.000000,148816.04683562,224863.01369863,373679.06053425,291987768.98131275
2026-01-07,0.000000,148816.04683562,224863.01369863,373679.06053425,292361448.04184700
2026-01-08,0.000000,148816.04683562,224863.01369863,373679.06053425,292735127.10238125
2026-01-09,0.000000,148816.04683562,224863.01369863,373679.06053425,293108806.16291550
2026-01-10,0.000000,148816.04683562,224863.01369863,373679.06053425,293482485.22344975
2026-01-11,0.000000,148816.04683562,224863.01369863,373679.06053425,293856164.28398400
2026-01-12,0.000000,148816.04683562,224863.01369863,373679.06053425,294229843.34451825
2026-01-13,0.000000,148816.04683562,224863.01369863,373679.06053425,294603522.40505250
2026-01-14,0.000000,148816.04683562,224863.01369863,373679.06053425,294977201.46558675
2026-01-15,0.000000,148816.04683562,224863.01369863,373679.06053425,295350880.52612100
2026-01-16,0.000000,148816.04683562,224863.01369863,373679.06053425,295724559.58665525
2026-01-17,0.000000,148816.04683562,224863.01369863,373679.06053425,296098238.64718950
2026-01-18,0.000000,148816.04683562,224863.01369863,373679.06053425,296471917.70772375
2026-01-19,0.000000,148816.04683562,224863.01369863,373679.06053425,296845596.76825800
2026-01-20,0.000000,148816.04683562,224863.01369863,373679.06053425,297219275.82879225
2026-01-21,0.000000,148816.04683562,224863.01369863,373679.06053425,297592954.88932650
2026-01-22,0.000000,148816.04683562,224863.01369863,373679.06053425,297966633.94986075
2026-01-23,0.000000,148816.04683562,224863.01369863,373679.06053425,298340313.01039500
2026-01-24,0.000000,148816.04683562,224863.01369863,373679.06053425,298713992.07092925
2026-01-25,0.000000,148816.04683562,224863.01369863,373679.06053425,299087671.13146350
2026-01-26,0.000000,148816.04683562,224863.01369863,373679.06053425,299461350.19199775
2026-01-27,0.000000,148816.04683562,224863.01369863,373679.06053425,299835029.25253200
2026-01-28,0.000000,148816.04683562,224863.01369863,373679.06053425,300208708.31306625
2026-01-29,0.000000,148816.04683562,224863.01369863,373679.06053425,300582387.37360050
2026-01-30,0.000000,148816.04683562,224863.01369863,373679.06053425,300956066.43413475
2026-01-31,0.000000,148816.04683562,224863.01369863,373679.06053425,301329745.49466900
2026-02-01,0.000000,148816.04683562,224863.01369863,373679.06053425,301703424.55520325
2026-02-02,0.000000,148816.04683562,224863.01369863,373679.06053425,302077103.61573750
2026-02-03,0.000000,148816.04683562,224863.01369863,373679.06053425,302450782.67627175
2026-02-04,0.000000,148816.04683562,224863.01369863,373679.06053425,302824461.73680600
2026-02-05,0.000000,148816.04683562,224863.01369863,373679.06053425,303198140.79734025
2026-02-06,0.000000,148816.04683562,224863.01369863,373679.06053425,303571819.85787450
2026-02-07,0.000000,148816.04683562,224863.01369863,373679.06053425,303945498.91840875
2026-02-08,0.000000,148816.04683562,224863.01369863,373679.06053425,304319177.97894300
2026-02-09,0.000000,148816.04683562,224863.01369863,373679.06053425,304692857.03947725
2026-02-10,0.000000,148816.04683562,224863.01369863,373679.06053425,305066536.10001150
2026-02-11,0.000000,148816.04683562,224863.01369863,373679.06053425,305440215.16054575
2026-02-12,0.000000,148816.04683562,224863.01369863,373679.06053425,305813894.22108000
2026-02-13,0.000000,148816.04683562,224863.01369863,373679.06053425,306187573.28161425
2026-02-14,0.000000,148816.04683562,224863.01369863,373679.06053425,306561252.34214850
2026-02-15,0.000000,148816.04683562,224863.01369863,373679.06053425,306934931.40268275
2026-02-16,0.000000,148816.04683562,224863.01369863,373679.06053425,307308610.46321700
2026-02-17,0.000000,148816.04683562,224863.01369863,373679.06053425,307682289.52375125
2026-02-18,0.000000,148816.04683562,224863.01369863,373679.06053425,308055968.58428550
2026-02-19,0.000000,148816.04683562,224863.01369863,373679.06053425,308429647.64481975
2026-02-20,0.000000,148816.04683562,224863.01369863,373679.06053425,308803326.70535400
2026-02-21,0.000000,148816.04683562,224863.01369863,373679.06053425,309177005.76588825
2026-02-22,0.000000,148816.04683562,224863.01369863,373679.06053425,309550684.82642250
2026-02-23,0.000000,148816.04683562,224863.01369863,373679.06053425,309924363.88695675
2026-02-24,0.000000,148816.04683562,224863.01369863,373679.06053425,310298042.94749100
2026-02-25,0.000000,148816.04683562,224863.01369863,373679.06053425,310671722.00802525
2026-02-26,0.000000,148816.04683562,224863.01369863,373679.06053425,311045401.06855950
2026-02-27,0.000000,148816.04683562,224863.01369863,373679.06053425,311419080.12909375
2026-02-28,0.000000,148816.04683562,224863.01369863,373679.06053425,311792759.18962800
2026-03-01,0.000000,148816.04683562,224863.01369863,373679.06053425,312166438.25016225
2026-03-02,0.000000,148816.04683562,224863.01369863,373679.06053425,312540117.31069650
2026-03-03,0.000000,148816.04683562,224863.01369863,373679.06053425,312913796.37123075
2026-03-04,0.000000,148816.04683562,224863.01369863,373679.06053425,313287475.43176500
2026-03-05,0.000000,148816.04683562,224863.01369863,373679.06053425,313661154.49229925
2026-03-06,0.000000,148816.04683562,224863.01369863,373679.06053425,314034833.55283350
2026-03-07,0.000000,148816.04683562,224863.01369863,373679.06053425,314408512.61336775
2026-03-08,0.000000,148816.04683562,224863.01369863,373679.06053425,314782191.67390200
2026-03-09,0.000000,148816.04683562,224863.01369863,373679.06053425,315155870.73443625
2026-03-10,0.000000,148816.04683562,224863.01369863,373679.06053425,315529549.79497050
2026-03-11,0.000000,148816.04683562,224863.01369863,373679.06053425,315903228.85550475
2026-03-12,0.000000,148816.04683562,224863.01369863,373679.06053425,316276907.91603900
2026-03-13,0.000000,148816.04683562,224863.01369863,373679.06053425,316650586.97657325
2026-03-14,0.000000,148816.04683562,224863.01369863,373679.06053425,317024266.03710750
2026-03-15,0.000000,148816.04683562,224863.01369863,373679.06053425,317397945.09764175
2026-03-16,0.000000,148816.04683562,224863.01369863,373679.06053425,317771624.15817600
2026-03-17,0.000000,148816.04683562,224863.01369863,373679.06053425,318145303.21871025
2026-03-18,0.000000,148816.04683562,224863.01369863,373679.06053425,318518982.27924450
2026-03-19,0.000000,148816.04683562,224863.01369863,373679.06053425,318892661.33977875
2026-03-20,0.000000,148816.04683562,224863.01369863,373679.06053425,319266340.40031300
2026-03-21,0.000000,148816.04683562,224863.01369863,373679.06053425,319640019.46084725
2026-03-22,0.000000,148816.04683562,224863.01369863,373679.06053425,320013698.52138150
2026-03-23,0.000000,148816.04683562,224863.01369863,373679.06053425,320387377.58191575
2026-03-24,0.000000,148816.04683562,224863.01369863,373679.06053425,320761056.64245000
2026-03-25,0.000000,148816.04683562,224863.01369863,373679.06053425,321134735.70298425
2026-03-26,0.000000,148816.04683562,224863.01369863,373679.06053425,321508414.76351850
2026-03-27,0.000000,148816.04683562,224863.01369863,373679.06053425,321882093.82405275
2026-03-28,0.000000,148816.04683562,224863.01369863,373679.06053425,322255772.88458700
2026-03-29,0.000000,148816.04683562,224863.01369863,373679.06053425,322629451.94512125
2026-03-30,0.000000,148816.04683562,224863.01369863,373679.06053425,323003131.00565550
2026-03-31,0.000000,148816.04683562,224863.01369863,373679.06053425,323376810.06618975
2026-04-01,0.000000,148816.04683562,224863.01369863,373679.06053425,323750489.12672400
2026-04-02,0.000000,148816.04683562,224863.01369863,373679.06053425,324124168.18725825
2026-04-03,0.000000,148816.04683562,224863.01369863,373679.06053425,324497847.24779250
2026-04-04,0.000000,148816.04683562,224863.01369863,373679.06053425,324871526.30832675
2026-04-05,0.000000,148816.04683562,224863.01369863,373679.06053425,325245205.36886100
2026-04-06,0.000000,148816.04683562,224863.01369863,373679.06053425,325618884.42939525
2026-04-07,0.000000,148816.04683562,224863.01369863,373679.06053425,325992563.48992950
2026-04-08,0.000000,148816.04683562,224863.01369863,373679.06053425,326366242.55046375
2026-04-09,0.000000,148816.04683562,224863.01369863,373679.06053425,326739921.61099800
2026-04-10,0.000000,148816.04683562,224863.01369863,373679.06053425,327113600.67153225
2026-04-11,0.000000,148816.04683562,224863.01369863,373679.06053425,327487279.73206650
2026-04-12,0.000000,148816.04683562,224863.01369863,373679.06053425,327860958.79260075
2026-04-13,0.000000,148816.04683562,224863.01369863,373679.06053425,328234637.85313500
2026-04-14,0.000000,148816.04683562,224863.01369863,373679.06053425,328608316.91366925
2026-04-15,0.000000,148816.04683562,224863.01369863,373679.06053425,328981995.97420350
2026-04-16,0.000000,148816.04683562,224863.01369863,373679.06053425,329355675.03473775
2026-04-17,0.000000,148816.04683562,224863.01369863,373679.06053425,329729354.09527200
2026-04-18,0.000000,148816.04683562,224863.01369863,373679.06053425,330103033.15580625
2026-04-19,0.000000,148816.04683562,224863.01369863,373679.06053425,330476712.21634050
2026-04-20,0.000000,148816.04683562,224863.01369863,373679.06053425,330850391.27687475
2026-04-21,0.000000,148816.04683562,224863.01369863,373679.06053425,331224070.33740900
2026-04-22,0.000000,148816.04683562,224863.01369863,373679.06053425,331597749.39794325
2026-04-23,0.000000,148816.04683562,224863.01369863,373679.06053425,331971428.45847750
2026-04-24,0.000000,148816.04683562,224863.01369863,373679.06053425,332345107.51901175
2026-04-25,0.000000,148816.04683562,224863.01369863,373679.06053425,332718786.57954600
2026-04-26,0.000000,148816.04683562,224863.01369863,373679.06053425,333092465.64008025
2026-04-27,0.000000,148816.04683562,224863.01369863,373679.06053425,333466144.70061450
2026-04-28,0.000000,148816.04683562,224863.01369863,373679.06053425,333839823.76114875
2026-04-29,0.000000,148816.04683562,224863.01369863,373679.06053425,334213502.82168300
2026-04-30,0.000000,148816.04683562,224863.01369863,373679.06053425,334587181.88221725
2026-05-01,0.000000,148816.04683562,224863.01369863,373679.06053425,334960860.94275150
2026-05-02,0.000000,148816.04683562,224863.01369863,373679.06053425,335334540.00328575
2026-05-03,0.000000,148816.04683562,224863.01369863,373679.06053425,335708219.06382000
2026-05-04,0.000000,148816.04683562,224863.01369863,373679.06053425,336081898.12435425
2026-05-05,0.000000,148816.04683562,224863.01369863,373679.06053425,336455577.18488850
2026-05-06,0.000000,148816.04683562,224863.01369863,373679.06053425,336829256.24542275
2026-05-07,0.000000,148816.04683562,224863.01369863,373679.06053425,337202935.30595700
2026-05-08,0.000000,148816.04683562,224863.01369863,373679.06053425,337576614.36649125
2026-05-09,0.000000,148816.04683562,224863.01369863,373679.06053425,337950293.42702550
2026-05-10,0.000000,148816.04683562,224863.01369863,373679.06053425,338323972.48755975
2026-05-11,0.000000,148816.04683562,224863.01369863,373679.06053425,338697651.54809400
2026-05-12,0.000000,148816.04683562,224863.01369863,373679.06053425,339071330.60862825
2026-05-13,0.000000,148816.04683562,224863.01369863,373679.06053425,339445009.66916250
2026-05-14,0.000000,148816.04683562,224863.01369863,373679.06053425,339818688.72969675
2026-05-15,0.000000,148816.04683562,224863.01369863,373679.06053425,340192367.79023100
2026-05-16,0.000000,148816.04683562,224863.01369863,373679.06053425,340566046.85076525
2026-05-17,0.000000,148816.04683562,224863.01369863,373679.06053425,340939725.91129950
2026-05-18,0.000000,148816.04683562,224863.01369863,373679.06053425,341313404.97183375
2026-05-19,0.000000,148816.04683562,224863.01369863,373679.06053425,341687084.03236800
2026-05-20,0.000000,148816.04683562,224863.01369863,373679.06053425,342060763.09290225
2026-05-21,0.000000,148816.04683562,224863.01369863,373679.06053425,342434442.15343650
2026-05-22,0.000000,148816.04683562,224863.01369863,373679.06053425,342808121.21397075
2026-05-23,0.000000,148816.04683562,224863.01369863,373679.06053425,343181800.27450500
2026-05-24,0.000000,148816.04683562,224863.01369863,373679.06053425,343555479.33503925
2026-05-25,0.000000,148816.04683562,224863.01369863,373679.06053425,343929158.39557350
2026-05-26,0.000000,148816.04683562,224863.01369863,373679.06053425,344302837.45610775
2026-05-27,0.000000,148816.04683562,224863.01369863,373679.06053425,344676516.51664200
2026-05-28,0.000000,148816.04683562,224863.01369863,373679.06053425,345050195.57717625
2026-05-29,0.000000,148816.04683562,224863.01369863,373679.06053425,345423874.63771050
2026-05-30,0.000000,148816.04683562,224863.01369863,373679.06053425,345797553.69824475
2026-05-31,0.000000,148816.04683562,224863.01369863,373679.06053425,346171232.75877900
2026-06-01,0.000000,148816.04683562,224863.01369863,373679.06053425,346544911.81931325
2026-06-02,0.000000,148816.04683562,224863.01369863,373679.06053425,346918590.87984750
2026-06-03,0.000000,148816.04683562,224863.01369863,373679.06053425,347292269.94038175
2026-06-04,0.000000,148816.04683562,224863.01369863,373679.06053425,347665949.00091600
2026-06-05,0.000000,148816.04683562,224863.01369863,373679.06053425,348039628.06145025
2026-06-06,0.000000,148816.04683562,224863.01369863,373679.06053425,348413307.12198450
2026-06-07,0.000000,148816.04683562,224863.01369863,373679.06053425,348786986.18251875
2026-06-08,0.000000,148816.04683562,224863.01369863,373679.06053425,349160665.24305300
2026-06-09,0.000000,148816.04683562,224863.01369863,373679.06053425,349534344.30358725
2026-06-10,0.000000,148816.04683562,224863.01369863,373679.06053425,349908023.36412150
2026-06-11,0.000000,148816.04683562,224863.01369863,373679.06053425,350281702.42465575
2026-06-12,0.000000,148816.04683562,224863.01369863,373679.06053425,350655381.48519000
2026-06-13,0.000000,148816.04683562,224863.01369863,373679.06053425,351029060.54572425
2026-06-14,0.000000,148816.04683562,224863.01369863,373679.06053425,351402739.60625850
2026-06-15,0.000000,148816.04683562,224863.01369863,373679.06053425,351776418.66679275
2026-06-16,0.000000,148816.04683562,224863.01369863,373679.06053425,352150097.72732700
2026-06-17,0.000000,148816.04683562,224863.01369863,373679.06053425,352523776.78786125
2026-06-18,0.000000,148816.04683562,224863.01369863,373679.06053425,352897455.84839550
2026-06-19,0.000000,148816.04683562,224863.01369863,373679.06053425,353271134.90892975
2026-06-20,0.000000,148816.04683562,224863.01369863,373679.06053425,353644813.96946400
2026-06-21,0.000000,148816.04683562,224863.01369863,373679.06053425,354018493.02999825
2026-06-22,0.000000,148816.04683562,224863.01369863,373679.06053425,354392172.09053250
2026-06-23,0.000000,148816.04683562,224863.01369863,373679.06053425,354765851.15106675
2026-06-24,0.000000,148816.04683562,224863.01369863,373679.06053425,355139530.21160100
2026-06-25,0.000000,148816.04683562,224863.01369863,373679.06053425,355513209.27213525
2026-06-26,0.000000,148816.04683562,224863.01369863,373679.06053425,355886888.33266950
2026-06-27,0.000000,148816.04683562,224863.01369863,373679.06053425,356260567.39320375
2026-06-28,0.000000,148816.04683562,224863.01369863,373679.06053425,356634246.45373800
2026-06-29,0.000000,148816.04683562,224863.01369863,373679.06053425,357007925.51427225
2026-06-30,0.000000,148816.04683562,224863.01369863,373679.06053425,357381604.57480650
2026-07-01,0.000000,148816.04683562,224863.01369863,373679.06053425,357755283.63534075
2026-07-02,0.000000,148816.04683562,224863.01369863,373679.06053425,358128962.69587500
2026-07-03,0.000000,148816.04683562,224863.01369863,373679.06053425,358502641.75640925
2026-07-04,0.000000,148816.04683562,224863.01369863,373679.06053425,358876320.81694350
2026-07-05,0.000000,148816.04683562,224863.01369863,373679.06053425,359249999.87747775
2026-07-06,0.000000,148816.04683562,224863.01369863,373679.06053425,359623678.93801200
2026-07-07,0.000000,148816.04683562,224863.01369863,373679.06053425,359997357.99854625
2026-07-08,0.000000,148816.04683562,224863.01369863,373679.06053425,360371037.05908050
2026-07-09,0.000000,148816.04683562,224863.01369863,373679.06053425,360744716.11961475
2026-07-10,0.000000,148816.04683562,224863.01369863,373679.06053425,361118395.18014900
2026-07-11,0.000000,148816.04683562,224863.01369863,373679.06053425,361492074.24068325
2026-07-12,0.000000,148816.04683562,224863.01369863,373679.06053425,361865753.30121750
2026-07-13,0.000000,148816.04683562,224863.01369863,373679.06053425,362239432.36175175
2026-07-14,0.000000,148816.04683562,224863.01369863,373679.06053425,362613111.42228600
2026-07-15,0.000000,148816.04683562,224863.01369863,373679.06053425,362986790.48282025
2026-07-16,0.000000,148816.04683562,224863.01369863,373679.06053425,363360469.54335450
2026-07-17,0.000000,148816.04683562,224863.01369863,373679.06053425,363734148.60388875
2026-07-18,0.000000,148816.04683562,224863.01369863,373679.06053425,364107827.66442300
2026-07-19,0.000000,148816.04683562,224863.01369863,373679.06053425,364481506.72495725
2026-07-20,0.000000,148816.04683562,224863.01369863,373679.06053425,364855185.78549150
2026-07-21,0.000000,148816.04683562,224863.01369863,373679.06053425,365228864.84602575
2026-07-22,0.000000,148816.04683562,224863.01369863,373679.06053425,365602543.90656000
2026-07-23,0.000000,148816.04683562,224863.01369863,373679.06053425,365976222.96709425
2026-07-24,0.000000,148816.04683562,224863.01369863,373679.06053425,366349902.02762850
2026-07-25,0.000000,148816.04683562,224863.01369863,373679.06053425,366723581.08816275
2026-07-26,0.000000,148816.04683562,224863.01369863,373679.06053425,367097260.14869700
2026-07-27,0.000000,148816.04683562,224863.01369863,373679.06053425,367470939.20923125
2026-07-28,0.000000,148816.04683562,224863.01369863,373679.06053425,367844618.26976550
2026-07-29,0.000000,148816.04683562,224863.01369863,373679.06053425,368218297.33029975
2026-07-30,0.000000,148816.04683562,224863.01369863,373679.06053425,368591976.39083400
2026-07-31,0.000000,148816.04683562,224863.01369863,373679.06053425,368965655.45136825
2026-08-01,0.000000,148816.04683562,224863.01369863,373679.06053425,369339334.51190250
2026-08-02,0.000000,148816.04683562,224863.01369863,373679.06053425,369713013.57243675
2026-08-03,0.000000,148816.04683562,224863.01369863,373679.06053425,370086692.63297100
2026-08-04,0.000000,148816.04683562,224863.01369863,373679.06053425,370460371.69350525
2026-08-05,0.000000,148816.04683562,224863.01369863,373679.06053425,370834050.75403950
2026-08-06,0.000000,148816.04683562,224863.01369863,373679.06053425,371207729.81457375
2026-08-07,0.000000,148816.04683562,224863.01369863,373679.06053425,371581408.87510800
2026-08-08,0.000000,148816.04683562,224863.01369863,373679.06053425,371955087.93564225
2026-08-09,0.000000,148816.04683562,224863.01369863,373679.06053425,372328766.99617650
2026-08-10,0.000000,148816.04683562,224863.01369863,373679.06053425,372702446.05671075
2026-08-11,0.000000,148816.04683562,224863.01369863,373679.06053425,373076125.11724500
2026-08-12,0.000000,148816.04683562,224863.01369863,373679.06053425,373449804.17777925
2026-08-13,0.000000,148816.04683562,224863.01369863,373679.06053425,373823483.23831350
2026-08-14,0.000000,148816.04683562,224863.01369863,373679.06053425,374197162.29884775
2026-08-15,0.000000,148816.04683562,224863.01369863,373679.06053425,374570841.35938200
2026-08-16,0.000000,148816.04683562,224863.01369863,373679.06053425,374944520.41991625
2026-08-17,0.000000,148816.04683562,224863.01369863,373679.06053425,375318199.48045050
2026-08-18,0.000000,148816.04683562,224863.01369863,373679.06053425,375691878.54098475
2026-08-19,0.000000,148816.04683562,224863.01369863,373679.06053425,376065557.60151900
2026-08-20,0.000000,148816.04683562,224863.01369863,373679.06053425,376439236.66205325
2026-08-21,0.000000,148816.04683562,224863.01369863,373679.06053425,376812915.72258750
2026-08-22,0.000000,148816.04683562,224863.01369863,373679.06053425,377186594.78312175
2026-08-23,0.000000,148816.04683562,224863.01369863,373679.06053425,377560273.84365600
2026-08-24,0.000000,148816.04683562,224863.01369863,373679.06053425,377933952.90419025
2026-08-25,0.000000,148816.04683562,224863.01369863,373679.06053425,378307631.96472450
2026-08-26,0.000000,148816.04683562,224863.01369863,373679.06053425,378681311.02525875
2026-08-27,0.000000,148816.04683562,224863.01369863,373679.06053425,379054990.08579300
2026-08-28,0.000000,148816.04683562,224863.01369863,373679.06053425,379428669.14632725
2026-08-29,0.000000,148816.04683562,224863.01369863,373679.06053425,379802348.20686150
2026-08-30,0.000000,148816.04683562,224863.01369863,373679.06053425,380176027.26739575
2026-08-31,0.000000,148816.04683562,224863.01369863,373679.06053425,380549706.32793000
2026-09-01,0.000000,148816.04683562,224863.01369863,373679.06053425,380923385.38846425
2026-09-02,0.000000,148816.04683562,224863.01369863,373679.06053425,381297064.44899850
2026-09-03,0.000000,148816.04683562,224863.01369863,373679.06053425,381670743.50953275
2026-09-04,0.000000,148816.04683562,224863.01369863,373679.06053425,382044422.57006700
2026-09-05,0.000000,148816.04683562,224863.01369863,373679.06053425,382418101.63060125
2026-09-06,0.000000,148816.04683562,224863.01369863,373679.06053425,382791780.69113550
2026-09-07,0.000000,148816.04683562,224863.01369863,373679.06053425,383165459.75166975
2026-09-08,0.000000,148816.04683562,224863.01369863,373679.06053425,383539138.81220400
2026-09-09,0.000000,148816.04683562,224863.01369863,373679.06053425,383912817.87273825
2026-09-10,0.000000,148816.04683562,224863.01369863,373679.06053425,384286496.93327250
2026-09-11,0.000000,148816.04683562,224863.01369863,373679.06053425,384660175.99380675
2026-09-12,0.000000,148816.04683562,224863.01369863,373679.06053425,385033855.05434100
2026-09-13,0.000000,148816.04683562,224863.01369863,373679.06053425,385407534.11487525
2026-09-14,0.000000,148816.04683562,224863.01369863,373679.06053425,385781213.17540950
2026-09-15,0.000000,148816.04683562,224863.01369863,373679.06053425,386154892.23594375
2026-09-16,0.000000,148816.04683562,224863.01369863,373679.06053425,386528571.29647800
2026-09-17,0.000000,148816.04683562,224863.01369863,373679.06053425,386902250.35701225
2026-09-18,0.000000,148816.04683562,224863.01369863,373679.06053425,387275929.41754650
2026-09-19,0.000000,148816.04683562,224863.01369863,373679.06053425,387649608.47808075
2026-09-20,0.000000,148816.04683562,224863.01369863,373679.06053425,388023287.53861500
2026-09-21,0.000000,148816.04683562,224863.01369863,373679.06053425,388396966.59914925
2026-09-22,0.000000,148816.04683562,224863.01369863,373679.06053425,388770645.65968350
2026-09-23,0.000000,148816.04683562,224863.01369863,373679.06053425,389144324.72021775
2026-09-24,0.000000,148816.04683562,224863.01369863,373679.06053425,389518003.78075200
2026-09-25,0.000000,148816.04683562,224863.01369863,373679.06053425,389891682.84128625
2026-09-26,0.000000,148816.04683562,224863.01369863,373679.06053425,390265361.90182050
2026-09-27,0.000000,148816.04683562,224863.01369863,373679.06053425,390639040.96235475
2026-09-28,0.000000,148816.04683562,224863.01369863,373679.06053425,391012720.02288900
2026-09-29,0.000000,148816.04683562,224863.01369863,373679.06053425,391386399.08342325
2026-09-30,0.000000,148816.04683562,224863.01369863,373679.06053425,391760078.14395750
2026-10-01,0.000000,148816.04683562,224863.01369863,373679.06053425,392133757.20449175
2026-10-02,0.000000,148816.04683562,224863.01369863,373679.06053425,392507436.26502600
2026-10-03,0.000000,148816.04683562,224863.01369863,373679.06053425,392881115.32556025
2026-10-04,0.000000,148816.04683562,224863.01369863,373679.06053425,393254794.38609450
2026-10-05,0.000000,148816.04683562,224863.01369863,373679.06053425,393628473.44662875
2026-10-06,0.000000,148816.04683562,224863.01369863,373679.06053425,394002152.50716300
2026-10-07,0.000000,148816.04683562,224863.01369863,373679.06053425,394375831.56769725
2026-10-08,0.000000,148816.04683562,224863.01369863,373679.06053425,394749510.62823150
2026-10-09,0.000000,148816.04683562,224863.01369863,373679.06053425,395123189.68876575
2026-10-10,0.000000,148816.04683562,224863.01369863,373679.06053425,395496868.74930000
2026-10-11,0.000000,148816.04683562,224863.01369863,373679.06053425,395870547.80983425
2026-10-12,0.000000,148816.04683562,224863.01369863,373679.06053425,396244226.87036850
2026-10-13,0.000000,148816.04683562,224863.01369863,373679.06053425,396617905.93090275
2026-10-14,0.000000,148816.04683562,224863.01369863,373679.06053425,396991584.99143700
2026-10-15,0.000000,148816.04683562,224863.01369863,373679.06053425,397365264.05197125
2026-10-16,0.000000,148816.04683562,224863.01369863,373679.06053425,397738943.11250550
2026-10-17,0.000000,148816.04683562,224863.01369863,373679.06053425,398112622.17303975
2026-10-18,0.000000,148816.04683562,224863.01369863,373679.06053425,398486301.23357400
2026-10-19,0.000000,148816.04683562,224863.01369863,373679.06053425,398859980.29410825
2026-10-20,0.000000,148816.04683562,224863.01369863,373679.06053425,399233659.35464250
2026-10-21,0.000000,148816.04683562,224863.01369863,373679.06053425,399607338.41517675
2026-10-22,0.000000,148816.04683562,224863.01369863,373679.06053425,399981017.47571100
2026-10-23,0.000000,148816.04683562,224863.01369863,373679.06053425,400354696.53624525
2026-10-24,0.000000,148816.04683562,224863.01369863,373679.06053425,400728375.59677950
2026-10-25,0.000000,148816.04683562,224863.01369863,373679.06053425,401102054.65731375
2026-10-26,0.000000,148816.04683562,224863.01369863,373679.06053425,401475733.71784800
2026-10-27,0.000000,148816.04683562,224863.01369863,373679.06053425,401849412.77838225
2026-10-28,0.000000,148816.04683562,224863.01369863,373679.06053425,402223091.83891650
2026-10-29,0.000000,148816.04683562,224863.01369863,373679.06053425,402596770.89945075
2026-10-30,0.000000,148816.04683562,224863.01369863,373679.06053425,402970449.95998500
2026-10-31,0.000000,148816.04683562,224863.01369863,373679.06053425,403344129.02051925
2026-11-01,0.000000,148816.04683562,224863.01369863,373679.06053425,403717808.08105350
2026-11-02,0.000000,148816.04683562,224863.01369863,373679.06053425,404091487.14158775
2026-11-03,0.000000,148816.04683562,224863.01369863,373679.06053425,404465166.20212200
2026-11-04,0.000000,148816.04683562,224863.01369863,373679.06053425,404838845.26265625
2026-11-05,0.000000,148816.04683562,224863.01369863,373679.06053425,405212524.32319050
2026-11-06,0.000000,148816.04683562,224863.01369863,373679.06053425,405586203.38372475
2026-11-07,0.000000,148816.04683562,224863.01369863,373679.06053425,405959882.44425900
2026-11-08,0.000000,148816.04683562,224863.01369863,373679.06053425,406333561.50479325
2026-11-09,0.000000,148816.04683562,224863.01369863,373679.06053425,406707240.56532750
2026-11-10,0.000000,148816.04683562,224863.01369863,373679.06053425,407080919.62586175
2026-11-11,0.000000,148816.04683562,224863.01369863,373679.06053425,407454598.68639600
2026-11-12,0.000000,148816.04683562,224863.01369863,373679.06053425,407828277.74693025
2026-11-13,0.000000,148816.04683562,224863.01369863,373679.06053425,408201956.80746450
2026-11-14,0.000000,148816.04683562,224863.01369863,373679.06053425,408575635.86799875
2026-11-15,0.000000,148816.04683562,224863.01369863,373679.06053425,408949314.92853300
2026-11-16,0.000000,148816.04683562,224863.01369863,373679.06053425,409322993.98906725
2026-11-17,0.000000,148816.04683562,224863.01369863,373679.06053425,409696673.04960150
2026-11-18,0.000000,148816.04683562,224863.01369863,373679.06053425,410070352.11013575
2026-11-19,0.000000,148816.04683562,224863.01369863,373679.06053425,410444031.17067000
2026-11-20,0.000000,148816.04683562,224863.01369863,373679.06053425,410817710.23120425
2026-11-21,0.000000,148816.04683562,224863.01369863,373679.06053425,411191389.29173850
2026-11-22,0.000000,148816.04683562,224863.01369863,373679.06053425,411565068.35227275
2026-11-23,0.000000,148816.04683562,224863.01369863,373679.06053425,411938747.41280700
2026-11-24,0.000000,148816.04683562,224863.01369863,373679.06053425,412312426.47334125
2026-11-25,0.000000,148816.04683562,224863.01369863,373679.06053425,412686105.53387550
2026-11-26,0.000000,148816.04683562,224863.01369863,373679.06053425,413059784.59440975
2026-11-27,0.000000,148816.04683562,224863.01369863,373679.06053425,413433463.65494400
2026-11-28,0.000000,148816.04683562,224863.01369863,373679.06053425,413807142.71547825
2026-11-29,0.000000,148816.04683562,224863.01369863,373679.06053425,414180821.77601250
2026-11-30,0.000000,148816.04683562,224863.01369863,373679.06053425,414554500.83654675
2026-12-01,0.000000,148816.04683562,224863.01369863,373679.06053425,414928179.89708100
2026-12-02,0.000000,148816.04683562,224863.01369863,373679.06053425,415301858.95761525
2026-12-03,0.000000,148816.04683562,224863.01369863,373679.06053425,415675538.01814950
2026-12-04,0.000000,148816.04683562,224863.01369863,373679.06053425,416049217.07868375
2026-12-05,0.000000,148816.04683562,224863.01369863,373679.06053425,416422896.13921800
2026-12-06,0.000000,148816.04683562,224863.01369863,373679.06053425,416796575.19975225
