date,emissions_native,premine_unlocks_native,burns_native,net_supply_change_native,circulating_supply
2021-04-20,0,0,0,0,0
2021-04-21,0,0,0,0,0
2021-04-22,0,0,0,0,0
2021-04-23,0,0,0,0,0
2021-04-24,0,0,0,0,0
2021-04-25,0,0,0,0,0
2021-04-26,0,0,0,0,0
2021-04-27,0,0,0,0,0
2021-04-28,0,0,0,0,0
2021-04-29,0,0,0,0,0
2021-04-30,0,0,0,0,0
2021-05-01,0,0,0,0,0
2021-05-02,0,0,0,0,0
2021-05-03,0,0,0,0,0
2021-05-04,0,0,0,0,0
2021-05-05,0,0,0,0,0
2021-05-06,0,0,0,0,0
2021-05-07,0,0,0,0,0
2021-05-08,0,0,0,0,0
2021-05-09,0,0,0,0,0
2021-05-10,0,0,0,0,0
2021-05-11,0,0,0,0,0
2021-05-12,0,0,0,0,0
2021-05-13,0,0,0,0,0
2021-05-14,0,0,0,0,0
2021-05-15,0,0,0,0,0
2021-05-16,0,0,0,0,0
2021-05-17,0,0,0,0,0
2021-05-18,0,0,0,0,0
2021-05-19,0,0,0,0,0
2021-05-20,0,0,0,0,0
2021-05-21,0,0,0,0,0
2021-05-22,0,0,0,0,0
2021-05-23,0,0,0,0,0
2021-05-24,0,0,0,0,0
2021-05-25,0,0,0,0,0
2021-05-26,0,0,0,0,0
2021-05-27,0,0,0,0,0
2021-05-28,0,0,0,0,0
2021-05-29,0,0,0,0,0
2021-05-30,0,0,0,0,0
2021-05-31,0,0,0,0,0
2021-06-01,0,0,0,0,0
2021-06-02,0,0,0,0,0
2021-06-03,0,0,0,0,0
2021-06-04,0,0,0,0,0
2021-06-05,0,0,0,0,0
2021-06-06,0,0,0,0,0
2021-06-07,0,0,0,0,0
2021-06-08,0,0,0,0,0
2021-06-09,0,0,0,0,0
2021-06-10,0,0,0,0,0
2021-06-11,0,0,0,0,0
2021-06-12,0,0,0,0,0
2021-06-13,0,0,0,0,0
2021-06-14,0,0,0,0,0
2021-06-15,0,0,0,0,0
2021-06-16,0,0,0,0,0
2021-06-17,0,0,0,0,0
2021-06-18,0,0,0,0,0
2021-06-19,0,0,0,0,0
2021-06-20,0,0,0,0,0
2021-06-21,0,0,0,0,0
2021-06-22,0,0,0,0,0
2021-06-23,0,0,0,0,0
2021-06-24,0,0,0,0,0
2021-06-25,0,0,0,0,0
2021-06-26,0,0,0,0,0
2021-06-27,0,0,0,0,0
2021-06-28,0,0,0,0,0
2021-06-29,0,0,0,0,0
2021-06-30,0,0,0,0,0
2021-07-01,0,0,0,0,0
2021-07-02,0,0,0,0,0
2021-07-03,0,0,0,0,0
2021-07-04,0,0,0,0,0
2021-07-05,0,0,0,0,0
2021-07-06,0,0,0,0,0
2021-07-07,0,0,0,0,0
2021-07-08,0,0,0,0,0
2021-07-09,0,0,0,0,0
2021-07-10,0,0,0,0,0
2021-07-11,0,0,0,0,0
2021-07-12,0,0,0,0,0
2021-07-13,0,0,0,0,0
2021-07-14,0,0,0,0,0
2021-07-15,0,0,0,0,0
2021-07-16,0,0,0,0,0
2021-07-17,0,0,0,0,0
2021-07-18,0,0,0,0,0
2021-07-19,0,0,0,0,0
2021-07-20,0,0,0,0,0
2021-07-21,0,0,0,0,0
2021-07-22,0,0,0,0,0
2021-07-23,0,0,0,0,0
2021-07-24,0,0,0,0,0
2021-07-25,0,0,0,0,0
2021-07-26,0,0,0,0,0
2021-07-27,0,0,0,0,0
2021-07-28,0,0,0,0,0
2021-07-29,0,0,0,0,0
2021-07-30,0,0,0,0,0
2021-07-31,0,0,0,0,0
2021-08-01,0,0,0,0,0
2021-08-02,0,0,0,0,0
2021-08-03,0,0,0,0,0
2021-08-04,0,0,0,0,0
2021-08-05,0,0,0,0,0
2021-08-06,0,0,0,0,0
2021-08-07,0,0,0,0,0
2021-08-08,0,0,0,0,0
2021-08-09,0,0,0,0,0
2021-08-10,0,0,0,0,0
2021-08-11,0,0,0,0,0
2021-08-12,0,0,0,0,0
2021-08-13,0,0,0,0,0
2021-08-14,0,0,0,0,0
2021-08-15,0,0,0,0,0
2021-08-16,0,0,0,0,0
2021-08-17,0,0,0,0,0
2021-08-18,0,0,0,0,0
2021-08-19,0,0,0,0,0
2021-08-20,0,0,0,0,0
2021-08-21,0,0,0,0,0
2021-08-22,0,0,0,0,0
2021-08-23,0,0,0,0,0
2021-08-24,0,0,0,0,0
2021-08-25,0,0,0,0,0
2021-08-26,0,0,0,0,0
2021-08-27,0,0,0,0,0
2021-08-28,0,0,0,0,0
2021-08-29,0,0,0,0,0
2021-08-30,0,0,0,0,0
2021-08-31,0,0,0,0,0
2021-09-01,0,0,0,0,0
2021-09-02,0,0,0,0,0
2021-09-03,0,0,0,0,0
2021-09-04,0,0,0,0,0
2021-09-05,0,0,0,0,0
2021-09-06,0,0,0,0,0
2021-09-07,0,0,0,0,0
2021-09-08,0,0,0,0,0
2021-09-09,0,0,0,0,0
2021-09-10,0,0,0,0,0
2021-09-11,0,0,0,0,0
2021-09-12,0,0,0,0,0
2021-09-13,0,0,0,0,0
2021-09-14,0,0,0,0,0
2021-09-15,0,0,0,0,0
2021-09-16,0,0,0,0,0
2021-09-17,0,0,0,0,0
2021-09-18,0,0,0,0,0
2021-09-19,0,0,0,0,0
2021-09-20,0,0,0,0,0
2021-09-21,0,0,0,0,0
2021-09-22,0,0,0,0,0
2021-09-23,0,0,0,0,0
2021-09-24,0,0,0,0,0
2021-09-25,0,0,0,0,0
2021-09-26,0,0,0,0,0
2021-09-27,0,0,0,0,0
2021-09-28,0,0,0,0,0
2021-09-29,0,0,0,0,0
2021-09-30,0,0,0,0,0
2021-10-01,0,0,0,0,0
2021-10-02,0,0,0,0,0
2021-10-03,0,0,0,0,0
2021-10-04,0,0,0,0,0
2021-10-05,0,0,0,0,0
2021-10-06,0,0,0,0,0
2021-10-07,0,0,0,0,0
2021-10-08,0,0,0,0,0
2021-10-09,0,0,0,0,0
2021-10-10,0,0,0,0,0
2021-10-11,0,0,0,0,0
2021-10-12,0,0,0,0,0
2021-10-13,0,0,0,0,0
2021-10-14,0,0,0,0,0
2021-10-15,0,0,0,0,0
2021-10-16,0,0,0,0,0
2021-10-17,0,0,0,0,0
2021-10-18,0,0,0,0,0
2021-10-19,0,0,0,0,0
2021-10-20,0,0,0,0,0
2021-10-21,0,0,0,0,0
2021-10-22,0,0,0,0,0
2021-10-23,0,0,0,0,0
2021-10-24,0,0,0,0,0
2021-10-25,0,0,0,0,0
2021-10-26,0,0,0,0,0
2021-10-27,0,0,0,0,0
2021-10-28,0,0,0,0,0
2021-10-29,0,0,0,0,0
2021-10-30,0,0,0,0,0
2021-10-31,0,0,0,0,0
2021-11-01,0,0,0,0,0
2021-11-02,0,0,0,0,0
2021-11-03,0,0,0,0,0
2021-11-04,0,0,0,0,0
2021-11-05,0,0,0,0,0
2021-11-06,0,0,0,0,0
2021-11-07,0,0,0,0,0
2021-11-08,0,0,0,0,0
2021-11-09,0,0,0,0,0
2021-11-10,0,0,0,0,0
2021-11-11,0,0,0,0,0
2021-11-12,0,0,0,0,0
2021-11-13,0,0,0,0,0
2021-11-14,0,0,0,0,0
2021-11-15,0,0,0,0,0
2021-11-16,0,0,0,0,0
2021-11-17,0,0,0,0,0
2021-11-18,0,0,0,0,0
2021-11-19,0,0,0,0,0
2021-11-20,0,0,0,0,0
2021-11-21,0,0,0,0,0
2021-11-22,0,0,0,0,0
2021-11-23,0,0,0,0,0
2021-11-24,0,0,0,0,0
2021-11-25,0,0,0,0,0
2021-11-26,0,0,0,0,0
2021-11-27,0,0,0,0,0
2021-11-28,0,0,0,0,0
2021-11-29,0,0,0,0,0
2021-11-30,0,0,0,0,0
2021-12-01,0,0,0,0,0
2021-12-02,0,0,0,0,0
2021-12-03,0,0,0,0,0
2021-12-04,0,0,0,0,0
2021-12-05,0,0,0,0,0
2021-12-06,0,0,0,0,0
2021-12-07,0,0,0,0,0
2021-12-08,0,0,0,0,0
2021-12-09,0,0,0,0,0
2021-12-10,0,0,0,0,0
2021-12-11,0,0,0,0,0
2021-12-12,0,0,0,0,0
2021-12-13,0,0,0,0,0
2021-12-14,0,0,0,0,0
2021-12-15,0,0,0,0,0
2021-12-16,0,0,0,0,0
2021-12-17,0,0,0,0,0
2021-12-18,0,0,0,0,0
2021-12-19,0,0,0,0,0
2021-12-20,0,0,0,0,0
2021-12-21,0,0,0,0,0
2021-12-22,0,0,0,0,0
2021-12-23,0,0,0,0,0
2021-12-24,0,0,0,0,0
2021-12-25,0,0,0,0,0
2021-12-26,0,0,0,0,0
2021-12-27,0,0,0,0,0
2021-12-28,0,0,0,0,0
2021-12-29,0,0,0,0,0
2021-12-30,0,0,0,0,0
2021-12-31,0,0,0,0,0
2022-01-01,0,0,0,0,0
2022-01-02,0,0,0,0,0
2022-01-03,0,0,0,0,0
2022-01-04,0,0,0,0,0
2022-01-05,0,0,0,0,0
2022-01-06,0,0,0,0,0
2022-01-07,0,0,0,0,0
2022-01-08,0,0,0,0,0
2022-01-09,0,0,0,0,0
2022-01-10,0,0,0,0,0
2022-01-11,0,0,0,0,0
2022-01-12,0,0,0,0,0
2022-01-13,0,0,0,0,0
2022-01-14,0,0,0,0,0
2022-01-15,0,0,0,0,0
2022-01-16,0,0,0,0,0
2022-01-17,0,0,0,0,0
2022-01-18,0,0,0,0,0
2022-01-19,0,0,0,0,0
2022-01-20,0,0,0,0,0
2022-01-21,0,0,0,0,0
2022-01-22,0,0,0,0,0
2022-01-23,0,0,0,0,0
2022-01-24,0,0,0,0,0
2022-01-25,0,0,0,0,0
2022-01-26,0,0,0,0,0
2022-01-27,0,0,0,0,0
2022-01-28,0,0,0,0,0
2022-01-29,0,0,0,0,0
2022-01-30,0,0,0,0,0
2022-01-31,0,0,0,0,0
2022-02-01,0,0,0,0,0
2022-02-02,0,0,0,0,0
2022-02-03,0,0,0,0,0
2022-02-04,0,0,0,0,0
2022-02-05,0,0,0,0,0
2022-02-06,0,0,0,0,0
2022-02-07,0,0,0,0,0
2022-02-08,0,0,0,0,0
2022-02-09,0,0,0,0,0
2022-02-10,0,0,0,0,0
2022-02-11,0,0,0,0,0
2022-02-12,0,0,0,0,0
2022-02-13,0,0,0,0,0
2022-02-14,0,0,0,0,0
2022-02-15,0,0,0,0,0
2022-02-16,0,0,0,0,0
2022-02-17,0,0,0,0,0
2022-02-18,0,0,0,0,0
2022-02-19,0,0,0,0,0
2022-02-20,0,0,0,0,0
2022-02-21,0,0,0,0,0
2022-02-22,0,0,0,0,0
2022-02-23,0,0,0,0,0
2022-02-24,0,0,0,0,0
2022-02-25,0,0,0,0,0
2022-02-26,0,0,0,0,0
2022-02-27,0,0,0,0,0
2022-02-28,0,0,0,0,0
2022-03-01,0,0,0,0,0
2022-03-02,0,0,0,0,0
2022-03-03,0,0,0,0,0
2022-03-04,0,0,0,0,0
2022-03-05,0,0,0,0,0
2022-03-06,0,0,0,0,0
2022-03-07,0,0,0,0,0
2022-03-08,0,0,0,0,0
2022-03-09,0,0,0,0,0
2022-03-10,0,0,0,0,0
2022-03-11,0,0,0,0,0
2022-03-12,0,0,0,0,0
2022-03-13,0,0,0,0,0
2022-03-14,0,0,0,0,0
2022-03-15,0,0,0,0,0
2022-03-16,0,0,0,0,0
2022-03-17,0,0,0,0,0
2022-03-18,0,0,0,0,0
2022-03-19,0,0,0,0,0
2022-03-20,0,0,0,0,0
2022-03-21,0,0,0,0,0
2022-03-22,0,0,0,0,0
2022-03-23,0,0,0,0,0
2022-03-24,0,0,0,0,0
2022-03-25,0,0,0,0,0
2022-03-26,0,0,0,0,0
2022-03-27,0,0,0,0,0
2022-03-28,0,0,0,0,0
2022-03-29,0,0,0,0,0
2022-03-30,0,0,0,0,0
2022-03-31,0,0,0,0,0
2022-04-01,0,0,0,0,0
2022-04-02,0,0,0,0,0
2022-04-03,0,0,0,0,0
2022-04-04,0,0,0,0,0
2022-04-05,0,0,0,0,0
2022-04-06,0,0,0,0,0
2022-04-07,0,0,0,0,0
2022-04-08,0,0,0,0,0
2022-04-09,0,0,0,0,0
2022-04-10,0,0,0,0,0
2022-04-11,0,0,0,0,0
2022-04-12,0,0,0,0,0
2022-04-13,0,0,0,0,0
2022-04-14,0,0,0,0,0
2022-04-15,0,0,0,0,0
2022-04-16,0,0,0,0,0
2022-04-17,0,0,0,0,0
2022-04-18,0,0,0,0,0
2022-04-19,0,0,0,0,0
2022-04-20,0,0,0,0,0
2022-04-21,0,0,0,0,0
2022-04-22,0,0,0,0,0
2022-04-23,0,0,0,0,0
2022-04-24,0,0,0,0,0
2022-04-25,0,0,0,0,0
2022-04-26,0,0,0,0,0
2022-04-27,0,0,0,0,0
2022-04-28,0,0,0,0,0
2022-04-29,0,0,0,0,0
2022-04-30,0,0,0,0,0
2022-05-01,0,0,0,0,0
2022-05-02,0,0,0,0,0
2022-05-03,0,0,0,0,0
2022-05-04,0,0,0,0,0
2022-05-05,0,0,0,0,0
2022-05-06,0,0,0,0,0
2022-05-07,0,0,0,0,0
2022-05-08,0,0,0,0,0
2022-05-09,0,0,0,0,0
2022-05-10,0,0,0,0,0
2022-05-11,0,0,0,0,0
2022-05-12,0,0,0,0,0
2022-05-13,0,0,0,0,0
2022-05-14,0,0,0,0,0
2022-05-15,0,0,0,0,0
2022-05-16,0,0,0,0,0
2022-05-17,0,0,0,0,0
2022-05-18,0,0,0,0,0
2022-05-19,0,0,0,0,0
2022-05-20,0,0,0,0,0
2022-05-21,0,0,0,0,0
2022-05-22,0,0,0,0,0
2022-05-23,0,0,0,0,0
2022-05-24,0,0,0,0,0
2022-05-25,0,0,0,0,0
2022-05-26,0,0,0,0,0
2022-05-27,0,0,0,0,0
2022-05-28,0,0,0,0,0
2022-05-29,0,0,0,0,0
2022-05-30,0,0,0,0,0
2022-05-31,0,0,0,0,0
2022-06-01,0,0,0,0,0
2022-06-02,0,0,0,0,0
2022-06-03,0,0,0,0,0
2022-06-04,0,0,0,0,0
2022-06-05,0,0,0,0,0
2022-06-06,0,0,0,0,0
2022-06-07,0,0,0,0,0
2022-06-08,0,0,0,0,0
2022-06-09,0,0,0,0,0
2022-06-10,0,0,0,0,0
2022-06-11,0,0,0,0,0
2022-06-12,0,0,0,0,0
2022-06-13,0,0,0,0,0
2022-06-14,0,0,0,0,0
2022-06-15,0,0,0,0,0
2022-06-16,0,0,0,0,0
2022-06-17,0,0,0,0,0
2022-06-18,0,0,0,0,0
2022-06-19,0,0,0,0,0
2022-06-20,0,0,0,0,0
2022-06-21,0,0,0,0,0
2022-06-22,0,0,0,0,0
2022-06-23,0,0,0,0,0
2022-06-24,0,0,0,0,0
2022-06-25,0,0,0,0,0
2022-06-26,0,0,0,0,0
2022-06-27,0,0,0,0,0
2022-06-28,0,0,0,0,0
2022-06-29,0,0,0,0,0
2022-06-30,0,0,0,0,0
2022-07-01,0,0,0,0,0
2022-07-02,0,0,0,0,0
2022-07-03,0,0,0,0,0
2022-07-04,0,0,0,0,0
2022-07-05,0,0,0,0,0
2022-07-06,0,0,0,0,0
2022-07-07,0,0,0,0,0
2022-07-08,0,0,0,0,0
2022-07-09,0,0,0,0,0
2022-07-10,0,0,0,0,0
2022-07-11,0,0,0,0,0
2022-07-12,0,0,0,0,0
2022-07-13,0,0,0,0,0
2022-07-14,0,0,0,0,0
2022-07-15,0,0,0,0,0
2022-07-16,0,0,0,0,0
2022-07-17,0,0,0,0,0
2022-07-18,0,0,0,0,0
2022-07-19,0,0,0,0,0
2022-07-20,0,0,0,0,0
2022-07-21,0,0,0,0,0
2022-07-22,0,0,0,0,0
2022-07-23,0,0,0,0,0
2022-07-24,0,0,0,0,0
2022-07-25,0,0,0,0,0
2022-07-26,0,0,0,0,0
2022-07-27,0,0,0,0,0
2022-07-28,0,0,0,0,0
2022-07-29,0,0,0,0,0
2022-07-30,0,0,0,0,0
2022-07-31,0,0,0,0,0
2022-08-01,0,0,0,0,0
2022-08-02,0,0,0,0,0
2022-08-03,0,0,0,0,0
2022-08-04,0,0,0,0,0
2022-08-05,0,0,0,0,0
2022-08-06,0,0,0,0,0
2022-08-07,0,0,0,0,0
2022-08-08,0,0,0,0,0
2022-08-09,0,0,0,0,0
2022-08-10,0,0,0,0,0
2022-08-11,0,0,0,0,0
2022-08-12,0,0,0,0,0
2022-08-13,0,0,0,0,0
2022-08-14,0,0,0,0,0
2022-08-15,0,0,0,0,0
2022-08-16,0,0,0,0,0
2022-08-17,0,0,0,0,0
2022-08-18,0,0,0,0,0
2022-08-19,0,0,0,0,0
2022-08-20,0,0,0,0,0
2022-08-21,0,0,0,0,0
2022-08-22,0,0,0,0,0
2022-08-23,0,0,0,0,0
2022-08-24,0,0,0,0,0
2022-08-25,0,0,0,0,0
2022-08-26,0,0,0,0,0
2022-08-27,0,0,0,0,0
2022-08-28,0,0,0,0,0
2022-08-29,0,0,0,0,0
2022-08-30,0,0,0,0,0
2022-08-31,0,0,0,0,0
2022-09-01,0,0,0,0,0
2022-09-02,0,0,0,0,0
2022-09-03,0,0,0,0,0
2022-09-04,0,0,0,0,0
2022-09-05,0,0,0,0,0
2022-09-06,0,0,0,0,0
2022-09-07,0,0,0,0,0
2022-09-08,0,0,0,0,0
2022-09-09,0,0,0,0,0
2022-09-10,0,0,0,0,0
2022-09-11,0,0,0,0,0
2022-09-12,0,0,0,0,0
2022-09-13,0,0,0,0,0
2022-09-14,0,0,0,0,0
2022-09-15,0,0,0,0,0
2022-09-16,0,0,0,0,0
2022-09-17,0,0,0,0,0
2022-09-18,0,0,0,0,0
2022-09-19,0,0,0,0,0
2022-09-20,0,0,0,0,0
2022-09-21,0,0,0,0,0
2022-09-22,0,0,0,0,0
2022-09-23,0,0,0,0,0
2022-09-24,0,0,0,0,0
2022-09-25,0,0,0,0,0
2022-09-26,0,0,0,0,0
2022-09-27,0,0,0,0,0
2022-09-28,0,0,0,0,0
2022-09-29,0,0,0,0,0
2022-09-30,0,0,0,0,0
2022-10-01,0,0,0,0,0
2022-10-02,0,0,0,0,0
2022-10-03,0,0,0,0,0
2022-10-04,0,0,0,0,0
2022-10-05,0,0,0,0,0
2022-10-06,0,0,0,0,0
2022-10-07,0,0,0,0,0
2022-10-08,0,0,0,0,0
2022-10-09,0,0,0,0,0
2022-10-10,0,0,0,0,0
2022-10-11,0,0,0,0,0
2022-10-12,0,0,0,0,0
2022-10-13,0,0,0,0,0
2022-10-14,0,0,0,0,0
2022-10-15,0,0,0,0,0
2022-10-16,0,0,0,0,0
2022-10-17,0,0,0,0,0
2022-10-18,0,0,0,0,0
2022-10-19,0,0,0,0,0
2022-10-20,0,0,0,0,0
2022-10-21,0,0,0,0,0
2022-10-22,0,0,0,0,0
2022-10-23,0,0,0,0,0
2022-10-24,0,0,0,0,0
2022-10-25,0,0,0,0,0
2022-10-26,0,0,0,0,0
2022-10-27,0,0,0,0,0
2022-10-28,0,0,0,0,0
2022-10-29,0,0,0,0,0
2022-10-30,0,0,0,0,0
2022-10-31,0,0,0,0,0
2022-11-01,0,0,0,0,0
2022-11-02,0,0,0,0,0
2022-11-03,0,0,0,0,0
2022-11-04,0,0,0,0,0
2022-11-05,0,0,0,0,0
2022-11-06,0,0,0,0,0
2022-11-07,0,0,0,0,0
2022-11-08,0,0,0,0,0
2022-11-09,0,0,0,0,0
2022-11-10,0,0,0,0,0
2022-11-11,0,0,0,0,0
2022-11-12,0,0,0,0,0
2022-11-13,0,0,0,0,0
2022-11-14,0,0,0,0,0
2022-11-15,0,0,0,0,0
2022-11-16,0,0,0,0,0
2022-11-17,0,0,0,0,0
2022-11-18,0,0,0,0,0
2022-11-19,0,0,0,0,0
2022-11-20,0,0,0,0,0
2022-11-21,0,0,0,0,0
2022-11-22,0,0,0,0,0
2022-11-23,0,0,0,0,0
2022-11-24,0,0,0,0,0
2022-11-25,0,0,0,0,0
2022-11-26,0,0,0,0,0
2022-11-27,0,0,0,0,0
2022-11-28,0,0,0,0,0
2022-11-29,0,0,0,0,0
2022-11-30,0,0,0,0,0
2022-12-01,0,0,0,0,0
2022-12-02,0,0,0,0,0
2022-12-03,0,0,0,0,0
2022-12-04,0,0,0,0,0
2022-12-05,0,0,0,0,0
2022-12-06,0,0,0,0,0
2022-12-07,0,0,0,0,0
2022-12-08,0,0,0,0,0
2022-12-09,0,0,0,0,0
2022-12-10,0,0,0,0,0
2022-12-11,0,0,0,0,0
2022-12-12,0,0,0,0,0
2022-12-13,0,0,0,0,0
2022-12-14,0,0,0,0,0
2022-12-15,0,0,0,0,0
2022-12-16,0,0,0,0,0
2022-12-17,0,0,0,0,0
2022-12-18,0,0,0,0,0
2022-12-19,0,0,0,0,0
2022-12-20,0,0,0,0,0
2022-12-21,0,0,0,0,0
2022-12-22,0,0,0,0,0
2022-12-23,0,0,0,0,0
2022-12-24,0,0,0,0,0
2022-12-25,0,0,0,0,0
2022-12-26,0,0,0,0,0
2022-12-27,0,0,0,0,0
2022-12-28,0,0,0,0,0
2022-12-29,0,0,0,0,0
2022-12-30,0,0,0,0,0
2022-12-31,0,0,0,0,0
2023-01-01,0,0,0,0,0
2023-01-02,0,0,0,0,0
2023-01-03,0,0,0,0,0
2023-01-04,0,0,0,0,0
2023-01-05,0,0,0,0,0
2023-01-06,0,0,0,0,0
2023-01-07,0,0,0,0,0
2023-01-08,0,0,0,0,0
2023-01-09,27397260.27,11148738206,0,11176135466,11176135466
2023-01-10,27397260.27,0,0,27397260.27,11203532726
2023-01-11,27397260.27,0,0,27397260.27,11230929987
2023-01-12,27397260.27,0,0,27397260.27,11258327247
2023-01-13,27397260.27,0,0,27397260.27,11285724507
2023-01-14,27397260.27,0,0,27397260.27,11313121767
2023-01-15,27397260.27,0,0,27397260.27,11340519028
2023-01-16,27397260.27,0,0,27397260.27,11367916288
2023-01-17,27397260.27,0,0,27397260.27,11395313548
2023-01-18,27397260.27,0,0,27397260.27,11422710809
2023-01-19,27397260.27,0,0,27397260.27,11450108069
2023-01-20,27397260.27,0,0,27397260.27,11477505329
2023-01-21,27397260.27,0,0,27397260.27,11504902589
2023-01-22,27397260.27,0,0,27397260.27,11532299850
2023-01-23,27397260.27,0,0,27397260.27,11559697110
2023-01-24,27397260.27,0,0,27397260.27,11587094370
2023-01-25,27397260.27,0,0,27397260.27,11614491630
2023-01-26,27397260.27,0,0,27397260.27,11641888891
2023-01-27,27397260.27,0,0,27397260.27,11669286151
2023-01-28,27397260.27,0,0,27397260.27,11696683411
2023-01-29,27397260.27,0,0,27397260.27,11724080672
2023-01-30,27397260.27,0,0,27397260.27,11751477932
2023-01-31,27397260.27,0,0,27397260.27,11778875192
2023-02-01,27397260.27,0,0,27397260.27,11806272452
2023-02-02,27397260.27,0,0,27397260.27,11833669713
2023-02-03,27397260.27,0,0,27397260.27,11861066973
2023-02-04,27397260.27,0,0,27397260.27,11888464233
2023-02-05,27397260.27,0,0,27397260.27,11915861493
2023-02-06,27397260.27,0,0,27397260.27,11943258754
2023-02-07,27397260.27,0,0,27397260.27,11970656014
2023-02-08,27397260.27,0,0,27397260.27,11998053274
2023-02-09,27397260.27,1761500637,0,1788897897,13786951171
2023-02-10,27397260.27,0,0,27397260.27,13814348431
2023-02-11,27397260.27,0,0,27397260.27,13841745692
2023-02-12,27397260.27,0,0,27397260.27,13869142952
2023-02-13,27397260.27,0,0,27397260.27,13896540212
2023-02-14,27397260.27,0,0,27397260.27,13923937472
2023-02-15,27397260.27,0,0,27397260.27,13951334733
2023-02-16,27397260.27,0,0,27397260.27,13978731993
2023-02-17,27397260.27,0,0,27397260.27,14006129253
2023-02-18,27397260.27,0,0,27397260.27,14033526514
2023-02-19,27397260.27,0,0,27397260.27,14060923774
2023-02-20,27397260.27,0,0,27397260.27,14088321034
2023-02-21,27397260.27,0,0,27397260.27,14115718294
2023-02-22,27397260.27,0,0,27397260.27,14143115555
2023-02-23,27397260.27,0,0,27397260.27,14170512815
2023-02-24,27397260.27,0,0,27397260.27,14197910075
2023-02-25,27397260.27,0,0,27397260.27,14225307335
2023-02-26,27397260.27,0,0,27397260.27,14252704596
2023-02-27,27397260.27,0,0,27397260.27,14280101856
2023-02-28,27397260.27,0,0,27397260.27,14307499116
2023-03-01,27397260.27,0,0,27397260.27,14334896377
2023-03-02,27397260.27,0,0,27397260.27,14362293637
2023-03-03,27397260.27,0,0,27397260.27,14389690897
2023-03-04,27397260.27,0,0,27397260.27,14417088157
2023-03-05,27397260.27,0,0,27397260.27,14444485418
2023-03-06,27397260.27,0,0,27397260.27,14471882678
2023-03-07,27397260.27,0,0,27397260.27,14499279938
2023-03-08,27397260.27,0,0,27397260.27,14526677198
2023-03-09,27397260.27,1761500637,0,1788897897,16315575095
2023-03-10,27397260.27,0,0,27397260.27,16342972356
2023-03-11,27397260.27,0,0,27397260.27,16370369616
2023-03-12,27397260.27,0,0,27397260.27,16397766876
2023-03-13,27397260.27,0,0,27397260.27,16425164136
2023-03-14,27397260.27,0,0,27397260.27,16452561397
2023-03-15,27397260.27,0,0,27397260.27,16479958657
2023-03-16,27397260.27,0,0,27397260.27,16507355917
2023-03-17,27397260.27,0,0,27397260.27,16534753177
2023-03-18,27397260.27,0,0,27397260.27,16562150438
2023-03-19,27397260.27,0,0,27397260.27,16589547698
2023-03-20,27397260.27,0,0,27397260.27,16616944958
2023-03-21,27397260.27,0,0,27397260.27,16644342219
2023-03-22,27397260.27,0,0,27397260.27,16671739479
2023-03-23,27397260.27,0,0,27397260.27,16699136739
2023-03-24,27397260.27,0,0,27397260.27,16726533999
2023-03-25,27397260.27,0,0,27397260.27,16753931260
2023-03-26,27397260.27,0,0,27397260.27,16781328520
2023-03-27,27397260.27,0,0,27397260.27,16808725780
2023-03-28,27397260.27,0,0,27397260.27,16836123040
2023-03-29,27397260.27,0,0,27397260.27,16863520301
2023-03-30,27397260.27,0,0,27397260.27,16890917561
2023-03-31,27397260.27,0,0,27397260.27,16918314821
2023-04-01,27397260.27,0,0,27397260.27,16945712082
2023-04-02,27397260.27,0,0,27397260.27,16973109342
2023-04-03,27397260.27,0,0,27397260.27,17000506602
2023-04-04,27397260.27,0,0,27397260.27,17027903862
2023-04-05,27397260.27,0,0,27397260.27,17055301123
2023-04-06,27397260.27,0,0,27397260.27,17082698383
2023-04-07,27397260.27,0,0,27397260.27,17110095643
2023-04-08,27397260.27,0,0,27397260.27,17137492903
2023-04-09,27397260.27,1761500637,0,1788897897,18926390800
2023-04-10,27397260.27,0,0,27397260.27,18953788061
2023-04-11,27397260.27,0,0,27397260.27,18981185321
2023-04-12,27397260.27,0,0,27397260.27,19008582581
2023-04-13,27397260.27,0,0,27397260.27,19035979841
2023-04-14,27397260.27,0,0,27397260.27,19063377102
2023-04-15,27397260.27,0,0,27397260.27,19090774362
2023-04-16,27397260.27,0,0,27397260.27,19118171622
2023-04-17,27397260.27,0,0,27397260.27,19145568882
2023-04-18,27397260.27,0,0,27397260.27,19172966143
2023-04-19,27397260.27,0,0,27397260.27,19200363403
2023-04-20,27397260.27,0,0,27397260.27,19227760663
2023-04-21,27397260.27,0,0,27397260.27,19255157924
2023-04-22,27397260.27,0,0,27397260.27,19282555184
2023-04-23,27397260.27,0,0,27397260.27,19309952444
2023-04-24,27397260.27,0,0,27397260.27,19337349704
2023-04-25,27397260.27,0,0,27397260.27,19364746965
2023-04-26,27397260.27,0,0,27397260.27,19392144225
2023-04-27,27397260.27,0,0,27397260.27,19419541485
2023-04-28,27397260.27,0,0,27397260.27,19446938745
2023-04-29,27397260.27,0,0,27397260.27,19474336006
2023-04-30,27397260.27,0,0,27397260.27,19501733266
2023-05-01,27397260.27,0,0,27397260.27,19529130526
2023-05-02,27397260.27,0,0,27397260.27,19556527787
2023-05-03,27397260.27,0,0,27397260.27,19583925047
2023-05-04,27397260.27,0,0,27397260.27,19611322307
2023-05-05,27397260.27,0,0,27397260.27,19638719567
2023-05-06,27397260.27,0,0,27397260.27,19666116828
2023-05-07,27397260.27,0,0,27397260.27,19693514088
2023-05-08,27397260.27,0,0,27397260.27,19720911348
2023-05-09,27397260.27,1761500637,0,1788897897,21509809245
2023-05-10,27397260.27,0,0,27397260.27,21537206505
2023-05-11,27397260.27,0,0,27397260.27,21564603766
2023-05-12,27397260.27,0,0,27397260.27,21592001026
2023-05-13,27397260.27,0,0,27397260.27,21619398286
2023-05-14,27397260.27,0,0,27397260.27,21646795546
2023-05-15,27397260.27,0,0,27397260.27,21674192807
2023-05-16,27397260.27,0,0,27397260.27,21701590067
2023-05-17,27397260.27,0,0,27397260.27,21728987327
2023-05-18,27397260.27,0,0,27397260.27,21756384587
2023-05-19,27397260.27,0,0,27397260.27,21783781848
2023-05-20,27397260.27,0,0,27397260.27,21811179108
2023-05-21,27397260.27,0,0,27397260.27,21838576368
2023-05-22,27397260.27,0,0,27397260.27,21865973629
2023-05-23,27397260.27,0,0,27397260.27,21893370889
2023-05-24,27397260.27,0,0,27397260.27,21920768149
2023-05-25,27397260.27,0,0,27397260.27,21948165409
2023-05-26,27397260.27,0,0,27397260.27,21975562670
2023-05-27,27397260.27,0,0,27397260.27,22002959930
2023-05-28,27397260.27,0,0,27397260.27,22030357190
2023-05-29,27397260.27,0,0,27397260.27,22057754450
2023-05-30,27397260.27,0,0,27397260.27,22085151711
2023-05-31,27397260.27,0,0,27397260.27,22112548971
2023-06-01,27397260.27,0,0,27397260.27,22139946231
2023-06-02,27397260.27,0,0,27397260.27,22167343492
2023-06-03,27397260.27,0,0,27397260.27,22194740752
2023-06-04,27397260.27,0,0,27397260.27,22222138012
2023-06-05,27397260.27,0,0,27397260.27,22249535272
2023-06-06,27397260.27,0,0,27397260.27,22276932533
2023-06-07,27397260.27,0,0,27397260.27,22304329793
2023-06-08,27397260.27,0,0,27397260.27,22331727053
2023-06-09,27397260.27,1761500637,0,1788897897,24120624950
2023-06-10,27397260.27,0,0,27397260.27,24148022210
2023-06-11,27397260.27,0,0,27397260.27,24175419471
2023-06-12,27397260.27,0,0,27397260.27,24202816731
2023-06-13,27397260.27,0,0,27397260.27,24230213991
2023-06-14,27397260.27,0,0,27397260.27,24257611251
2023-06-15,27397260.27,0,0,27397260.27,24285008512
2023-06-16,27397260.27,0,0,27397260.27,24312405772
2023-06-17,27397260.27,0,0,27397260.27,24339803032
2023-06-18,27397260.27,0,0,27397260.27,24367200292
2023-06-19,27397260.27,0,0,27397260.27,24394597553
2023-06-20,27397260.27,0,0,27397260.27,24421994813
2023-06-21,27397260.27,0,0,27397260.27,24449392073
2023-06-22,27397260.27,0,0,27397260.27,24476789334
2023-06-23,27397260.27,0,0,27397260.27,24504186594
2023-06-24,27397260.27,0,0,27397260.27,24531583854
2023-06-25,27397260.27,0,0,27397260.27,24558981114
2023-06-26,27397260.27,0,0,27397260.27,24586378375
2023-06-27,27397260.27,0,0,27397260.27,24613775635
2023-06-28,27397260.27,0,0,27397260.27,24641172895
2023-06-29,27397260.27,0,0,27397260.27,24668570156
2023-06-30,27397260.27,0,0,27397260.27,24695967416
2023-07-01,27397260.27,0,0,27397260.27,24723364676
2023-07-02,27397260.27,0,0,27397260.27,24750761936
2023-07-03,27397260.27,0,0,27397260.27,24778159197
2023-07-04,27397260.27,0,0,27397260.27,24805556457
2023-07-05,27397260.27,0,0,27397260.27,24832953717
2023-07-06,27397260.27,0,0,27397260.27,24860350977
2023-07-07,27397260.27,0,0,27397260.27,24887748238
2023-07-08,27397260.27,0,0,27397260.27,24915145498
2023-07-09,27397260.27,1761500637,0,1788897897,26704043395
2023-07-10,27397260.27,0,0,27397260.27,26731440655
2023-07-11,27397260.27,0,0,27397260.27,26758837915
2023-07-12,27397260.27,0,0,27397260.27,26786235176
2023-07-13,27397260.27,0,0,27397260.27,26813632436
2023-07-14,27397260.27,0,0,27397260.27,26841029696
2023-07-15,27397260.27,0,0,27397260.27,26868426956
2023-07-16,27397260.27,0,0,27397260.27,26895824217
2023-07-17,27397260.27,0,0,27397260.27,26923221477
2023-07-18,27397260.27,0,0,27397260.27,26950618737
2023-07-19,27397260.27,0,0,27397260.27,26978015998
2023-07-20,27397260.27,0,0,27397260.27,27005413258
2023-07-21,27397260.27,0,0,27397260.27,27032810518
2023-07-22,27397260.27,0,0,27397260.27,27060207778
2023-07-23,27397260.27,0,0,27397260.27,27087605039
2023-07-24,27397260.27,0,0,27397260.27,27115002299
2023-07-25,27397260.27,0,0,27397260.27,27142399559
2023-07-26,27397260.27,0,0,27397260.27,27169796819
2023-07-27,27397260.27,0,0,27397260.27,27197194080
2023-07-28,27397260.27,0,0,27397260.27,27224591340
2023-07-29,27397260.27,0,0,27397260.27,27251988600
2023-07-30,27397260.27,0,0,27397260.27,27279385861
2023-07-31,27397260.27,0,0,27397260.27,27306783121
2023-08-01,27397260.27,0,0,27397260.27,27334180381
2023-08-02,27397260.27,0,0,27397260.27,27361577641
2023-08-03,27397260.27,0,0,27397260.27,27388974902
2023-08-04,27397260.27,0,0,27397260.27,27416372162
2023-08-05,27397260.27,0,0,27397260.27,27443769422
2023-08-06,27397260.27,0,0,27397260.27,27471166682
2023-08-07,27397260.27,0,0,27397260.27,27498563943
2023-08-08,27397260.27,0,0,27397260.27,27525961203
2023-08-09,27397260.27,1761500637,0,1788897897,29314859100
2023-08-10,27397260.27,0,0,27397260.27,29342256360
2023-08-11,27397260.27,0,0,27397260.27,29369653620
2023-08-12,27397260.27,0,0,27397260.27,29397050881
2023-08-13,27397260.27,0,0,27397260.27,29424448141
2023-08-14,27397260.27,0,0,27397260.27,29451845401
2023-08-15,27397260.27,0,0,27397260.27,29479242661
2023-08-16,27397260.27,0,0,27397260.27,29506639922
2023-08-17,27397260.27,0,0,27397260.27,29534037182
2023-08-18,27397260.27,0,0,27397260.27,29561434442
2023-08-19,27397260.27,0,0,27397260.27,29588831703
2023-08-20,27397260.27,0,0,27397260.27,29616228963
2023-08-21,27397260.27,0,0,27397260.27,29643626223
2023-08-22,27397260.27,0,0,27397260.27,29671023483
2023-08-23,27397260.27,0,0,27397260.27,29698420744
2023-08-24,27397260.27,0,0,27397260.27,29725818004
2023-08-25,27397260.27,0,0,27397260.27,29753215264
2023-08-26,27397260.27,0,0,27397260.27,29780612524
2023-08-27,27397260.27,0,0,27397260.27,29808009785
2023-08-28,27397260.27,0,0,27397260.27,29835407045
2023-08-29,27397260.27,0,0,27397260.27,29862804305
2023-08-30,27397260.27,0,0,27397260.27,29890201566
2023-08-31,27397260.27,0,0,27397260.27,29917598826
2023-09-01,27397260.27,0,0,27397260.27,29944996086
2023-09-02,27397260.27,0,0,27397260.27,29972393346
2023-09-03,27397260.27,0,0,27397260.27,29999790607
2023-09-04,27397260.27,0,0,27397260.27,30027187867
2023-09-05,27397260.27,0,0,27397260.27,30054585127
2023-09-06,27397260.27,0,0,27397260.27,30081982387
2023-09-07,27397260.27,0,0,27397260.27,30109379648
2023-09-08,27397260.27,0,0,27397260.27,30136776908
2023-09-09,27397260.27,1761500637,0,1788897897,31925674805
2023-09-10,27397260.27,0,0,27397260.27,31953072065
2023-09-11,27397260.27,0,0,27397260.27,31980469325
2023-09-12,27397260.27,0,0,27397260.27,32007866586
2023-09-13,27397260.27,0,0,27397260.27,32035263846
2023-09-14,27397260.27,0,0,27397260.27,32062661106
2023-09-15,27397260.27,0,0,27397260.27,32090058366
2023-09-16,27397260.27,0,0,27397260.27,32117455627
2023-09-17,27397260.27,0,0,27397260.27,32144852887
2023-09-18,27397260.27,0,0,27397260.27,32172250147
2023-09-19,27397260.27,0,0,27397260.27,32199647408
2023-09-20,27397260.27,0,0,27397260.27,32227044668
2023-09-21,27397260.27,0,0,27397260.27,32254441928
2023-09-22,27397260.27,0,0,27397260.27,32281839188
2023-09-23,27397260.27,0,0,27397260.27,32309236449
2023-09-24,27397260.27,0,0,27397260.27,32336633709
2023-09-25,27397260.27,0,0,27397260.27,32364030969
2023-09-26,27397260.27,0,0,27397260.27,32391428229
2023-09-27,27397260.27,0,0,27397260.27,32418825490
2023-09-28,27397260.27,0,0,27397260.27,32446222750
2023-09-29,27397260.27,0,0,27397260.27,32473620010
2023-09-30,27397260.27,0,0,27397260.27,32501017271
2023-10-01,27397260.27,0,0,27397260.27,32528414531
2023-10-02,27397260.27,0,0,27397260.27,32555811791
2023-10-03,27397260.27,0,0,27397260.27,32583209051
2023-10-04,27397260.27,0,0,27397260.27,32610606312
2023-10-05,27397260.27,0,0,27397260.27,32638003572
2023-10-06,27397260.27,0,0,27397260.27,32665400832
2023-10-07,27397260.27,0,0,27397260.27,32692798092
2023-10-08,27397260.27,0,0,27397260.27,32720195353
2023-10-09,27397260.27,1761500637,0,1788897897,34509093250
2023-10-10,27397260.27,0,0,27397260.27,34536490510
2023-10-11,27397260.27,0,0,27397260.27,34563887770
2023-10-12,27397260.27,0,0,27397260.27,34591285030
2023-10-13,27397260.27,0,0,27397260.27,34618682291
2023-10-14,27397260.27,0,0,27397260.27,34646079551
2023-10-15,27397260.27,0,0,27397260.27,34673476811
2023-10-16,27397260.27,0,0,27397260.27,34700874071
2023-10-17,27397260.27,0,0,27397260.27,34728271332
2023-10-18,27397260.27,0,0,27397260.27,34755668592
2023-10-19,27397260.27,0,0,27397260.27,34783065852
2023-10-20,27397260.27,0,0,27397260.27,34810463113
2023-10-21,27397260.27,0,0,27397260.27,34837860373
2023-10-22,27397260.27,0,0,27397260.27,34865257633
2023-10-23,27397260.27,0,198000000,-170602739.7,34694654893
2023-10-24,27397260.27,0,0,27397260.27,34722052154
2023-10-25,27397260.27,0,0,27397260.27,34749449414
2023-10-26,27397260.27,0,0,27397260.27,34776846674
2023-10-27,27397260.27,0,0,27397260.27,34804243934
2023-10-28,27397260.27,0,0,27397260.27,34831641195
2023-10-29,27397260.27,0,0,27397260.27,34859038455
2023-10-30,27397260.27,0,0,27397260.27,34886435715
2023-10-31,27397260.27,0,0,27397260.27,34913832976
2023-11-01,27397260.27,0,0,27397260.27,34941230236
2023-11-02,27397260.27,0,0,27397260.27,34968627496
2023-11-03,27397260.27,0,0,27397260.27,34996024756
2023-11-04,27397260.27,0,0,27397260.27,35023422017
2023-11-05,27397260.27,0,0,27397260.27,35050819277
2023-11-06,27397260.27,0,0,27397260.27,35078216537
2023-11-07,27397260.27,0,0,27397260.27,35105613797
2023-11-08,27397260.27,0,0,27397260.27,35133011058
2023-11-09,27397260.27,1761500637,0,1788897897,36921908955
2023-11-10,27397260.27,0,0,27397260.27,36949306215
2023-11-11,27397260.27,0,66000000,-38602739.73,36910703475
2023-11-12,27397260.27,0,0,27397260.27,36938100735
2023-11-13,27397260.27,0,0,27397260.27,36965497996
2023-11-14,27397260.27,0,0,27397260.27,36992895256
2023-11-15,27397260.27,0,0,27397260.27,37020292516
2023-11-16,27397260.27,0,0,27397260.27,37047689776
2023-11-17,27397260.27,0,0,27397260.27,37075087037
2023-11-18,27397260.27,0,0,27397260.27,37102484297
2023-11-19,27397260.27,0,0,27397260.27,37129881557
2023-11-20,27397260.27,0,0,27397260.27,37157278818
2023-11-21,27397260.27,0,0,27397260.27,37184676078
2023-11-22,27397260.27,0,0,27397260.27,37212073338
2023-11-23,27397260.27,0,0,27397260.27,37239470598
2023-11-24,27397260.27,0,0,27397260.27,37266867859
2023-11-25,27397260.27,0,0,27397260.27,37294265119
2023-11-26,27397260.27,0,0,27397260.27,37321662379
2023-11-27,27397260.27,0,0,27397260.27,37349059639
2023-11-28,27397260.27,0,0,27397260.27,37376456900
2023-11-29,27397260.27,0,0,27397260.27,37403854160
2023-11-30,27397260.27,0,0,27397260.27,37431251420
2023-12-01,27397260.27,0,0,27397260.27,37458648681
2023-12-02,27397260.27,0,0,27397260.27,37486045941
2023-12-03,27397260.27,0,0,27397260.27,37513443201
2023-12-04,27397260.27,0,0,27397260.27,37540840461
2023-12-05,27397260.27,0,0,27397260.27,37568237722
2023-12-06,27397260.27,0,0,27397260.27,37595634982
2023-12-07,27397260.27,0,0,27397260.27,37623032242
2023-12-08,27397260.27,0,0,27397260.27,37650429502
2023-12-09,27397260.27,1761500637,0,1788897897,39439327399
2023-12-10,27397260.27,0,0,27397260.27,39466724660
2023-12-11,27397260.27,0,66000000,-38602739.73,39428121920
2023-12-12,27397260.27,0,0,27397260.27,39455519180
2023-12-13,27397260.27,0,0,27397260.27,39482916440
2023-12-14,27397260.27,0,0,27397260.27,39510313701
2023-12-15,27397260.27,0,0,27397260.27,39537710961
2023-12-16,27397260.27,0,0,27397260.27,39565108221
2023-12-17,27397260.27,0,0,27397260.27,39592505481
2023-12-18,27397260.27,0,0,27397260.27,39619902742
2023-12-19,27397260.27,0,0,27397260.27,39647300002
2023-12-20,27397260.27,0,0,27397260.27,39674697262
2023-12-21,27397260.27,0,0,27397260.27,39702094523
2023-12-22,27397260.27,0,0,27397260.27,39729491783
2023-12-23,27397260.27,0,0,27397260.27,39756889043
2023-12-24,27397260.27,0,0,27397260.27,39784286303
2023-12-25,27397260.27,0,0,27397260.27,39811683564
2023-12-26,27397260.27,0,0,27397260.27,39839080824
2023-12-27,27397260.27,0,0,27397260.27,39866478084
2023-12-28,27397260.27,0,0,27397260.27,39893875344
2023-12-29,27397260.27,0,0,27397260.27,39921272605
2023-12-30,27397260.27,0,0,27397260.27,39948669865
2023-12-31,27397260.27,0,0,27397260.27,39976067125
2024-01-01,27397260.27,0,0,27397260.27,40003464386
2024-01-02,27397260.27,0,0,27397260.27,40030861646
2024-01-03,27397260.27,0,0,27397260.27,40058258906
2024-01-04,27397260.27,0,0,27397260.27,40085656166
2024-01-05,27397260.27,0,0,27397260.27,40113053427
2024-01-06,27397260.27,0,0,27397260.27,40140450687
2024-01-07,27397260.27,0,0,27397260.27,40167847947
2024-01-08,27397260.27,0,0,27397260.27,40195245207
2024-01-09,19178082.19,1761500637,0,1780678719,41975923926
2024-01-10,19178082.19,0,0,19178082.19,41995102008
2024-01-11,19178082.19,0,66000000,-46821917.81,41948280091
2024-01-12,19178082.19,0,0,19178082.19,41967458173
2024-01-13,19178082.19,0,0,19178082.19,41986636255
2024-01-14,19178082.19,0,0,19178082.19,42005814337
2024-01-15,19178082.19,0,0,19178082.19,42024992419
2024-01-16,19178082.19,0,0,19178082.19,42044170502
2024-01-17,19178082.19,0,0,19178082.19,42063348584
2024-01-18,19178082.19,0,0,19178082.19,42082526666
2024-01-19,19178082.19,0,0,19178082.19,42101704748
2024-01-20,19178082.19,0,0,19178082.19,42120882830
2024-01-21,19178082.19,0,0,19178082.19,42140060912
2024-01-22,19178082.19,0,0,19178082.19,42159238995
2024-01-23,19178082.19,0,0,19178082.19,42178417077
2024-01-24,19178082.19,0,0,19178082.19,42197595159
2024-01-25,19178082.19,0,0,19178082.19,42216773241
2024-01-26,19178082.19,0,0,19178082.19,42235951323
2024-01-27,19178082.19,0,0,19178082.19,42255129406
2024-01-28,19178082.19,0,0,19178082.19,42274307488
2024-01-29,19178082.19,0,0,19178082.19,42293485570
2024-01-30,19178082.19,0,0,19178082.19,42312663652
2024-01-31,19178082.19,0,0,19178082.19,42331841734
2024-02-01,19178082.19,0,0,19178082.19,42351019817
2024-02-02,19178082.19,0,0,19178082.19,42370197899
2024-02-03,19178082.19,0,0,19178082.19,42389375981
2024-02-04,19178082.19,0,0,19178082.19,42408554063
2024-02-05,19178082.19,0,0,19178082.19,42427732145
2024-02-06,19178082.19,0,0,19178082.19,42446910228
2024-02-07,19178082.19,0,0,19178082.19,42466088310
2024-02-08,19178082.19,0,0,19178082.19,42485266392
2024-02-09,19178082.19,2591120497,0,2610298579,45095564971
2024-02-10,19178082.19,0,0,19178082.19,45114743053
2024-02-11,19178082.19,0,66000000,-46821917.81,45067921135
2024-02-12,19178082.19,0,0,19178082.19,45087099217
2024-02-13,19178082.19,0,0,19178082.19,45106277299
2024-02-14,19178082.19,0,0,19178082.19,45125455382
2024-02-15,19178082.19,0,0,19178082.19,45144633464
2024-02-16,19178082.19,0,0,19178082.19,45163811546
2024-02-17,19178082.19,0,0,19178082.19,45182989628
2024-02-18,19178082.19,0,0,19178082.19,45202167710
2024-02-19,19178082.19,0,0,19178082.19,45221345793
2024-02-20,19178082.19,0,0,19178082.19,45240523875
2024-02-21,19178082.19,0,0,19178082.19,45259701957
2024-02-22,19178082.19,0,0,19178082.19,45278880039
2024-02-23,19178082.19,0,0,19178082.19,45298058121
2024-02-24,19178082.19,0,0,19178082.19,45317236204
2024-02-25,19178082.19,0,0,19178082.19,45336414286
2024-02-26,19178082.19,0,0,19178082.19,45355592368
2024-02-27,19178082.19,0,0,19178082.19,45374770450
2024-02-28,19178082.19,0,0,19178082.19,45393948532
2024-02-29,19178082.19,0,0,19178082.19,45413126614
2024-03-01,19178082.19,0,0,19178082.19,45432304697
2024-03-02,19178082.19,0,0,19178082.19,45451482779
2024-03-03,19178082.19,0,0,19178082.19,45470660861
2024-03-04,19178082.19,0,0,19178082.19,45489838943
2024-03-05,19178082.19,0,0,19178082.19,45509017025
2024-03-06,19178082.19,0,0,19178082.19,45528195108
2024-03-07,19178082.19,0,0,19178082.19,45547373190
2024-03-08,19178082.19,0,0,19178082.19,45566551272
2024-03-09,19178082.19,1813895411,0,1833073493,47399624765
2024-03-10,19178082.19,0,0,19178082.19,47418802848
2024-03-11,19178082.19,0,66000000,-46821917.81,47371980930
2024-03-12,19178082.19,0,0,19178082.19,47391159012
2024-03-13,19178082.19,0,0,19178082.19,47410337094
2024-03-14,19178082.19,0,0,19178082.19,47429515176
2024-03-15,19178082.19,0,0,19178082.19,47448693258
2024-03-16,19178082.19,0,0,19178082.19,47467871341
2024-03-17,19178082.19,0,0,19178082.19,47487049423
2024-03-18,19178082.19,0,0,19178082.19,47506227505
2024-03-19,19178082.19,0,0,19178082.19,47525405587
2024-03-20,19178082.19,0,0,19178082.19,47544583669
2024-03-21,19178082.19,0,0,19178082.19,47563761752
2024-03-22,19178082.19,0,0,19178082.19,47582939834
2024-03-23,19178082.19,0,0,19178082.19,47602117916
2024-03-24,19178082.19,0,0,19178082.19,47621295998
2024-03-25,19178082.19,0,0,19178082.19,47640474080
2024-03-26,19178082.19,0,0,19178082.19,47659652163
2024-03-27,19178082.19,0,0,19178082.19,47678830245
2024-03-28,19178082.19,0,0,19178082.19,47698008327
2024-03-29,19178082.19,0,0,19178082.19,47717186409
2024-03-30,19178082.19,0,0,19178082.19,47736364491
2024-03-31,19178082.19,0,0,19178082.19,47755542574
2024-04-01,19178082.19,0,0,19178082.19,47774720656
2024-04-02,19178082.19,0,0,19178082.19,47793898738
2024-04-03,19178082.19,0,0,19178082.19,47813076820
2024-04-04,19178082.19,0,0,19178082.19,47832254902
2024-04-05,19178082.19,0,0,19178082.19,47851432985
2024-04-06,19178082.19,0,0,19178082.19,47870611067
2024-04-07,19178082.19,0,0,19178082.19,47889789149
2024-04-08,19178082.19,0,0,19178082.19,47908967231
2024-04-09,19178082.19,1813895411,0,1833073493,49742040724
2024-04-10,19178082.19,0,0,19178082.19,49761218807
2024-04-11,19178082.19,0,66000000,-46821917.81,49714396889
2024-04-12,19178082.19,0,0,19178082.19,49733574971
2024-04-13,19178082.19,0,0,19178082.19,49752753053
2024-04-14,19178082.19,0,0,19178082.19,49771931135
2024-04-15,19178082.19,0,0,19178082.19,49791109218
2024-04-16,19178082.19,0,0,19178082.19,49810287300
2024-04-17,19178082.19,0,0,19178082.19,49829465382
2024-04-18,19178082.19,0,0,19178082.19,49848643464
2024-04-19,19178082.19,0,0,19178082.19,49867821546
2024-04-20,19178082.19,0,0,19178082.19,49886999629
2024-04-21,19178082.19,0,0,19178082.19,49906177711
2024-04-22,19178082.19,0,0,19178082.19,49925355793
2024-04-23,19178082.19,0,0,19178082.19,49944533875
2024-04-24,19178082.19,0,0,19178082.19,49963711957
2024-04-25,19178082.19,0,0,19178082.19,49982890039
2024-04-26,19178082.19,0,0,19178082.19,50002068122
2024-04-27,19178082.19,0,0,19178082.19,50021246204
2024-04-28,19178082.19,0,0,19178082.19,50040424286
2024-04-29,19178082.19,0,0,19178082.19,50059602368
2024-04-30,19178082.19,0,0,19178082.19,50078780450
2024-05-01,19178082.19,0,0,19178082.19,50097958533
2024-05-02,19178082.19,0,0,19178082.19,50117136615
2024-05-03,19178082.19,0,0,19178082.19,50136314697
2024-05-04,19178082.19,0,0,19178082.19,50155492779
2024-05-05,19178082.19,0,0,19178082.19,50174670861
2024-05-06,19178082.19,0,0,19178082.19,50193848944
2024-05-07,19178082.19,0,0,19178082.19,50213027026
2024-05-08,19178082.19,0,0,19178082.19,50232205108
2024-05-09,19178082.19,1813895411,0,1833073493,52065278601
2024-05-10,19178082.19,0,0,19178082.19,52084456683
2024-05-11,19178082.19,0,66000000,-46821917.81,52037634766
2024-05-12,19178082.19,0,0,19178082.19,52056812848
2024-05-13,19178082.19,0,0,19178082.19,52075990930
2024-05-14,19178082.19,0,0,19178082.19,52095169012
2024-05-15,19178082.19,0,0,19178082.19,52114347094
2024-05-16,19178082.19,0,0,19178082.19,52133525177
2024-05-17,19178082.19,0,0,19178082.19,52152703259
2024-05-18,19178082.19,0,0,19178082.19,52171881341
2024-05-19,19178082.19,0,0,19178082.19,52191059423
2024-05-20,19178082.19,0,0,19178082.19,52210237505
2024-05-21,19178082.19,0,0,19178082.19,52229415588
2024-05-22,19178082.19,0,0,19178082.19,52248593670
2024-05-23,19178082.19,0,0,19178082.19,52267771752
2024-05-24,19178082.19,0,0,19178082.19,52286949834
2024-05-25,19178082.19,0,0,19178082.19,52306127916
2024-05-26,19178082.19,0,0,19178082.19,52325305999
2024-05-27,19178082.19,0,0,19178082.19,52344484081
2024-05-28,19178082.19,0,0,19178082.19,52363662163
2024-05-29,19178082.19,0,0,19178082.19,52382840245
2024-05-30,19178082.19,0,0,19178082.19,52402018327
2024-05-31,19178082.19,0,0,19178082.19,52421196410
2024-06-01,19178082.19,0,0,19178082.19,52440374492
2024-06-02,19178082.19,0,0,19178082.19,52459552574
2024-06-03,19178082.19,0,0,19178082.19,52478730656
2024-06-04,19178082.19,0,0,19178082.19,52497908738
2024-06-05,19178082.19,0,0,19178082.19,52517086820
2024-06-06,19178082.19,0,0,19178082.19,52536264903
2024-06-07,19178082.19,0,0,19178082.19,52555442985
2024-06-08,19178082.19,0,0,19178082.19,52574621067
2024-06-09,19178082.19,1813895411,0,1833073493,54407694560
2024-06-10,19178082.19,0,0,19178082.19,54426872643
2024-06-11,19178082.19,0,66000000,-46821917.81,54380050725
2024-06-12,19178082.19,0,0,19178082.19,54399228807
2024-06-13,19178082.19,0,0,19178082.19,54418406889
2024-06-14,19178082.19,0,0,19178082.19,54437584971
2024-06-15,19178082.19,0,0,19178082.19,54456763054
2024-06-16,19178082.19,0,0,19178082.19,54475941136
2024-06-17,19178082.19,0,0,19178082.19,54495119218
2024-06-18,19178082.19,0,0,19178082.19,54514297300
2024-06-19,19178082.19,0,0,19178082.19,54533475382
2024-06-20,19178082.19,0,0,19178082.19,54552653464
2024-06-21,19178082.19,0,0,19178082.19,54571831547
2024-06-22,19178082.19,0,0,19178082.19,54591009629
2024-06-23,19178082.19,0,0,19178082.19,54610187711
2024-06-24,19178082.19,0,0,19178082.19,54629365793
2024-06-25,19178082.19,0,0,19178082.19,54648543875
2024-06-26,19178082.19,0,0,19178082.19,54667721958
2024-06-27,19178082.19,0,0,19178082.19,54686900040
2024-06-28,19178082.19,0,0,19178082.19,54706078122
2024-06-29,19178082.19,0,0,19178082.19,54725256204
2024-06-30,19178082.19,0,0,19178082.19,54744434286
2024-07-01,19178082.19,0,0,19178082.19,54763612369
2024-07-02,19178082.19,0,0,19178082.19,54782790451
2024-07-03,19178082.19,0,0,19178082.19,54801968533
2024-07-04,19178082.19,0,0,19178082.19,54821146615
2024-07-05,19178082.19,0,0,19178082.19,54840324697
2024-07-06,19178082.19,0,0,19178082.19,54859502780
2024-07-07,19178082.19,0,0,19178082.19,54878680862
2024-07-08,19178082.19,0,0,19178082.19,54897858944
2024-07-09,19178082.19,1813895411,0,1833073493,56730932437
2024-07-10,19178082.19,0,0,19178082.19,56750110519
2024-07-11,19178082.19,0,66000000,-46821917.81,56703288602
2024-07-12,19178082.19,0,0,19178082.19,56722466684
2024-07-13,19178082.19,0,0,19178082.19,56741644766
2024-07-14,19178082.19,0,0,19178082.19,56760822848
2024-07-15,19178082.19,0,0,19178082.19,56780000930
2024-07-16,19178082.19,0,0,19178082.19,56799179013
2024-07-17,19178082.19,0,0,19178082.19,56818357095
2024-07-18,19178082.19,0,0,19178082.19,56837535177
2024-07-19,19178082.19,0,0,19178082.19,56856713259
2024-07-20,19178082.19,0,0,19178082.19,56875891341
2024-07-21,19178082.19,0,0,19178082.19,56895069424
2024-07-22,19178082.19,0,0,19178082.19,56914247506
2024-07-23,19178082.19,0,0,19178082.19,56933425588
2024-07-24,19178082.19,0,0,19178082.19,56952603670
2024-07-25,19178082.19,0,0,19178082.19,56971781752
2024-07-26,19178082.19,0,0,19178082.19,56990959834
2024-07-27,19178082.19,0,0,19178082.19,57010137917
2024-07-28,19178082.19,0,0,19178082.19,57029315999
2024-07-29,19178082.19,0,0,19178082.19,57048494081
2024-07-30,19178082.19,0,0,19178082.19,57067672163
2024-07-31,19178082.19,0,0,19178082.19,57086850245
2024-08-01,19178082.19,0,0,19178082.19,57106028328
2024-08-02,19178082.19,0,0,19178082.19,57125206410
2024-08-03,19178082.19,0,0,19178082.19,57144384492
2024-08-04,19178082.19,0,0,19178082.19,57163562574
2024-08-05,19178082.19,0,0,19178082.19,57182740656
2024-08-06,19178082.19,0,0,19178082.19,57201918739
2024-08-07,19178082.19,0,0,19178082.19,57221096821
2024-08-08,19178082.19,0,0,19178082.19,57240274903
2024-08-09,19178082.19,1813895411,0,1833073493,59073348396
2024-08-10,19178082.19,0,0,19178082.19,59092526478
2024-08-11,19178082.19,0,66000000,-46821917.81,59045704561
2024-08-12,19178082.19,0,0,19178082.19,59064882643
2024-08-13,19178082.19,0,0,19178082.19,59084060725
2024-08-14,19178082.19,0,0,19178082.19,59103238807
2024-08-15,19178082.19,0,0,19178082.19,59122416889
2024-08-16,19178082.19,0,0,19178082.19,59141594972
2024-08-17,19178082.19,0,0,19178082.19,59160773054
2024-08-18,19178082.19,0,0,19178082.19,59179951136
2024-08-19,19178082.19,0,0,19178082.19,59199129218
2024-08-20,19178082.19,0,0,19178082.19,59218307300
2024-08-21,19178082.19,0,0,19178082.19,59237485383
2024-08-22,19178082.19,0,0,19178082.19,59256663465
2024-08-23,19178082.19,0,0,19178082.19,59275841547
2024-08-24,19178082.19,0,0,19178082.19,59295019629
2024-08-25,19178082.19,0,0,19178082.19,59314197711
2024-08-26,19178082.19,0,0,19178082.19,59333375794
2024-08-27,19178082.19,0,0,19178082.19,59352553876
2024-08-28,19178082.19,0,0,19178082.19,59371731958
2024-08-29,19178082.19,0,0,19178082.19,59390910040
2024-08-30,19178082.19,0,0,19178082.19,59410088122
2024-08-31,19178082.19,0,0,19178082.19,59429266205
2024-09-01,19178082.19,0,0,19178082.19,59448444287
2024-09-02,19178082.19,0,0,19178082.19,59467622369
2024-09-03,19178082.19,0,0,19178082.19,59486800451
2024-09-04,19178082.19,0,0,19178082.19,59505978533
2024-09-05,19178082.19,0,0,19178082.19,59525156615
2024-09-06,19178082.19,0,0,19178082.19,59544334698
2024-09-07,19178082.19,0,0,19178082.19,59563512780
2024-09-08,19178082.19,0,0,19178082.19,59582690862
2024-09-09,19178082.19,1813895411,0,1833073493,61415764355
2024-09-10,19178082.19,0,0,19178082.19,61434942438
2024-09-11,19178082.19,0,66000000,-46821917.81,61388120520
2024-09-12,19178082.19,0,0,19178082.19,61407298602
2024-09-13,19178082.19,0,0,19178082.19,61426476684
2024-09-14,19178082.19,0,0,19178082.19,61445654766
2024-09-15,19178082.19,0,0,19178082.19,61464832849
2024-09-16,19178082.19,0,0,19178082.19,61484010931
2024-09-17,19178082.19,0,0,19178082.19,61503189013
2024-09-18,19178082.19,0,0,19178082.19,61522367095
2024-09-19,19178082.19,0,0,19178082.19,61541545177
2024-09-20,19178082.19,0,0,19178082.19,61560723259
2024-09-21,19178082.19,0,0,19178082.19,61579901342
2024-09-22,19178082.19,0,0,19178082.19,61599079424
2024-09-23,19178082.19,0,0,19178082.19,61618257506
2024-09-24,19178082.19,0,0,19178082.19,61637435588
2024-09-25,19178082.19,0,0,19178082.19,61656613670
2024-09-26,19178082.19,0,0,19178082.19,61675791753
2024-09-27,19178082.19,0,0,19178082.19,61694969835
2024-09-28,19178082.19,0,0,19178082.19,61714147917
2024-09-29,19178082.19,0,0,19178082.19,61733325999
2024-09-30,19178082.19,0,0,19178082.19,61752504081
2024-10-01,19178082.19,0,0,19178082.19,61771682164
2024-10-02,19178082.19,0,0,19178082.19,61790860246
2024-10-03,19178082.19,0,0,19178082.19,61810038328
2024-10-04,19178082.19,0,0,19178082.19,61829216410
2024-10-05,19178082.19,0,0,19178082.19,61848394492
2024-10-06,19178082.19,0,0,19178082.19,61867572575
2024-10-07,19178082.19,0,0,19178082.19,61886750657
2024-10-08,19178082.19,0,0,19178082.19,61905928739
2024-10-09,19178082.19,1813895411,0,1833073493,63739002232
2024-10-10,19178082.19,0,0,19178082.19,63758180314
2024-10-11,19178082.19,0,66000000,-46821917.81,63711358397
2024-10-12,19178082.19,0,0,19178082.19,63730536479
2024-10-13,19178082.19,0,0,19178082.19,63749714561
2024-10-14,19178082.19,0,0,19178082.19,63768892643
2024-10-15,19178082.19,0,0,19178082.19,63788070725
2024-10-16,19178082.19,0,0,19178082.19,63807248808
2024-10-17,19178082.19,0,0,19178082.19,63826426890
2024-10-18,19178082.19,0,0,19178082.19,63845604972
2024-10-19,19178082.19,0,0,19178082.19,63864783054
2024-10-20,19178082.19,0,0,19178082.19,63883961136
2024-10-21,19178082.19,0,0,19178082.19,63903139219
2024-10-22,19178082.19,0,0,19178082.19,63922317301
2024-10-23,19178082.19,0,0,19178082.19,63941495383
2024-10-24,19178082.19,0,0,19178082.19,63960673465
2024-10-25,19178082.19,0,0,19178082.19,63979851547
2024-10-26,19178082.19,0,0,19178082.19,63999029630
2024-10-27,19178082.19,0,0,19178082.19,64018207712
2024-10-28,19178082.19,0,0,19178082.19,64037385794
2024-10-29,19178082.19,0,0,19178082.19,64056563876
2024-10-30,19178082.19,0,0,19178082.19,64075741958
2024-10-31,19178082.19,0,0,19178082.19,64094920040
2024-11-01,19178082.19,0,0,19178082.19,64114098123
2024-11-02,19178082.19,0,0,19178082.19,64133276205
2024-11-03,19178082.19,0,0,19178082.19,64152454287
2024-11-04,19178082.19,0,0,19178082.19,64171632369
2024-11-05,19178082.19,0,0,19178082.19,64190810451
2024-11-06,19178082.19,0,0,19178082.19,64209988534
2024-11-07,19178082.19,0,0,19178082.19,64229166616
2024-11-08,19178082.19,0,0,19178082.19,64248344698
2024-11-09,19178082.19,1813895411,0,1833073493,66081418191
2024-11-10,19178082.19,0,0,19178082.19,66100596274
2024-11-11,19178082.19,0,66000000,-46821917.81,66053774356
2024-11-12,19178082.19,0,0,19178082.19,66072952438
2024-11-13,19178082.19,0,0,19178082.19,66092130520
2024-11-14,19178082.19,0,0,19178082.19,66111308602
2024-11-15,19178082.19,0,0,19178082.19,66130486684
2024-11-16,19178082.19,0,0,19178082.19,66149664767
2024-11-17,19178082.19,0,0,19178082.19,66168842849
2024-11-18,19178082.19,0,0,19178082.19,66188020931
2024-11-19,19178082.19,0,0,19178082.19,66207199013
2024-11-20,19178082.19,0,0,19178082.19,66226377095
2024-11-21,19178082.19,0,0,19178082.19,66245555178
2024-11-22,19178082.19,0,0,19178082.19,66264733260
2024-11-23,19178082.19,0,0,19178082.19,66283911342
2024-11-24,19178082.19,0,0,19178082.19,66303089424
2024-11-25,19178082.19,0,0,19178082.19,66322267506
2024-11-26,19178082.19,0,0,19178082.19,66341445589
2024-11-27,19178082.19,0,0,19178082.19,66360623671
2024-11-28,19178082.19,0,0,19178082.19,66379801753
2024-11-29,19178082.19,0,0,19178082.19,66398979835
2024-11-30,19178082.19,0,0,19178082.19,66418157917
2024-12-01,19178082.19,0,0,19178082.19,66437336000
2024-12-02,19178082.19,0,0,19178082.19,66456514082
2024-12-03,19178082.19,0,0,19178082.19,66475692164
2024-12-04,19178082.19,0,0,19178082.19,66494870246
2024-12-05,19178082.19,0,0,19178082.19,66514048328
2024-12-06,19178082.19,0,0,19178082.19,66533226411
2024-12-07,19178082.19,0,0,19178082.19,66552404493
2024-12-08,19178082.19,0,0,19178082.19,66571582575
2024-12-09,19178082.19,1813895411,0,1833073493,68404656068
2024-12-10,19178082.19,0,0,19178082.19,68423834150
2024-12-11,19178082.19,0,66000000,-46821917.81,68377012233
2024-12-12,19178082.19,0,0,19178082.19,68396190315
2024-12-13,19178082.19,0,0,19178082.19,68415368397
2024-12-14,19178082.19,0,0,19178082.19,68434546479
2024-12-15,19178082.19,0,0,19178082.19,68453724561
2024-12-16,19178082.19,0,0,19178082.19,68472902644
2024-12-17,19178082.19,0,0,19178082.19,68492080726
2024-12-18,19178082.19,0,0,19178082.19,68511258808
2024-12-19,19178082.19,0,0,19178082.19,68530436890
2024-12-20,19178082.19,0,0,19178082.19,68549614972
2024-12-21,19178082.19,0,0,19178082.19,68568793055
2024-12-22,19178082.19,0,0,19178082.19,68587971137
2024-12-23,19178082.19,0,0,19178082.19,68607149219
2024-12-24,19178082.19,0,0,19178082.19,68626327301
2024-12-25,19178082.19,0,0,19178082.19,68645505383
2024-12-26,19178082.19,0,0,19178082.19,68664683465
2024-12-27,19178082.19,0,0,19178082.19,68683861548
2024-12-28,19178082.19,0,0,19178082.19,68703039630
2024-12-29,19178082.19,0,0,19178082.19,68722217712
2024-12-30,19178082.19,0,0,19178082.19,68741395794
2024-12-31,19178082.19,0,0,19178082.19,68760573876
2025-01-01,19178082.19,0,0,19178082.19,68779751959
2025-01-02,19178082.19,0,0,19178082.19,68798930041
2025-01-03,19178082.19,0,0,19178082.19,68818108123
2025-01-04,19178082.19,0,0,19178082.19,68837286205
2025-01-05,19178082.19,0,0,19178082.19,68856464287
2025-01-06,19178082.19,0,0,19178082.19,68875642370
2025-01-07,19178082.19,0,0,19178082.19,68894820452
2025-01-08,19178082.19,0,0,19178082.19,68913998534
2025-01-09,0,1813895411,0,1813895411,70727893945
2025-01-10,0,0,0,0,70727893945
2025-01-11,0,0,66000000,-66000000,70661893945
2025-01-12,0,0,0,0,70661893945
2025-01-13,0,0,0,0,70661893945
2025-01-14,0,0,0,0,70661893945
2025-01-15,0,0,0,0,70661893945
2025-01-16,0,0,0,0,70661893945
2025-01-17,0,0,0,0,70661893945
2025-01-18,0,0,0,0,70661893945
2025-01-19,0,0,0,0,70661893945
2025-01-20,0,0,0,0,70661893945
2025-01-21,0,0,0,0,70661893945
2025-01-22,0,0,0,0,70661893945
2025-01-23,0,0,0,0,70661893945
2025-01-24,0,0,0,0,70661893945
2025-01-25,0,0,0,0,70661893945
2025-01-26,0,0,0,0,70661893945
2025-01-27,0,0,0,0,70661893945
2025-01-28,0,0,0,0,70661893945
2025-01-29,0,0,0,0,70661893945
2025-01-30,0,0,0,0,70661893945
2025-01-31,0,0,0,0,70661893945
2025-02-01,0,0,0,0,70661893945
2025-02-02,0,0,0,0,70661893945
2025-02-03,0,0,0,0,70661893945
2025-02-04,0,0,0,0,70661893945
2025-02-05,0,0,0,0,70661893945
2025-02-06,0,0,0,0,70661893945
2025-02-07,0,0,0,0,70661893945
2025-02-08,0,0,0,0,70661893945
2025-02-09,0,1813895411,0,1813895411,72475789356
2025-02-10,0,0,0,0,72475789356
2025-02-11,0,0,66000000,-66000000,72409789356
2025-02-12,0,0,0,0,72409789356
2025-02-13,0,0,0,0,72409789356
2025-02-14,0,0,0,0,72409789356
2025-02-15,0,0,0,0,72409789356
2025-02-16,0,0,0,0,72409789356
2025-02-17,0,0,0,0,72409789356
2025-02-18,0,0,0,0,72409789356
2025-02-19,0,0,0,0,72409789356
2025-02-20,0,0,0,0,72409789356
2025-02-21,0,0,0,0,72409789356
2025-02-22,0,0,0,0,72409789356
2025-02-23,0,0,0,0,72409789356
2025-02-24,0,0,0,0,72409789356
2025-02-25,0,0,0,0,72409789356
2025-02-26,0,0,0,0,72409789356
2025-02-27,0,0,0,0,72409789356
2025-02-28,0,0,0,0,72409789356
2025-03-01,0,0,0,0,72409789356
2025-03-02,0,0,0,0,72409789356
2025-03-03,0,0,0,0,72409789356
2025-03-04,0,0,0,0,72409789356
2025-03-05,0,0,0,0,72409789356
2025-03-06,0,0,0,0,72409789356
2025-03-07,0,0,0,0,72409789356
2025-03-08,0,0,0,0,72409789356
2025-03-09,0,1813895411,0,1813895411,74223684767
2025-03-10,0,0,0,0,74223684767
2025-03-11,0,0,66000000,-66000000,74157684767
2025-03-12,0,0,0,0,74157684767
2025-03-13,0,0,0,0,74157684767
2025-03-14,0,0,0,0,74157684767
2025-03-15,0,0,0,0,74157684767
2025-03-16,0,0,0,0,74157684767
2025-03-17,0,0,0,0,74157684767
2025-03-18,0,0,0,0,74157684767
2025-03-19,0,0,0,0,74157684767
2025-03-20,0,0,0,0,74157684767
2025-03-21,0,0,0,0,74157684767
2025-03-22,0,0,0,0,74157684767
2025-03-23,0,0,0,0,74157684767
2025-03-24,0,0,0,0,74157684767
2025-03-25,0,0,0,0,74157684767
2025-03-26,0,0,0,0,74157684767
2025-03-27,0,0,0,0,74157684767
2025-03-28,0,0,0,0,74157684767
2025-03-29,0,0,0,0,74157684767
2025-03-30,0,0,0,0,74157684767
2025-03-31,0,0,0,0,74157684767
2025-04-01,0,0,0,0,74157684767
2025-04-02,0,0,0,0,74157684767
2025-04-03,0,0,0,0,74157684767
2025-04-04,0,0,0,0,74157684767
2025-04-05,0,0,0,0,74157684767
2025-04-06,0,0,0,0,74157684767
2025-04-07,0,0,0,0,74157684767
2025-04-08,0,0,0,0,74157684767
2025-04-09,0,1813895411,0,1813895411,75971580178
2025-04-10,0,0,0,0,75971580178
2025-04-11,0,0,66000000,-66000000,75905580178
2025-04-12,0,0,0,0,75905580178
2025-04-13,0,0,0,0,75905580178
2025-04-14,0,0,0,0,75905580178
2025-04-15,0,0,0,0,75905580178
2025-04-16,0,0,0,0,75905580178
2025-04-17,0,0,0,0,75905580178
2025-04-18,0,0,0,0,75905580178
2025-04-19,0,0,0,0,75905580178
2025-04-20,0,0,0,0,75905580178
2025-04-21,0,0,0,0,75905580178
2025-04-22,0,0,0,0,75905580178
2025-04-23,0,0,0,0,75905580178
2025-04-24,0,0,0,0,75905580178
2025-04-25,0,0,0,0,75905580178
2025-04-26,0,0,0,0,75905580178
2025-04-27,0,0,0,0,75905580178
2025-04-28,0,0,0,0,75905580178
2025-04-29,0,0,0,0,75905580178
2025-04-30,0,0,0,0,75905580178
2025-05-01,0,0,0,0,75905580178
2025-05-02,0,0,0,0,75905580178
2025-05-03,0,0,0,0,75905580178
2025-05-04,0,0,0,0,75905580178
2025-05-05,0,0,0,0,75905580178
2025-05-06,0,0,0,0,75905580178
2025-05-07,0,0,0,0,75905580178
2025-05-08,0,0,0,0,75905580178
2025-05-09,0,1813895411,0,1813895411,77719475590
2025-05-10,0,0,0,0,77719475590
2025-05-11,0,0,66000000,-66000000,77653475590
2025-05-12,0,0,0,0,77653475590
2025-05-13,0,0,0,0,77653475590
2025-05-14,0,0,0,0,77653475590
2025-05-15,0,0,0,0,77653475590
2025-05-16,0,0,0,0,77653475590
2025-05-17,0,0,0,0,77653475590
2025-05-18,0,0,0,0,77653475590
2025-05-19,0,0,0,0,77653475590
2025-05-20,0,0,0,0,77653475590
2025-05-21,0,0,0,0,77653475590
2025-05-22,0,0,0,0,77653475590
2025-05-23,0,0,0,0,77653475590
2025-05-24,0,0,0,0,77653475590
2025-05-25,0,0,0,0,77653475590
2025-05-26,0,0,0,0,77653475590
2025-05-27,0,0,0,0,77653475590
2025-05-28,0,0,0,0,77653475590
2025-05-29,0,0,0,0,77653475590
2025-05-30,0,0,0,0,77653475590
2025-05-31,0,0,0,0,77653475590
2025-06-01,0,0,0,0,77653475590
2025-06-02,0,0,0,0,77653475590
2025-06-03,0,0,0,0,77653475590
2025-06-04,0,0,0,0,77653475590
2025-06-05,0,0,0,0,77653475590
2025-06-06,0,0,0,0,77653475590
2025-06-07,0,0,0,0,77653475590
2025-06-08,0,0,0,0,77653475590
2025-06-09,0,1813895411,0,1813895411,79467371001
2025-06-10,0,0,0,0,79467371001
2025-06-11,0,0,66000000,-66000000,79401371001
2025-06-12,0,0,0,0,79401371001
2025-06-13,0,0,0,0,79401371001
2025-06-14,0,0,0,0,79401371001
2025-06-15,0,0,0,0,79401371001
2025-06-16,0,0,0,0,79401371001
2025-06-17,0,0,0,0,79401371001
2025-06-18,0,0,0,0,79401371001
2025-06-19,0,0,0,0,79401371001
2025-06-20,0,0,0,0,79401371001
2025-06-21,0,0,0,0,79401371001
2025-06-22,0,0,0,0,79401371001
2025-06-23,0,0,0,0,79401371001
2025-06-24,0,0,0,0,79401371001
2025-06-25,0,0,0,0,79401371001
2025-06-26,0,0,0,0,79401371001
2025-06-27,0,0,0,0,79401371001
2025-06-28,0,0,0,0,79401371001
2025-06-29,0,0,0,0,79401371001
2025-06-30,0,0,0,0,79401371001
2025-07-01,0,0,0,0,79401371001
2025-07-02,0,0,0,0,79401371001
2025-07-03,0,0,0,0,79401371001
2025-07-04,0,0,0,0,79401371001
2025-07-05,0,0,0,0,79401371001
2025-07-06,0,0,0,0,79401371001
2025-07-07,0,0,0,0,79401371001
2025-07-08,0,0,0,0,79401371001
2025-07-09,0,1813895411,0,1813895411,81215266412
2025-07-10,0,0,0,0,81215266412
2025-07-11,0,0,66000000,-66000000,81149266412
2025-07-12,0,0,0,0,81149266412
2025-07-13,0,0,0,0,81149266412
2025-07-14,0,0,0,0,81149266412
2025-07-15,0,0,0,0,81149266412
2025-07-16,0,0,0,0,81149266412
2025-07-17,0,0,0,0,81149266412
2025-07-18,0,0,0,0,81149266412
2025-07-19,0,0,0,0,81149266412
2025-07-20,0,0,0,0,81149266412
2025-07-21,0,0,0,0,81149266412
2025-07-22,0,0,0,0,81149266412
2025-07-23,0,0,0,0,81149266412
2025-07-24,0,0,0,0,81149266412
2025-07-25,0,0,0,0,81149266412
2025-07-26,0,0,0,0,81149266412
2025-07-27,0,0,0,0,81149266412
2025-07-28,0,0,0,0,81149266412
2025-07-29,0,0,0,0,81149266412
2025-07-30,0,0,0,0,81149266412
2025-07-31,0,0,0,0,81149266412
2025-08-01,0,0,0,0,81149266412
2025-08-02,0,0,0,0,81149266412
2025-08-03,0,0,0,0,81149266412
2025-08-04,0,0,0,0,81149266412
2025-08-05,0,0,0,0,81149266412
2025-08-06,0,0,0,0,81149266412
2025-08-07,0,0,0,0,81149266412
2025-08-08,0,0,0,0,81149266412
2025-08-09,0,1813895411,0,1813895411,82963161823
2025-08-10,0,0,0,0,82963161823
2025-08-11,0,0,66000000,-66000000,82897161823
2025-08-12,0,0,0,0,82897161823
2025-08-13,0,0,0,0,82897161823
2025-08-14,0,0,0,0,82897161823
2025-08-15,0,0,0,0,82897161823
2025-08-16,0,0,0,0,82897161823
2025-08-17,0,0,0,0,82897161823
2025-08-18,0,0,0,0,82897161823
2025-08-19,0,0,0,0,82897161823
2025-08-20,0,0,0,0,82897161823
2025-08-21,0,0,0,0,82897161823
2025-08-22,0,0,0,0,82897161823
2025-08-23,0,0,0,0,82897161823
2025-08-24,0,0,0,0,82897161823
2025-08-25,0,0,0,0,82897161823
2025-08-26,0,0,0,0,82897161823
2025-08-27,0,0,0,0,82897161823
2025-08-28,0,0,0,0,82897161823
2025-08-29,0,0,0,0,82897161823
2025-08-30,0,0,0,0,82897161823
2025-08-31,0,0,0,0,82897161823
2025-09-01,0,0,0,0,82897161823
2025-09-02,0,0,0,0,82897161823
2025-09-03,0,0,0,0,82897161823
2025-09-04,0,0,0,0,82897161823
2025-09-05,0,0,0,0,82897161823
2025-09-06,0,0,0,0,82897161823
2025-09-07,0,0,0,0,82897161823
2025-09-08,0,0,0,0,82897161823
2025-09-09,0,1813895411,0,1813895411,84711057234
2025-09-10,0,0,0,0,84711057234
2025-09-11,0,0,66000000,-66000000,84645057234
2025-09-12,0,0,0,0,84645057234
2025-09-13,0,0,0,0,84645057234
2025-09-14,0,0,0,0,84645057234
2025-09-15,0,0,0,0,84645057234
2025-09-16,0,0,0,0,84645057234
2025-09-17,0,0,0,0,84645057234
2025-09-18,0,0,0,0,84645057234
2025-09-19,0,0,0,0,84645057234
2025-09-20,0,0,0,0,84645057234
2025-09-21,0,0,0,0,84645057234
2025-09-22,0,0,0,0,84645057234
2025-09-23,0,0,0,0,84645057234
2025-09-24,0,0,0,0,84645057234
2025-09-25,0,0,0,0,84645057234
2025-09-26,0,0,0,0,84645057234
2025-09-27,0,0,0,0,84645057234
2025-09-28,0,0,0,0,84645057234
2025-09-29,0,0,0,0,84645057234
2025-09-30,0,0,0,0,84645057234
2025-10-01,0,0,0,0,84645057234
2025-10-02,0,0,0,0,84645057234
2025-10-03,0,0,0,0,84645057234
2025-10-04,0,0,0,0,84645057234
2025-10-05,0,0,0,0,84645057234
2025-10-06,0,0,0,0,84645057234
2025-10-07,0,0,0,0,84645057234
2025-10-08,0,0,0,0,84645057234
2025-10-09,0,1813895411,0,1813895411,86458952645
2025-10-10,0,0,0,0,86458952645
2025-10-11,0,0,66000000,-66000000,86392952645
2025-10-12,0,0,0,0,86392952645
2025-10-13,0,0,0,0,86392952645
2025-10-14,0,0,0,0,86392952645
2025-10-15,0,0,0,0,86392952645
2025-10-16,0,0,0,0,86392952645
2025-10-17,0,0,0,0,86392952645
2025-10-18,0,0,0,0,86392952645
2025-10-19,0,0,0,0,86392952645
2025-10-20,0,0,0,0,86392952645
2025-10-21,0,0,0,0,86392952645
2025-10-22,0,0,0,0,86392952645
2025-10-23,0,0,0,0,86392952645
2025-10-24,0,0,0,0,86392952645
2025-10-25,0,0,0,0,86392952645
2025-10-26,0,0,0,0,86392952645
2025-10-27,0,0,0,0,86392952645
2025-10-28,0,0,0,0,86392952645
2025-10-29,0,0,0,0,86392952645
2025-10-30,0,0,0,0,86392952645
2025-10-31,0,0,0,0,86392952645
2025-11-01,0,0,0,0,86392952645
2025-11-02,0,0,0,0,86392952645
2025-11-03,0,0,0,0,86392952645
2025-11-04,0,0,0,0,86392952645
2025-11-05,0,0,0,0,86392952645
2025-11-06,0,0,0,0,86392952645
2025-11-07,0,0,0,0,86392952645
2025-11-08,0,0,0,0,86392952645
2025-11-09,0,1813895411,0,1813895411,88206848056
2025-11-10,0,0,0,0,88206848056
2025-11-11,0,0,66000000,-66000000,88140848056
2025-11-12,0,0,0,0,88140848056
2025-11-13,0,0,0,0,88140848056
2025-11-14,0,0,0,0,88140848056
2025-11-15,0,0,0,0,88140848056
2025-11-16,0,0,0,0,88140848056
2025-11-17,0,0,0,0,88140848056
2025-11-18,0,0,0,0,88140848056
2025-11-19,0,0,0,0,88140848056
2025-11-20,0,0,0,0,88140848056
2025-11-21,0,0,0,0,88140848056
2025-11-22,0,0,0,0,88140848056
2025-11-23,0,0,0,0,88140848056
2025-11-24,0,0,0,0,88140848056
2025-11-25,0,0,0,0,88140848056
2025-11-26,0,0,0,0,88140848056
2025-11-27,0,0,0,0,88140848056
2025-11-28,0,0,0,0,88140848056
2025-11-29,0,0,0,0,88140848056
2025-11-30,0,0,0,0,88140848056
2025-12-01,0,0,0,0,88140848056
2025-12-02,0,0,0,0,88140848056
2025-12-03,0,0,0,0,88140848056
2025-12-04,0,0,0,0,88140848056
2025-12-05,0,0,0,0,88140848056
2025-12-06,0,0,0,0,88140848056
2025-12-07,0,0,0,0,88140848056
2025-12-08,0,0,0,0,88140848056
2025-12-09,0,1813895411,0,1813895411,89954743467
2025-12-10,0,0,0,0,89954743467
2025-12-11,0,0,66000000,-66000000,89888743467
2025-12-12,0,0,0,0,89888743467
2025-12-13,0,0,0,0,89888743467
2025-12-14,0,0,0,0,89888743467
2025-12-15,0,0,0,0,89888743467
2025-12-16,0,0,0,0,89888743467
2025-12-17,0,0,0,0,89888743467
2025-12-18,0,0,0,0,89888743467
2025-12-19,0,0,0,0,89888743467
2025-12-20,0,0,0,0,89888743467
2025-12-21,0,0,0,0,89888743467
2025-12-22,0,0,0,0,89888743467
2025-12-23,0,0,0,0,89888743467
2025-12-24,0,0,0,0,89888743467
2025-12-25,0,0,0,0,89888743467
2025-12-26,0,0,0,0,89888743467
2025-12-27,0,0,0,0,89888743467
2025-12-28,0,0,0,0,89888743467
2025-12-29,0,0,0,0,89888743467
2025-12-30,0,0,0,0,89888743467
2025-12-31,0,0,0,0,89888743467
2026-01-01,0,0,0,0,89888743467
2026-01-02,0,0,0,0,89888743467
2026-01-03,0,0,0,0,89888743467
2026-01-04,0,0,0,0,89888743467
2026-01-05,0,0,0,0,89888743467
2026-01-06,0,0,0,0,89888743467
2026-01-07,0,0,0,0,89888743467
2026-01-08,0,0,0,0,89888743467
2026-01-09,0,1576055663,0,1576055663,91464799130
2026-01-10,0,0,0,0,91464799130
2026-01-11,0,0,66000000,-66000000,91398799130
2026-01-12,0,0,0,0,91398799130
2026-01-13,0,0,0,0,91398799130
2026-01-14,0,0,0,0,91398799130
2026-01-15,0,0,0,0,91398799130
2026-01-16,0,0,0,0,91398799130
2026-01-17,0,0,0,0,91398799130
2026-01-18,0,0,0,0,91398799130
2026-01-19,0,0,0,0,91398799130
2026-01-20,0,0,0,0,91398799130
2026-01-21,0,0,0,0,91398799130
2026-01-22,0,0,0,0,91398799130
2026-01-23,0,0,0,0,91398799130
2026-01-24,0,0,0,0,91398799130
2026-01-25,0,0,0,0,91398799130
2026-01-26,0,0,0,0,91398799130
2026-01-27,0,0,0,0,91398799130
2026-01-28,0,0,0,0,91398799130
2026-01-29,0,0,0,0,91398799130
2026-01-30,0,0,0,0,91398799130
2026-01-31,0,0,0,0,91398799130
2026-02-01,0,0,0,0,91398799130
2026-02-02,0,0,0,0,91398799130
2026-02-03,0,0,0,0,91398799130
2026-02-04,0,0,0,0,91398799130
2026-02-05,0,0,0,0,91398799130
2026-02-06,0,0,0,0,91398799130
2026-02-07,0,0,0,0,91398799130
2026-02-08,0,0,0,0,91398799130
2026-02-09,0,0,0,0,91398799130
2026-02-10,0,0,0,0,91398799130
2026-02-11,0,0,0,0,91398799130
2026-02-12,0,0,0,0,91398799130
2026-02-13,0,0,0,0,91398799130
2026-02-14,0,0,0,0,91398799130
2026-02-15,0,0,0,0,91398799130
2026-02-16,0,0,0,0,91398799130
2026-02-17,0,0,0,0,91398799130
2026-02-18,0,0,0,0,91398799130
2026-02-19,0,0,0,0,91398799130
2026-02-20,0,0,0,0,91398799130
2026-02-21,0,0,0,0,91398799130
2026-02-22,0,0,0,0,91398799130
2026-02-23,0,0,0,0,91398799130
2026-02-24,0,0,0,0,91398799130
2026-02-25,0,0,0,0,91398799130
2026-02-26,0,0,0,0,91398799130
2026-02-27,0,0,0,0,91398799130
2026-02-28,0,0,0,0,91398799130
2026-03-01,0,0,0,0,91398799130
2026-03-02,0,0,0,0,91398799130
2026-03-03,0,0,0,0,91398799130
2026-03-04,0,0,0,0,91398799130
2026-03-05,0,0,0,0,91398799130
2026-03-06,0,0,0,0,91398799130
2026-03-07,0,0,0,0,91398799130
2026-03-08,0,0,0,0,91398799130
2026-03-09,0,0,0,0,91398799130
2026-03-10,0,0,0,0,91398799130
2026-03-11,0,0,0,0,91398799130
2026-03-12,0,0,0,0,91398799130
2026-03-13,0,0,0,0,91398799130
2026-03-14,0,0,0,0,91398799130
2026-03-15,0,0,0,0,91398799130
2026-03-16,0,0,0,0,91398799130
2026-03-17,0,0,0,0,91398799130
2026-03-18,0,0,0,0,91398799130
2026-03-19,0,0,0,0,91398799130
2026-03-20,0,0,0,0,91398799130
2026-03-21,0,0,0,0,91398799130
2026-03-22,0,0,0,0,91398799130
2026-03-23,0,0,0,0,91398799130
2026-03-24,0,0,0,0,91398799130
2026-03-25,0,0,0,0,91398799130
2026-03-26,0,0,0,0,91398799130
2026-03-27,0,0,0,0,91398799130
2026-03-28,0,0,0,0,91398799130
2026-03-29,0,0,0,0,91398799130
2026-03-30,0,0,0,0,91398799130
2026-03-31,0,0,0,0,91398799130
2026-04-01,0,0,0,0,91398799130
2026-04-02,0,0,0,0,91398799130
2026-04-03,0,0,0,0,91398799130
2026-04-04,0,0,0,0,91398799130
2026-04-05,0,0,0,0,91398799130
2026-04-06,0,0,0,0,91398799130
2026-04-07,0,0,0,0,91398799130
2026-04-08,0,0,0,0,91398799130
2026-04-09,0,0,0,0,91398799130
2026-04-10,0,0,0,0,91398799130
2026-04-11,0,0,0,0,91398799130
2026-04-12,0,0,0,0,91398799130
2026-04-13,0,0,0,0,91398799130
2026-04-14,0,0,0,0,91398799130
2026-04-15,0,0,0,0,91398799130
2026-04-16,0,0,0,0,91398799130
2026-04-17,0,0,0,0,91398799130
2026-04-18,0,0,0,0,91398799130
2026-04-19,0,0,0,0,91398799130
2026-04-20,0,0,0,0,91398799130
2026-04-21,0,0,0,0,91398799130
2026-04-22,0,0,0,0,91398799130
2026-04-23,0,0,0,0,91398799130
2026-04-24,0,0,0,0,91398799130
2026-04-25,0,0,0,0,91398799130
2026-04-26,0,0,0,0,91398799130
2026-04-27,0,0,0,0,91398799130
2026-04-28,0,0,0,0,91398799130
2026-04-29,0,0,0,0,91398799130
2026-04-30,0,0,0,0,91398799130
2026-05-01,0,0,0,0,91398799130
2026-05-02,0,0,0,0,91398799130
2026-05-03,0,0,0,0,91398799130
2026-05-04,0,0,0,0,91398799130
2026-05-05,0,0,0,0,91398799130
2026-05-06,0,0,0,0,91398799130
2026-05-07,0,0,0,0,91398799130
2026-05-08,0,0,0,0,91398799130
2026-05-09,0,0,0,0,91398799130
2026-05-10,0,0,0,0,91398799130
2026-05-11,0,0,0,0,91398799130
2026-05-12,0,0,0,0,91398799130
2026-05-13,0,0,0,0,91398799130
2026-05-14,0,0,0,0,91398799130
2026-05-15,0,0,0,0,91398799130
2026-05-16,0,0,0,0,91398799130
2026-05-17,0,0,0,0,91398799130
2026-05-18,0,0,0,0,91398799130
2026-05-19,0,0,0,0,91398799130
2026-05-20,0,0,0,0,91398799130
2026-05-21,0,0,0,0,91398799130
2026-05-22,0,0,0,0,91398799130
2026-05-23,0,0,0,0,91398799130
2026-05-24,0,0,0,0,91398799130
2026-05-25,0,0,0,0,91398799130
2026-05-26,0,0,0,0,91398799130
2026-05-27,0,0,0,0,91398799130
2026-05-28,0,0,0,0,91398799130
2026-05-29,0,0,0,0,91398799130
2026-05-30,0,0,0,0,91398799130
2026-05-31,0,0,0,0,91398799130
2026-06-01,0,0,0,0,91398799130
2026-06-02,0,0,0,0,91398799130
2026-06-03,0,0,0,0,91398799130
2026-06-04,0,0,0,0,91398799130
2026-06-05,0,0,0,0,91398799130
2026-06-06,0,0,0,0,91398799130
2026-06-07,0,0,0,0,91398799130
2026-06-08,0,0,0,0,91398799130
2026-06-09,0,0,0,0,91398799130
2026-06-10,0,0,0,0,91398799130
2026-06-11,0,0,0,0,91398799130
2026-06-12,0,0,0,0,91398799130
2026-06-13,0,0,0,0,91398799130
2026-06-14,0,0,0,0,91398799130
2026-06-15,0,0,0,0,91398799130
2026-06-16,0,0,0,0,91398799130
2026-06-17,0,0,0,0,91398799130
2026-06-18,0,0,0,0,91398799130
2026-06-19,0,0,0,0,91398799130
2026-06-20,0,0,0,0,91398799130
2026-06-21,0,0,0,0,91398799130
2026-06-22,0,0,0,0,91398799130
2026-06-23,0,0,0,0,91398799130
2026-06-24,0,0,0,0,91398799130
2026-06-25,0,0,0,0,91398799130
2026-06-26,0,0,0,0,91398799130
2026-06-27,0,0,0,0,91398799130
2026-06-28,0,0,0,0,91398799130
2026-06-29,0,0,0,0,91398799130
2026-06-30,0,0,0,0,91398799130
2026-07-01,0,0,0,0,91398799130
2026-07-02,0,0,0,0,91398799130
2026-07-03,0,0,0,0,91398799130
2026-07-04,0,0,0,0,91398799130
2026-07-05,0,0,0,0,91398799130
2026-07-06,0,0,0,0,91398799130
2026-07-07,0,0,0,0,91398799130
2026-07-08,0,0,0,0,91398799130
2026-07-09,0,0,0,0,91398799130
2026-07-10,0,0,0,0,91398799130
2026-07-11,0,0,0,0,91398799130
2026-07-12,0,0,0,0,91398799130
2026-07-13,0,0,0,0,91398799130
2026-07-14,0,0,0,0,91398799130
2026-07-15,0,0,0,0,91398799130
2026-07-16,0,0,0,0,91398799130
2026-07-17,0,0,0,0,91398799130
2026-07-18,0,0,0,0,91398799130
2026-07-19,0,0,0,0,91398799130
2026-07-20,0,0,0,0,91398799130
2026-07-21,0,0,0,0,91398799130
2026-07-22,0,0,0,0,91398799130
2026-07-23,0,0,0,0,91398799130
2026-07-24,0,0,0,0,91398799130
2026-07-25,0,0,0,0,91398799130
2026-07-26,0,0,0,0,91398799130
2026-07-27,0,0,0,0,91398799130
2026-07-28,0,0,0,0,91398799130
2026-07-29,0,0,0,0,91398799130
2026-07-30,0,0,0,0,91398799130
2026-07-31,0,0,0,0,91398799130
2026-08-01,0,0,0,0,91398799130
2026-08-02,0,0,0,0,91398799130
2026-08-03,0,0,0,0,91398799130
2026-08-04,0,0,0,0,91398799130
2026-08-05,0,0,0,0,91398799130
2026-08-06,0,0,0,0,91398799130
2026-08-07,0,0,0,0,91398799130
2026-08-08,0,0,0,0,91398799130
2026-08-09,0,0,0,0,91398799130
2026-08-10,0,0,0,0,91398799130
2026-08-11,0,0,0,0,91398799130
2026-08-12,0,0,0,0,91398799130
2026-08-13,0,0,0,0,91398799130
2026-08-14,0,0,0,0,91398799130
2026-08-15,0,0,0,0,91398799130
2026-08-16,0,0,0,0,91398799130
2026-08-17,0,0,0,0,91398799130
2026-08-18,0,0,0,0,91398799130
2026-08-19,0,0,0,0,91398799130
2026-08-20,0,0,0,0,91398799130
2026-08-21,0,0,0,0,91398799130
2026-08-22,0,0,0,0,91398799130
2026-08-23,0,0,0,0,91398799130
2026-08-24,0,0,0,0,91398799130
2026-08-25,0,0,0,0,91398799130
2026-08-26,0,0,0,0,91398799130
2026-08-27,0,0,0,0,91398799130
2026-08-28,0,0,0,0,91398799130
2026-08-29,0,0,0,0,91398799130
2026-08-30,0,0,0,0,91398799130
2026-08-31,0,0,0,0,91398799130
2026-09-01,0,0,0,0,91398799130
2026-09-02,0,0,0,0,91398799130
2026-09-03,0,0,0,0,91398799130
2026-09-04,0,0,0,0,91398799130
2026-09-05,0,0,0,0,91398799130
2026-09-06,0,0,0,0,91398799130
2026-09-07,0,0,0,0,91398799130
2026-09-08,0,0,0,0,91398799130
2026-09-09,0,0,0,0,91398799130
2026-09-10,0,0,0,0,91398799130
2026-09-11,0,0,0,0,91398799130
2026-09-12,0,0,0,0,91398799130
2026-09-13,0,0,0,0,91398799130
2026-09-14,0,0,0,0,91398799130
2026-09-15,0,0,0,0,91398799130
2026-09-16,0,0,0,0,91398799130
2026-09-17,0,0,0,0,91398799130
2026-09-18,0,0,0,0,91398799130
2026-09-19,0,0,0,0,91398799130
2026-09-20,0,0,0,0,91398799130
2026-09-21,0,0,0,0,91398799130
2026-09-22,0,0,0,0,91398799130
2026-09-23,0,0,0,0,91398799130
2026-09-24,0,0,0,0,91398799130
2026-09-25,0,0,0,0,91398799130
2026-09-26,0,0,0,0,91398799130
2026-09-27,0,0,0,0,91398799130
2026-09-28,0,0,0,0,91398799130
2026-09-29,0,0,0,0,91398799130
2026-09-30,0,0,0,0,91398799130
2026-10-01,0,0,0,0,91398799130
2026-10-02,0,0,0,0,91398799130
2026-10-03,0,0,0,0,91398799130
2026-10-04,0,0,0,0,91398799130
2026-10-05,0,0,0,0,91398799130
2026-10-06,0,0,0,0,91398799130
2026-10-07,0,0,0,0,91398799130
2026-10-08,0,0,0,0,91398799130
2026-10-09,0,0,0,0,91398799130
2026-10-10,0,0,0,0,91398799130
2026-10-11,0,0,0,0,91398799130
2026-10-12,0,0,0,0,91398799130
2026-10-13,0,0,0,0,91398799130
2026-10-14,0,0,0,0,91398799130
2026-10-15,0,0,0,0,91398799130
2026-10-16,0,0,0,0,91398799130
2026-10-17,0,0,0,0,91398799130
2026-10-18,0,0,0,0,91398799130
2026-10-19,0,0,0,0,91398799130
2026-10-20,0,0,0,0,91398799130
2026-10-21,0,0,0,0,91398799130
2026-10-22,0,0,0,0,91398799130
2026-10-23,0,0,0,0,91398799130
2026-10-24,0,0,0,0,91398799130
2026-10-25,0,0,0,0,91398799130
2026-10-26,0,0,0,0,91398799130
2026-10-27,0,0,0,0,91398799130
2026-10-28,0,0,0,0,91398799130
2026-10-29,0,0,0,0,91398799130
2026-10-30,0,0,0,0,91398799130
2026-10-31,0,0,0,0,91398799130
2026-11-01,0,0,0,0,91398799130
2026-11-02,0,0,0,0,91398799130
2026-11-03,0,0,0,0,91398799130
2026-11-04,0,0,0,0,91398799130
2026-11-05,0,0,0,0,91398799130
2026-11-06,0,0,0,0,91398799130
2026-11-07,0,0,0,0,91398799130
2026-11-08,0,0,0,0,91398799130
2026-11-09,0,0,0,0,91398799130
2026-11-10,0,0,0,0,91398799130
2026-11-11,0,0,0,0,91398799130
2026-11-12,0,0,0,0,91398799130
2026-11-13,0,0,0,0,91398799130
2026-11-14,0,0,0,0,91398799130
2026-11-15,0,0,0,0,91398799130
2026-11-16,0,0,0,0,91398799130
2026-11-17,0,0,0,0,91398799130
2026-11-18,0,0,0,0,91398799130
2026-11-19,0,0,0,0,91398799130
2026-11-20,0,0,0,0,91398799130
2026-11-21,0,0,0,0,91398799130
2026-11-22,0,0,0,0,91398799130
2026-11-23,0,0,0,0,91398799130
2026-11-24,0,0,0,0,91398799130
2026-11-25,0,0,0,0,91398799130
2026-11-26,0,0,0,0,91398799130
2026-11-27,0,0,0,0,91398799130
2026-11-28,0,0,0,0,91398799130
2026-11-29,0,0,0,0,91398799130
2026-11-30,0,0,0,0,91398799130
2026-12-01,0,0,0,0,91398799130
2026-12-02,0,0,0,0,91398799130
2026-12-03,0,0,0,0,91398799130
2026-12-04,0,0,0,0,91398799130
2026-12-05,0,0,0,0,91398799130
2026-12-06,0,0,0,0,91398799130
2026-12-07,0,0,0,0,91398799130
2026-12-08,0,0,0,0,91398799130
2026-12-09,0,0,0,0,91398799130
2026-12-10,0,0,0,0,91398799130
2026-12-11,0,0,0,0,91398799130
2026-12-12,0,0,0,0,91398799130
2026-12-13,0,0,0,0,91398799130
2026-12-14,0,0,0,0,91398799130
2026-12-15,0,0,0,0,91398799130
2026-12-16,0,0,0,0,91398799130
2026-12-17,0,0,0,0,91398799130
2026-12-18,0,0,0,0,91398799130
2026-12-19,0,0,0,0,91398799130
2026-12-20,0,0,0,0,91398799130
2026-12-21,0,0,0,0,91398799130
2026-12-22,0,0,0,0,91398799130
2026-12-23,0,0,0,0,91398799130
2026-12-24,0,0,0,0,91398799130
2026-12-25,0,0,0,0,91398799130
2026-12-26,0,0,0,0,91398799130
2026-12-27,0,0,0,0,91398799130
2026-12-28,0,0,0,0,91398799130
2026-12-29,0,0,0,0,91398799130
2026-12-30,0,0,0,0,91398799130
2026-12-31,0,0,0,0,91398799130
2027-01-01,0,0,0,0,91398799130
2027-01-02,0,0,0,0,91398799130
2027-01-03,0,0,0,0,91398799130
2027-01-04,0,0,0,0,91398799130
2027-01-05,0,0,0,0,91398799130
2027-01-06,0,0,0,0,91398799130
2027-01-07,0,0,0,0,91398799130
2027-01-08,0,0,0,0,91398799130
2027-01-09,0,0,0,0,91398799130
2027-01-10,0,0,0,0,91398799130
2027-01-11,0,0,0,0,91398799130
2027-01-12,0,0,0,0,91398799130
2027-01-13,0,0,0,0,91398799130
2027-01-14,0,0,0,0,91398799130
2027-01-15,0,0,0,0,91398799130
2027-01-16,0,0,0,0,91398799130
2027-01-17,0,0,0,0,91398799130
2027-01-18,0,0,0,0,91398799130
2027-01-19,0,0,0,0,91398799130
2027-01-20,0,0,0,0,91398799130
2027-01-21,0,0,0,0,91398799130
2027-01-22,0,0,0,0,91398799130
2027-01-23,0,0,0,0,91398799130
2027-01-24,0,0,0,0,91398799130
2027-01-25,0,0,0,0,91398799130
2027-01-26,0,0,0,0,91398799130
2027-01-27,0,0,0,0,91398799130
2027-01-28,0,0,0,0,91398799130
2027-01-29,0,0,0,0,91398799130
2027-01-30,0,0,0,0,91398799130
2027-01-31,0,0,0,0,91398799130
2027-02-01,0,0,0,0,91398799130
2027-02-02,0,0,0,0,91398799130
2027-02-03,0,0,0,0,91398799130
2027-02-04,0,0,0,0,91398799130
2027-02-05,0,0,0,0,91398799130
2027-02-06,0,0,0,0,91398799130
2027-02-07,0,0,0,0,91398799130
2027-02-08,0,0,0,0,91398799130
2027-02-09,0,0,0,0,91398799130
2027-02-10,0,0,0,0,91398799130
2027-02-11,0,0,0,0,91398799130
2027-02-12,0,0,0,0,91398799130
2027-02-13,0,0,0,0,91398799130
2027-02-14,0,0,0,0,91398799130
2027-02-15,0,0,0,0,91398799130
2027-02-16,0,0,0,0,91398799130
2027-02-17,0,0,0,0,91398799130
2027-02-18,0,0,0,0,91398799130
2027-02-19,0,0,0,0,91398799130
2027-02-20,0,0,0,0,91398799130
2027-02-21,0,0,0,0,91398799130
2027-02-22,0,0,0,0,91398799130
2027-02-23,0,0,0,0,91398799130
2027-02-24,0,0,0,0,91398799130
2027-02-25,0,0,0,0,91398799130
2027-02-26,0,0,0,0,91398799130
2027-02-27,0,0,0,0,91398799130
2027-02-28,0,0,0,0,91398799130
2027-03-01,0,0,0,0,91398799130
2027-03-02,0,0,0,0,91398799130
2027-03-03,0,0,0,0,91398799130
2027-03-04,0,0,0,0,91398799130
2027-03-05,0,0,0,0,91398799130
2027-03-06,0,0,0,0,91398799130
2027-03-07,0,0,0,0,91398799130
2027-03-08,0,0,0,0,91398799130
2027-03-09,0,0,0,0,91398799130
2027-03-10,0,0,0,0,91398799130
2027-03-11,0,0,0,0,91398799130
2027-03-12,0,0,0,0,91398799130
2027-03-13,0,0,0,0,91398799130
2027-03-14,0,0,0,0,91398799130
2027-03-15,0,0,0,0,91398799130
2027-03-16,0,0,0,0,91398799130
2027-03-17,0,0,0,0,91398799130
2027-03-18,0,0,0,0,91398799130
2027-03-19,0,0,0,0,91398799130
2027-03-20,0,0,0,0,91398799130
2027-03-21,0,0,0,0,91398799130
2027-03-22,0,0,0,0,91398799130
2027-03-23,0,0,0,0,91398799130
2027-03-24,0,0,0,0,91398799130
2027-03-25,0,0,0,0,91398799130
2027-03-26,0,0,0,0,91398799130
2027-03-27,0,0,0,0,91398799130
2027-03-28,0,0,0,0,91398799130
2027-03-29,0,0,0,0,91398799130
2027-03-30,0,0,0,0,91398799130
2027-03-31,0,0,0,0,91398799130
2027-04-01,0,0,0,0,91398799130
2027-04-02,0,0,0,0,91398799130
2027-04-03,0,0,0,0,91398799130
2027-04-04,0,0,0,0,91398799130
2027-04-05,0,0,0,0,91398799130
2027-04-06,0,0,0,0,91398799130
2027-04-07,0,0,0,0,91398799130
2027-04-08,0,0,0,0,91398799130
2027-04-09,0,0,0,0,91398799130
2027-04-10,0,0,0,0,91398799130
2027-04-11,0,0,0,0,91398799130
2027-04-12,0,0,0,0,91398799130
2027-04-13,0,0,0,0,91398799130
2027-04-14,0,0,0,0,91398799130
2027-04-15,0,0,0,0,91398799130
2027-04-16,0,0,0,0,91398799130
2027-04-17,0,0,0,0,91398799130
2027-04-18,0,0,0,0,91398799130
2027-04-19,0,0,0,0,91398799130
2027-04-20,0,0,0,0,91398799130
2027-04-21,0,0,0,0,91398799130
2027-04-22,0,0,0,0,91398799130
2027-04-23,0,0,0,0,91398799130
2027-04-24,0,0,0,0,91398799130
2027-04-25,0,0,0,0,91398799130
2027-04-26,0,0,0,0,91398799130
2027-04-27,0,0,0,0,91398799130
2027-04-28,0,0,0,0,91398799130
2027-04-29,0,0,0,0,91398799130
2027-04-30,0,0,0,0,91398799130
2027-05-01,0,0,0,0,91398799130
2027-05-02,0,0,0,0,91398799130
2027-05-03,0,0,0,0,91398799130
2027-05-04,0,0,0,0,91398799130
2027-05-05,0,0,0,0,91398799130
2027-05-06,0,0,0,0,91398799130
2027-05-07,0,0,0,0,91398799130
2027-05-08,0,0,0,0,91398799130
2027-05-09,0,0,0,0,91398799130
2027-05-10,0,0,0,0,91398799130
2027-05-11,0,0,0,0,91398799130
2027-05-12,0,0,0,0,91398799130
2027-05-13,0,0,0,0,91398799130
2027-05-14,0,0,0,0,91398799130
2027-05-15,0,0,0,0,91398799130
2027-05-16,0,0,0,0,91398799130
2027-05-17,0,0,0,0,91398799130
2027-05-18,0,0,0,0,91398799130
2027-05-19,0,0,0,0,91398799130
2027-05-20,0,0,0,0,91398799130
2027-05-21,0,0,0,0,91398799130
2027-05-22,0,0,0,0,91398799130
2027-05-23,0,0,0,0,91398799130
2027-05-24,0,0,0,0,91398799130
2027-05-25,0,0,0,0,91398799130
2027-05-26,0,0,0,0,91398799130
2027-05-27,0,0,0,0,91398799130
2027-05-28,0,0,0,0,91398799130
2027-05-29,0,0,0,0,91398799130
2027-05-30,0,0,0,0,91398799130
2027-05-31,0,0,0,0,91398799130
2027-06-01,0,0,0,0,91398799130
2027-06-02,0,0,0,0,91398799130
2027-06-03,0,0,0,0,91398799130
2027-06-04,0,0,0,0,91398799130
2027-06-05,0,0,0,0,91398799130
2027-06-06,0,0,0,0,91398799130
2027-06-07,0,0,0,0,91398799130
2027-06-08,0,0,0,0,91398799130
2027-06-09,0,0,0,0,91398799130
2027-06-10,0,0,0,0,91398799130
2027-06-11,0,0,0,0,91398799130
2027-06-12,0,0,0,0,91398799130
2027-06-13,0,0,0,0,91398799130
2027-06-14,0,0,0,0,91398799130
2027-06-15,0,0,0,0,91398799130
2027-06-16,0,0,0,0,91398799130
2027-06-17,0,0,0,0,91398799130
2027-06-18,0,0,0,0,91398799130
2027-06-19,0,0,0,0,91398799130
2027-06-20,0,0,0,0,91398799130
2027-06-21,0,0,0,0,91398799130
2027-06-22,0,0,0,0,91398799130
2027-06-23,0,0,0,0,91398799130
2027-06-24,0,0,0,0,91398799130
2027-06-25,0,0,0,0,91398799130
2027-06-26,0,0,0,0,91398799130
2027-06-27,0,0,0,0,91398799130
2027-06-28,0,0,0,0,91398799130
2027-06-29,0,0,0,0,91398799130
2027-06-30,0,0,0,0,91398799130
2027-07-01,0,0,0,0,91398799130
2027-07-02,0,0,0,0,91398799130
2027-07-03,0,0,0,0,91398799130
2027-07-04,0,0,0,0,91398799130
2027-07-05,0,0,0,0,91398799130
2027-07-06,0,0,0,0,91398799130
2027-07-07,0,0,0,0,91398799130
2027-07-08,0,0,0,0,91398799130
2027-07-09,0,0,0,0,91398799130
2027-07-10,0,0,0,0,91398799130
2027-07-11,0,0,0,0,91398799130
2027-07-12,0,0,0,0,91398799130
2027-07-13,0,0,0,0,91398799130
2027-07-14,0,0,0,0,91398799130
2027-07-15,0,0,0,0,91398799130
2027-07-16,0,0,0,0,91398799130
2027-07-17,0,0,0,0,91398799130
2027-07-18,0,0,0,0,91398799130
2027-07-19,0,0,0,0,91398799130
2027-07-20,0,0,0,0,91398799130
2027-07-21,0,0,0,0,91398799130